id,openness,conscientiousness,extraversion,agreeableness,neuroticism,overall_personality,interview_score,answer_score,speaking_skills,confidence_score,facial_expression,overall_performance
0001,-0.6530864781430419,-0.048687523913822875,-0.6910341478792781,-0.29282249998209187,0.18964227851407364,-0.028877340581066883,-0.92274277989017,-0.802644548060768,-0.7690474351952603,-0.36181698330407713,-0.8165911595299759,-0.4563523865757841
0002,-0.0073902935550767225,0.12842621708578894,-0.12483160840343616,-0.1498892743217474,0.0877688440179755,-0.06422370136864729,-0.17357033576706296,-0.13235217519956055,-0.5616886738698287,-0.17404397607660577,-0.30426276309578476,-0.19331883341437514
0003,0.2213448878846195,0.2806193255432059,0.24607609841092415,0.3794581980095758,-0.1870374411516879,0.599916485133819,0.18402416569948582,0.22340087073466341,0.22332762915594515,0.6002576926323405,0.26848494034777287,0.26224633076855963
0004,1.1767971032442834,0.7636678564602318,1.3091526061084648,1.3054357082932653,-0.17964072053942753,1.2781616332358336,1.5517729494212127,1.1612516653780942,1.648814752758317,1.2891050550222187,1.5099837098200766,1.3386164564153384
0005,-0.8036826407285333,-0.5486802027657621,-0.7770846040444253,-0.7483718494899676,0.01825914574314544,-0.6054649777206363,-1.0287432822708575,-0.9441246499453174,-1.2117013709026119,-0.5465329398421798,-0.6145273434955835,-0.9057525676825945
0006,-0.6133423079464416,0.06349719105317665,-0.4441108758777544,-0.03302581802940408,0.08782102910126684,-0.02884093420810462,-0.6577174707577405,-0.44588779541068263,-0.33107370089478366,-0.2186104030406248,-0.32677907047190835,-0.06878855201969984
0007,-0.18956153129020661,0.22626972703900575,0.2136620523330668,0.12911644908756614,-0.13862368446954673,0.48675071583622603,0.03453104005653986,0.2119230587489558,-0.24033972992891034,0.1315708712483124,-0.03648012626495576,0.06346869051620624
0008,0.41070312415428545,0.2949956406901272,0.21945135668457527,0.1049231004094873,-0.03949233297810295,0.43153262997259934,0.4192596588087742,0.013731150304622868,0.13586716712049146,0.35517799609943357,0.07661373241718832,0.5187434377572815
0009,0.07387047555714492,0.5638558634923633,-0.23623007873945,0.05906934813872839,0.15140564119416638,0.25707204400370826,0.31859421932154214,0.13323246922788476,0.25128363576134366,-0.0427114126380985,0.322955134472812,0.12133559916599099
0010,-0.6704405720858463,-0.11430013450264062,-0.5449953008344482,-0.8170376630644434,0.31287909238483735,-0.220743221784232,-0.8355197078581368,-0.7100871209015177,-1.049752057082127,-0.8123672717766712,-0.8542165780060335,-0.5464009382273862
0011,-0.9063845308551536,-0.23400948775104546,-1.0216534056613904,-0.7073958659763278,0.05723612848823763,-0.5009729197625113,-1.161839957846355,-0.7995673411951348,-1.1721462828279157,-0.883970593819197,-0.9235321851221355,-0.7402300227228235
0012,0.43641086740637713,0.1314909809289666,0.29340242564407915,0.09569439202658778,0.0029033610008928593,0.40529178402925087,0.45151287747797053,0.029155070387946177,0.2397170595980492,0.07850782499686335,0.053050810122104185,0.1509549739606402
0013,-0.4575093825043989,-0.10914267085611011,-0.1251623721772064,-0.38741846652796774,0.24527688634205952,-0.10973401765280812,-0.7053078694584898,-0.4444293462749718,-0.8024905243613014,-0.21035851519620577,-0.5211214293665443,-0.2564366232774141
0014,0.9109571112707057,0.7470177467845134,1.0631371465259887,1.042394547731656,-0.1586551547217206,1.0819625888419335,0.8592382308596608,0.8390659952165254,0.9086731258821096,1.1584026433794057,0.7845964575560535,1.391400471294505
0015,-0.28541424391936765,0.3084417873457654,-0.577709378262252,-0.36535550146421214,0.2970223768865707,-0.4659206105619557,-0.4680520219759708,-0.46970408408639047,-0.4055678726022333,-0.5828641208522286,-0.40457127836982726,-0.3352353174417973
0016,0.8080277917377212,0.48301550183268566,1.0785147397267776,0.762522639378509,-0.8001615795876432,0.9747889249775821,0.9665269538395199,0.8033334407918941,0.7891544952947599,0.9785712900040284,0.7607618626171351,1.142830245142829
0017,-0.5494727483168281,-0.050723472201903805,-0.16867260798245784,-0.47462597096797526,-0.08844827589656304,-0.4383630100539577,-0.7174211559254551,-0.7048678265870417,-1.0398407766914044,-0.19766773161672715,-0.6084269059147611,-0.5436934419668287
0018,0.11422169999589823,0.441334275243521,0.2140560544849508,0.7241067722240829,-0.034651578412399665,0.6827982856756659,0.5819002582730504,0.5734928657869074,0.1977817654276546,0.47371329258368505,0.43356912860539387,0.43078621592755484
0019,-0.6357978388589648,-0.28908034002706634,-0.4864429772628979,-0.53306506771593,0.05384254554226142,-0.43711191773620095,-0.5985220227516209,-0.6992979065384358,-1.0995041394048763,-0.33124951080362275,-0.8685798705690231,-0.44723123745836907
0020,0.28247557740501017,0.32699265733665095,0.05309382020863797,0.1399209008847954,-0.14866169192451675,0.2362136640429415,0.24154402337318773,0.21354744850200974,-0.0638684885572615,0.3430032235649485,0.01126770109736922,0.25533018280510433
0021,0.022899302068424467,0.21168677127251806,0.34071264653604916,0.4950439520808147,-0.3362970430058107,0.5748738327935985,0.1603379511629997,0.09938207837206092,0.20311495040505373,0.3288262956902528,0.1044754206594482,0.3887572567179287
0022,-1.467442322154117,-0.925691379065236,-1.228970562907433,-1.1891004455640635,0.17087470926121048,-1.319831036702088,-1.201632816911593,-1.1297822196265879,-1.0295896317649411,-1.258742595146186,-1.199806852968462,-1.379319779434387
0023,-0.04289481794262811,0.38266049163698307,-0.07590584980658178,-0.08225471061948694,0.25806900253627235,0.13972043620925048,-0.10057786875835044,-0.27817868210684676,-0.10755280820835433,-0.049348736295633806,-0.09100985548657671,-0.2439837953293982
0024,0.7963643290489768,0.9077063670023646,0.8218475523444508,0.9893623809784662,-0.16955723198625305,1.687406780761373,1.219667063000902,1.1058074209177724,0.9145071715435923,1.0521409867192297,0.7896147372605441,1.3688643008833796
0025,0.48202610335819446,0.3990322768144183,0.21507978332791844,0.5983796017587406,-0.23709327960949755,0.6255431351438318,0.36545116574184977,0.40661416841378395,0.37594715999874034,0.48385409807496477,0.27779731092371157,0.4971056885752126
0026,-0.5416556178534402,-0.5047245636995492,-0.4463693301081551,-0.19949468965432676,0.12162078078013094,-0.25923593578040316,-0.63468063051982,-0.4525866719903812,-0.6645537755309748,-0.3967029357004021,-0.5513103369560335,-0.7450784568181533
0027,0.11581998900954633,-0.08936689020049603,0.287872572415523,0.047164573673122025,0.24601471814385714,0.022578766789402738,-0.18440480837609835,-0.17181135535175854,-0.25369624612083885,0.028921826546069385,0.12403512552836142,-0.15451012259741528
0028,0.3955632532027879,0.2421686308953653,0.14919695676783354,0.4243593375467298,-0.0166370201892263,0.2747285955410097,0.18518174950439645,0.19989597963603295,0.025809644184813085,0.20718230416528585,-0.10233234974668153,0.28493865273725744
0029,0.863730636195499,0.6500252795649848,0.874953364881394,0.7094824627549402,-0.16407462628455016,1.3711436304004438,1.2031396920859472,0.7021115754331578,0.8136375095114341,1.04076659097744,0.7907128754595664,1.0197698835288258
0030,-0.984332196989771,-0.8679803006214121,-0.971040660930076,-0.8535759483386678,0.23483711650883668,-1.0009761488985398,-1.141533468203016,-0.9648238087498202,-1.465710274834664,-0.7490946492582156,-1.0736227605978397,-0.9668453450979687
0031,-0.3996379083480548,-0.17609523913070702,-0.4421323752260598,-0.5107757658616198,-0.07177458267527281,-0.27314136383658694,-0.45953284516235315,-0.6077127454867483,-0.5786722590956033,-0.6140466638068562,-0.559807062859967,-0.7250117098011557
0032,0.8259452566866399,0.6286924362936,0.8307173151331536,1.2837377841503574,0.15111375085255543,1.3706595972500761,1.231545161834464,0.9323218138095308,1.2318017509940185,1.2126610020254944,1.0634790544821684,1.242304743828098
0033,-1.243929737070582,-0.6978730712954501,-1.007277208479969,-0.5073058576098552,0.33099623947095025,-0.8584997884259608,-1.2766525628349799,-1.2004713908008864,-1.5310423017553643,-0.9420312485779654,-1.4622728207545634,-0.8912209598897284
0034,-0.49800812628723906,-0.05861482312179098,-0.32627737351767794,-0.44363911706638987,-0.01741004721736194,-0.32026781365069523,-0.3908434666857904,-0.4152358335945177,-0.4785709399190202,-0.35454594812353335,-0.41012788303103875,-0.5536552338723565
0035,0.24825511133411998,0.4175109126125541,-0.4668996793551683,-0.02636741594609858,0.12094057773210891,0.1658116584375521,0.04331633250958756,0.1843787910562787,-0.07869523189603,-0.024341939044977057,0.13378794896403265,0.22056912536075154
0036,-0.028243688450792417,0.26567477087444985,0.1863073610971758,0.14040685106454198,-0.017382129946033796,0.2457445498114134,-0.29822696878520233,-0.21817343121865096,-0.2734612258211016,0.2579261973530043,-0.2246606435718858,0.12304884229552575
0037,0.12627298048306848,0.3155894408125502,0.34132349116561445,0.34993916132673786,-0.056657121719765516,0.6265250686343565,0.22836250290618543,0.09657798038784232,0.28068598356325375,0.3314341911977815,-0.19174248352319018,0.3482546401576395
0038,-0.7137930125683907,-0.2029934674651663,-0.48399784478664426,0.05917288572839443,0.23033821680825156,-0.23863035848085756,-0.5251100756620145,-0.7472430343048657,-0.6829138171894275,-0.34417373962580605,-0.640577800164898,-0.5185291868681149
0039,-0.6116926246371486,-0.5208925800763997,-0.09524163244933996,-0.49178450317152644,0.09068555635825928,-0.3462585997198669,-0.7079747232665335,-0.3598983660414526,-0.6537661328591957,-0.14119496238440504,-0.804099585576949,-0.4341260911053143
0040,0.2753690708520386,0.32781921531755087,0.2182077393892151,0.7914519048025549,-0.07206339456399169,0.7627053523047219,0.6373974351261377,0.6736713454045219,0.5518327521909401,0.7580020859753414,0.2831854960095982,0.867006847167567
0041,-1.2629779094757891,-1.0935468507789925,-1.795343475643632,-1.595038760819367,0.39353301292643544,-1.4374608455186006,-1.5382610680641824,-1.3198108630155192,-1.4857138348384136,-1.574666739251802,-1.2582765002607708,-1.6041198829700851
0042,0.16682020404916975,0.20862284120275734,-0.06550827556396686,0.22716531248005312,-0.3784992645898411,0.21896147772943672,0.13440676345950742,-0.17776648155459734,0.29218120224308075,0.0653772684925994,-0.053781037583981145,-0.0011229379265994856
0043,-1.3869794340978505,-1.1016753976352256,-1.1322976233878739,-1.1611575821597437,0.2896975310604948,-1.087088924324013,-1.05559485060052,-1.209237573526074,-1.5685848374859481,-1.1493261100627663,-1.2227428121824993,-1.0953328065494412
0044,-1.1068545515111852,-0.5969510546080384,-1.1351238717355494,-0.6343689432706067,0.28884310383073153,-0.8133548895561572,-0.7320313064555792,-0.7833799601395222,-1.005369585639472,-1.0421527113488913,-0.9827351475656899,-0.9425042758208588
0045,-0.00895030192399679,0.3267004992942425,0.06980920162698386,0.5733315828762007,-0.3250299122943099,0.5878034186828103,0.5105902210436248,0.4902216789824028,0.403114516228575,0.7884333986101443,0.44172337676212287,0.5394592468537928
0046,1.2297181360126526,0.9085754472809096,0.6756431458621279,1.0296056382113832,-0.031944421022678464,1.669569515235921,1.1171870633341991,1.3371456706809164,1.216358299336172,0.9410617271575816,1.4753398028904472,1.7153153633063074
0047,0.4977606205469309,0.7388526252950255,-0.08412213242506461,0.1080726001582925,0.2332156224971861,0.45390479277815576,0.3964760478535036,0.4980769713252363,0.5815039763349913,0.11728477041474683,0.49397631846256473,0.5424583087956181
0048,-0.20876949218810595,0.12721885569426128,-0.7202741162379814,-0.11588000729620368,0.2883708902989365,-0.2422187659305221,-0.48422919177873003,-0.3392060133296789,-0.3856016713767529,-0.36432723575950743,-0.24672427110178552,-0.5087424246413876
0049,-0.4272999521330586,-0.2886108119343326,-0.13711242652395558,-0.34155112823640815,0.24452127442535004,-0.3786433461094727,-0.4341964408908019,-0.533639492821049,-0.4995225599874334,-0.5943930941328414,-0.2857700454056681,-0.5376498954308069
0050,-1.6470180172996274,-1.0517259451611654,-1.5826143883634867,-1.1952834676807484,0.23915199303442503,-1.183110490662278,-1.6154519990933356,-1.4020690483564746,-1.7770027002257214,-1.326148844817277,-1.3993037147272362,-1.3740525197832973
0051,1.0438106288948665,0.5232293132191395,0.6205357440085181,0.27456759636816197,-0.07373494670909521,0.691322063102647,0.4765178650380358,0.4329766844873185,0.359162622718632,0.7766162291253784,0.4114661571015673,0.741708151489619
0052,0.3610426700023846,0.23173942259473862,0.5746948724920922,0.7566695588972248,-0.39396496576837775,0.7103914691735589,0.5541674985083227,0.5084138593889626,0.6312488259247734,0.6268490394629357,0.41219518253441656,0.48118784167604295
0053,0.4561717257436862,0.38174723891267115,0.08602567836344584,0.34989894084203543,0.4078289236508118,0.32616677274444805,0.3479337176984887,0.18238830059897726,0.3130127831757619,0.11107175664463342,0.36049493001745636,0.3856798032228077
0054,1.2754009462556033,1.1282671875324153,1.0859986497740122,1.39251138436222,-0.6218640880443418,1.6525719535190142,1.6040706195333292,1.4701036002898031,1.4225316184220784,1.3822267484788084,1.333287424937875,1.4512889474207329
0055,0.015093665797941937,0.09162336034604955,-0.39374130683439396,-0.2933022357986321,0.3052604864195306,-0.14373896868347752,-0.21296307235372897,-0.15000395474237121,-0.22834196224256698,-0.1791844678855771,-0.4028208556490713,-0.12204996169676169
0056,-0.40466166041948165,-0.11483158181487726,-0.4545645832142734,-0.32210053709938363,0.05999100420045703,-0.23546740231338767,-0.8160148649121033,-0.23552773030398275,-0.43102868065950506,-0.41972601530836784,-0.5174841409128362,-0.5628162455044267
0057,-0.46125953518314666,-0.06461803499784109,-0.23218233673499628,-0.7050962040805444,0.6834464908159983,-0.43586519449372363,-0.4997150474441617,-0.6481601589057964,-0.5761046182850804,-0.6818338154758804,-0.705373858530675,-0.5883884898312397
0058,-0.6005974356041162,-0.33996086009220855,-0.9984608762722251,-0.5854472945729078,0.31985678472693513,-0.7827297921810001,-0.7350402175916816,-0.8215703796699937,-0.8831217785592742,-1.0827814697198597,-0.937952283307369,-0.9111501644907605
0059,-1.080565205162187,-0.73971980577812,-0.8250649827975569,-0.5580882053691357,0.1879765250194275,-0.7488122006603631,-0.9826343844143512,-0.9056283734591266,-1.0921512075498385,-0.8313952314662262,-0.8448563464641358,-0.9086157561444873
0060,0.3758182498369699,0.32502016984686405,0.7220106424139728,0.2905274060348741,-0.29875366528421593,0.4861716164059054,0.4809448623547944,0.38411021824616554,0.573948597834876,0.5265655370131146,0.4093289050283521,0.38251478106358755
0061,-0.01709165179642119,0.20079676361054705,0.06422971206862466,0.17132642125380323,-0.49132186255291826,0.36294502831334163,0.11532400543651379,-0.020367541762412355,0.06425150569128958,0.2485327370606847,-0.018412337157092583,0.14796592524262075
0062,-0.09034680432690405,0.09436231130767951,-0.5458595835624681,-0.08578456784878437,0.03958150352681323,0.14794227173861185,0.07076873412590594,-0.058671324054130475,-0.1046514074994655,-0.3426930837583709,-0.19784495242608666,0.06580472228832618
0063,0.7419183856195634,0.7411879253754136,0.4878819435203301,0.7179212282475727,-0.14412831455610686,0.6404702730010022,0.9069531981093648,0.5859792538635903,0.6493135827238169,0.5497021725445331,0.741693028278779,0.7913759602807919
0064,-0.07909281871383232,-0.10981568573292916,0.11122985873070639,0.09058437881371934,0.2256948590989291,-0.15215154921083962,-0.2595995613242858,0.11177290117186951,-0.038820575829957536,0.03547104801540544,0.0469746961694825,-0.0301616536533259
0065,-0.4452926578280144,-0.17253204350112775,-0.4688006656844368,-0.4033614468216143,0.11826688185049583,-0.25414360223708204,-0.45919187688049184,-0.28262838937325724,-0.3091021162844884,-0.26282513760156945,-0.32987003916589397,-0.43209542028519493
0066,0.09891318872416982,-0.01129040743653814,-0.07526631753343699,0.14604415695580236,0.2937009111709454,0.1147167396091546,-0.022048992320309827,-0.04119491973303164,0.20027489517265587,0.040036689919019645,0.09738372607932112,-0.06894951582277888
0067,-0.2710150258322643,-0.14448502323618492,-0.3634569839569774,-0.16852239756475262,0.1734462558727276,-0.362626817343746,-0.32430320827011244,-0.49915060676993667,-0.42132231929349473,-0.11834096640835055,-0.23376384986334783,-0.34118035206614905
0068,0.3985153097498812,0.5092880846751776,0.3601803509208455,0.45111972789470306,-0.5555892113656704,0.7120076301211233,0.581018366301008,0.49757039828840555,0.6917258145196974,0.7751481346071697,0.4351398970327459,0.3469229288316107
0069,-1.274059012820864,-0.8460924874705379,-1.9654090764889607,-1.216308863023343,-0.081791222042947,-1.0556984487567387,-1.2713082084909608,-0.9652570192340973,-1.5497874786154484,-1.1060869042650643,-1.5146359065185453,-1.0260332826807321
0070,-0.251538392329092,-0.4268714798619848,-0.09794197367248471,-0.2370155901586817,-0.001313177522585699,-0.3713841712333828,-0.49267809862832135,-0.5371172621271808,-0.5541072111779453,-0.4256971827074503,-0.3218175699334931,-0.3430622988568454
0071,0.4301286001127331,0.33568416217625147,0.6611994261323879,0.2539658613126017,-0.12731276137136405,0.6040793332412399,0.4476304438356747,0.4900526088979645,0.8048085789217607,0.6625319752027135,0.8043253738482476,0.6146148632411093
0072,0.5492745174689115,0.5185027103337083,0.9359328258715909,1.0990115113076997,-0.532877510862466,0.9557693449420309,0.7462566062682198,1.0502096826935599,0.8923549896049087,0.7705134964389962,1.0816746534358552,0.7885406768685511
0073,-1.4084975615769952,-1.071516873681755,-1.398559093350013,-1.2294689241558752,0.3517833437144262,-1.1802611798437677,-1.3824347316865824,-1.3658649238774518,-1.2882888725163495,-0.8929172667652335,-1.425238702996427,-1.300176365919883
0074,0.30788720480256904,0.22232192374312915,0.14722596454235146,0.2046694925560354,0.10825185978638675,0.24516607297265686,0.20107956974452026,0.05863086625157521,0.3218415136712122,-0.0061320038890270556,0.2425943955723213,0.1153270696492309
0075,0.2408212107793585,0.1329687884866279,0.25162502998901876,0.15821489892757767,0.0845706887061626,0.2540437986823284,0.13774133098350724,0.19055880123497518,0.37487984686397424,0.021911190434972763,0.4234653213205069,0.14836100086348025
0076,0.5481121441457041,0.3010337447127516,0.6929029858518524,0.35862311620753307,-0.6844482278564151,0.5512228244088047,0.6771773753391416,0.4778689084675099,0.6781460704372142,0.7599273386465267,0.7075953373740234,0.7226724483182382
0077,0.19800914867254266,0.078703507833235,0.14800760552603331,-0.020797557558970874,-0.25293478763763777,0.14019952588087123,0.2848109664368529,0.3668727567387855,0.09752388518497969,0.25483996629914724,0.042526889099742074,0.35606706512138886
0078,-0.2587435282324582,-0.19514866544461082,-0.32956274458071466,-0.167310646284271,0.26649510158489836,-0.539342347977226,-0.27337450295905463,-0.17849858819451533,-0.3484051890785789,-0.4268674394767972,-0.3109940452621681,-0.2936625872137242
0079,-1.1509200773150998,-0.8436563633169245,-1.0068058109093114,-1.038264182359407,0.2619390163286423,-1.310580893961958,-1.0969571968966085,-1.3428887488523462,-1.2818269130884572,-1.0655297307168772,-1.2860404329612474,-0.9033758652735171
0080,0.39130443584981606,0.3366247514818191,0.10940838353159439,0.31455254434247126,0.16030272630426576,0.5798671021077442,0.36113055127122173,0.5608497982874415,0.22824815554982075,0.19983863371264007,0.31609509907837036,0.5928924759774987
0081,-0.4129087052365817,-0.12546197243353266,-0.3372569705948882,-0.4030288246238559,0.15328797915256995,-0.31155758038965625,-0.5209410942877412,-0.6882312070420606,-0.45893513584496565,-0.42074041565149944,-0.522790965882456,-0.6303968977712787
0082,0.09354709297624139,0.11388302961042245,-0.2067738280494528,0.017063548789623274,0.21144114941039652,0.003858116619808904,-0.15778053737995865,0.11587366992188293,0.1827782622359199,-0.13420109463720153,-0.1538569776539845,0.058580628884233515
0083,0.7690364130565053,0.526747362131972,0.3826002117217467,0.5270770751356298,-0.04399029663103738,0.587165436325683,0.6534103802474066,0.6014550799088688,0.40416493010502613,0.5793915358889995,0.5213021994490973,0.5401343681426405
0084,-0.9899422889327077,-1.261348613065066,-1.3755946137817554,-0.9890524110456193,0.0944041400244109,-1.2782046430491592,-1.3005765622911194,-1.3438780396396692,-1.295973090411277,-1.1392744052301105,-1.582490544108246,-0.9939340141496676
0085,0.12952061056803826,0.04466822296291369,0.04728351751088255,0.06067910528919339,-0.021211718042243775,0.2320352563782078,0.2788640038355939,0.22732164929408483,0.06819927960648454,0.228664883228742,0.32106464439649823,0.4186154208347791
0086,0.536121432235457,0.45572332694225637,1.0610845111995744,0.9275546357578729,-0.30877341381300477,0.8083860517051332,0.9167038133372757,0.7049283130336119,0.6720654247233466,0.9566016239944048,0.8747376118094294,0.9080770052423648
0087,0.09540628384839339,0.18793735049715768,0.096237169068053,0.06872998554032318,-0.2427490549364829,0.14792181405927973,0.1536356645911038,0.08476051257558358,0.0671845548873776,0.06417104027633382,0.07343679081871736,0.047162407081890144
0088,-1.1187518235207206,-0.7914463016346017,-1.1838457924725865,-0.6684471480904708,0.06374516724440851,-0.8201700760823779,-1.1694794490584957,-1.1144656994241346,-1.1655690123992124,-0.8857843558984956,-0.954997813564141,-0.7751522031723186
0089,-1.377594772318747,-1.246686882225692,-1.0148992984149445,-0.8155965008448387,0.20766292097302852,-1.2953810947615219,-1.3826390430332192,-1.1331611966867188,-1.6040531712657327,-1.1796728068205875,-1.1325000751177008,-1.4423269250659836
0090,0.43957979747611337,-0.007988759924574733,0.23262942079353363,0.12076520854463284,-0.2916103922801087,0.27014636748561505,0.3035917846906411,0.3690009332767664,0.03695381928392592,0.04422829378989481,0.4151247152772365,0.14970877831976287
0091,-0.5794894062526591,-0.4115446258788061,-1.1610249815419107,-0.6044024670976463,0.18900716626189984,-0.6202385455608899,-0.6995641947583566,-0.7977702142155337,-0.8081190186341073,-0.6836949101824369,-0.685420891058437,-0.8430741987912385
0092,-0.24596688302778938,-0.018466993084754742,-0.24183615709659778,-0.1817224509503177,-0.04391703880865972,-0.075076992963815,-0.23699655756018773,-0.3912337914143206,-0.18483770764796276,0.05879053197110329,-0.24244338838862123,-0.11939746583068812
0093,-0.661631656595835,-0.21690419831874827,-0.3850370014213595,-0.6563528980193724,0.12275323943991573,-0.7475873918852195,-0.5706300456700902,-0.4774457862845938,-0.4960147548333708,-0.8618610340195246,-0.5737904289344272,-0.5712864429241744
0094,0.3321639972485254,0.20563036901878667,0.01328056933661712,0.5387363759526601,0.13289405096481055,0.2967876082174313,-0.012410709445444434,0.36198785390685323,0.28767198330303917,0.252106875054156,-0.04834383062978,0.15226858770876645
0095,0.830679596039634,0.6630914017419859,0.7877478263447868,0.4030279604635912,-0.19872297280168677,0.5266981865857184,0.6070676826775544,0.38066804543920546,0.6086853680558277,0.4266922430793706,0.6080715021627737,0.7836251684253218
0096,-0.5849020186248959,-0.3664533097587314,-0.684790247367947,-0.6426985570130052,0.2332154513504902,-0.4122073380250091,-0.6624784007136987,-0.42871659461369216,-0.6714509932466126,-0.45289408788126073,-0.6165201230874514,-0.7667120535086831
0097,-0.040060487105691725,-0.07875033740587961,-0.028844346013178677,-0.13166480906416403,0.14625132316934406,-0.08903112725615016,-0.20784962814804797,0.2761601353812236,0.0576380549496244,0.04296185657850901,-0.0989596814919622,-0.00034848534418929186
0098,-0.13040085356984438,-0.13417500261032478,-0.17649851546872716,-0.8277693892033979,0.13532671703651747,-0.5350255179710206,-0.5859650160418208,-0.4567518297005994,-0.18540150864965604,-0.6154263026497873,-0.4725275427425796,-0.7107032353578872
0099,-0.15147069052485573,-0.2916030203521386,-0.24508908589629017,-0.20466912123715433,0.10768843891225202,-0.1700462604970084,0.055137470851881185,-0.328594552945003,-0.04322673167984182,-0.2180567925899615,-0.1278218398799034,-0.18366481357203665
0100,-0.9666522416972502,-0.9065119078787053,-1.2393776624644313,-0.9930348203555915,0.3431735635643375,-0.8352410242198182,-1.1129772950888601,-0.7918530837788488,-1.186074692620608,-0.9053121985493651,-1.170975670094616,-0.7987687463223672
0101,0.2328092479665133,0.18826326453846576,0.5426090365287812,0.17539250598264622,-0.02153266137733949,0.1925015376913218,0.22617829778220033,0.1277428770425324,0.29089937353843304,0.12695014486444384,0.23276963158645606,0.03986900369610647
0102,-0.8519684261319384,-0.8296749247457976,-0.27087266415793976,-0.7344824595629343,0.18508386695595663,-0.8275926474519579,-0.9885490114790446,-0.8225206038168514,-1.0059848893474812,-0.5789444940652733,-0.9329454952251258,-0.5814993841546017
0103,0.3955530067222979,0.007339507430409264,0.1654380022323588,0.29630358329419554,0.10626900106670333,0.3267195457317976,0.18968611878722705,-0.0005635290215692748,0.299856873146807,0.37426771105777823,0.03670378664354992,0.37379514348342113
0104,-0.3253761237848547,-0.3912169165930396,-0.4708550696296644,-0.19283633003022735,0.13045895233700197,-0.3365302837838168,-0.3248635708327201,-0.2492882993974719,-0.18178270907137306,-0.2476718576432537,-0.39556654138413777,-0.1864578945014912
0105,0.8471135971377038,0.47058570941006583,1.0737800016935806,0.9664227425764601,-0.590814229839053,0.9546233947570266,1.2446674729509073,1.1341041288864657,1.0293025369446585,1.0149952354163807,1.0670298816808728,1.0648274507661566
0106,0.006374516270376968,0.05265685786219104,-0.07093605590389399,-0.06069960205743261,-0.09278449869640822,0.04233944341709938,-0.07565371156296248,0.12415168562020344,0.11626075624400523,0.1825725539873653,-0.4056670613331303,-0.02255502216864585
0107,-0.12941230729189512,0.36546052985408456,-0.16610480146867151,-0.5195089068967952,0.39826885136788404,-0.2950084655236247,-0.1360530116140346,-0.19455221021581537,-0.36595783573054713,-0.32125180503805434,-0.5141885963807327,-0.15441711625411453
0108,-0.5731330875714389,-0.6884380047730837,-0.34990304205941153,-0.5742765019719585,0.284549870858972,-0.9642344558847343,-0.5855788516528376,-0.7408504861224989,-0.5404233200531008,-0.5527184690811769,-0.3905200488885858,-0.7331274002819197
0109,0.07322115179722168,0.18044217367935197,0.36480648293276285,0.4727225489787857,-0.10551171034840602,0.30495374686387255,0.3736123015554015,0.09437894112516698,0.04964708569413938,0.12725339534234556,0.23937018504678453,0.18574525691945
0110,0.2449507148654297,0.2005110874818336,0.44192784088350257,0.41475342156596623,-0.1004938917803766,0.2754990994228849,0.24166799329729272,0.3398439220557325,0.3360368547603906,0.14805841605043202,0.3355562497669388,0.33048145866367995
0111,0.18834620636766664,0.13395013712374085,0.40267691356708224,0.12675193754521577,-0.24868076181989063,0.18504175312183674,0.012380972776031018,0.26572509226587204,0.05468927006924283,0.22173355621200402,0.28259785454342873,0.23186610011956277
0112,-0.3107182761640305,-0.027336068834883077,-0.0015760839772272419,-0.36656906723341265,0.3990433232570875,-0.2237057245686697,-0.08355202892890365,-0.16053487449672144,-0.27495711887737134,0.02560237230407907,-0.4211237505554083,-0.3433039146435073
0113,-0.7315125106544754,-0.409367225633917,-0.6298863250364217,-0.7377575656557807,0.2317351165814194,-0.8590451784060035,-0.4295101008927473,-0.3013857326373231,-0.5656316982381031,-0.6234869727319878,-0.6028293949548508,-0.4871920783274087
0114,0.5359148049843251,0.5090778782929866,0.43330983759350156,0.424820722564362,-0.30611791061667404,0.5517484195575453,0.2558943653033712,0.5529360030412986,0.2810255429384246,0.3889478331557962,0.28287336833880616,0.4404505603135886
0115,-0.45857601792841957,-0.3665732363502257,-0.3366491863615619,-0.6696952909724613,0.31601095691539804,-0.5740710630137524,-0.31918340646099436,-0.45772249747144456,-0.39998195232278183,-0.3147193590487656,-0.2625431350919289,-0.2880161362570982
0116,0.10204747443837509,0.4657873225879427,-0.1715889848326841,0.10418822935827894,-0.18494877688947103,0.20574954018028252,-0.0725562012849721,0.34487911330752197,0.017132679260801923,0.0357282460533509,-0.18079499073304736,0.252934731876234
0117,0.12701540235624717,-0.02195629159428349,0.4273981876678598,-0.12220455820118822,-0.020941913944368923,0.12133848377102124,-0.17532837727634,0.05715904070092517,-0.08423692167289588,0.1503326292329868,-0.0021968189155695764,0.053715716915626995
0118,0.5914141385792231,0.30825657701228215,0.2819232451065551,0.7182304763251274,-0.2096406681567546,0.5381225811031255,0.42753256075437945,0.5742480052202753,0.6075660147977581,0.5044476847108368,0.7747133292485014,0.6817358589608737
0119,0.26462591777976896,-0.37168685063989765,0.27236081866882267,-0.30385243351042934,0.1321469697032178,-0.20374954325439054,0.062039145684830634,-0.12376700182853904,0.2879816950398882,0.021591196091511066,0.07602155469281235,-0.10977799050851901
0120,0.036363246975214016,0.15208162166997674,-0.23882766939235336,0.1296994141149209,0.5917179675457285,-0.17757523036147643,0.1833355540460383,0.009340366721117209,0.2402989128201622,0.06387581857303261,0.1294592971268693,0.3074970656617019
0121,1.0678173779875932,0.1531842895585359,1.0415384008462918,0.6713650024820171,-0.3835139519273872,0.638280269572175,0.9488113106914547,0.7392699762685844,0.8670775753812393,0.9176358257353698,0.8894614446909864,0.9722873278509013
0122,-0.8427530733654677,-0.21722960398341273,-0.7751681771945989,-0.43762443097844084,0.412826410258392,-0.6921503679625779,-0.5388529709442443,-0.6023515338783445,-0.6650959276924793,-0.6874774121070966,-0.6271585307337071,-0.6972811991040669
0123,1.1165195701291422,0.6306652079232797,0.9130442500963677,1.1183645050440671,0.1547242793031572,1.1657994820767277,1.3217839860948395,1.1745300785166846,1.2877712398695627,0.6734513283851189,0.9872305976785037,0.9366366164059756
0124,0.5246939706218061,0.29428101759655206,0.19645128276569887,0.4254208777575043,0.2663831675047085,0.3657943807083442,0.42859550637911564,0.28755745675260336,0.4915244761331961,0.02509760490892014,0.3446948499828196,0.26321034587992415
0125,0.2395397925380846,0.39418653841451223,0.28972777551361006,0.5414652291203925,-0.04540994210128598,0.5389748129782176,0.2922159362663128,0.4868965198068956,0.3473994916329065,0.11635028841324681,0.5309704305148681,0.5795410937928528
0126,-0.37337381748019194,0.19691026682619925,-0.2962592671900424,-0.3176713228979642,-0.20634315157558997,-0.22037794161504742,-0.35311500556261677,-0.6088743033522561,-0.3266194029657597,-0.20034549835517965,-0.37236904314355895,-0.2499214145884929
0127,1.2140492550226776,1.0660750243535777,0.9573681854190472,1.3259230891034797,-0.2195395865430296,1.3792122259470405,1.7525350103132886,1.24243591541985,1.5255945865887803,1.0811369094484806,1.454249813089139,1.1334091540988633
0128,1.4138422416282874,1.2665018661756773,1.122342290289134,1.5028790612826186,-0.17875640936927753,1.683909760653947,1.6504161955311027,1.4744242296378367,1.376886975620376,1.4674027699329066,1.4882163834853104,1.3470819649835089
0129,0.4957513650288987,-0.13212334619933339,0.11317286653485438,0.22385640342823826,-0.06885333155318102,0.09216356205420105,0.45946619582730436,0.3145212020972772,0.35377160393901697,0.26416127650164856,0.24459683458803871,0.2837660206680266
0130,0.38097137747865584,-0.0860275376838423,0.45570504750734403,0.019122176420644586,-0.1683226083690024,-0.017069067599820655,0.34027605273225264,0.29289689018417553,0.4805391734120352,0.1748922314590918,0.32762201161773596,-0.11305703861374179
0131,-0.04792093184362738,-0.10981241423812396,0.13284786931341958,-0.340724479084825,-0.22455275334335015,-0.23397651570113104,-0.10371485342113461,-0.1345691241476069,-0.11241170605437412,-0.10988815787700011,-0.3384118442532436,-0.1293636148729455
0132,-0.6235189432573573,-0.3706939822583964,-0.23000865614455485,-0.261708377782528,0.29112053075288064,-0.3594348830708068,-0.15831624644228284,-0.2725383200451004,-0.2685136863047731,-0.21618294837894336,-0.5554150684553368,-0.2663340684441078
0133,-0.18009170062228982,-0.24731269737227551,-0.02446465757025532,-0.25379220478045555,0.15544360451629505,-0.2296856734962842,0.36391388971414806,0.09586826653970429,0.1274041232842716,-0.005515900018118674,0.32932474159238007,0.08458345110880201
0134,0.8942602556829984,0.6203418429385769,1.1090432077190973,1.4131899186234809,-0.3710462781484745,1.2131776802835685,1.110220172312675,1.2797609878148979,1.1280314250770436,1.325981401547485,1.136794754638761,1.3362492940864654
0135,0.6690026744186531,0.3317724167736076,0.7294288038304012,0.7753279559372342,-0.15468970044083685,0.7058578016415831,0.8351601471532076,0.7288978213200891,0.7843519195246491,1.0351347509864788,0.6225141950906894,0.8407417755873687
0136,0.8212803627076656,0.6046881420845446,0.7935007851212844,1.0346094786669502,-0.5678334464794907,0.9222546232386853,1.0920027691996015,1.1178526149060177,1.178100511490913,1.0357216843756294,1.2338177914787367,0.9407436239630919
0137,0.8259342651639289,0.4201044815069605,0.9932813740738581,0.8268215774679863,-0.5903719836671992,0.7635304704304638,0.7366073419784092,0.8227006117031912,0.8852186257184229,0.9773613030795845,1.001108063093932,0.8258631347241908
0138,0.17530201392724173,0.12201228420931617,0.16214083113005645,-0.031533930365295185,0.46713409458649335,-0.41560880475537115,-0.06907819320602139,0.009373751455202592,0.29056287671163544,-0.12348958920032567,0.06315543990553633,-0.3119732645933318
0139,0.32485934671535455,0.154935951598282,0.41785490367729766,0.02028844291353931,-0.08558469122222524,0.05199814786332202,0.20097038012924642,0.03238590974305284,0.07852741645003197,0.5157565617979051,0.2756911755485432,0.09924920259011208
0140,-0.34174543693892523,0.05068968338486216,0.09157107032719328,0.06313565101926995,-0.023923747839931623,-0.33973722541835943,-0.2061346871103626,-0.17537078921413252,-0.2115200841997906,-0.36077408635730013,0.031455259067243904,-0.4587894918352737
0141,0.32390106902574256,0.3208296401546202,0.45480254776336027,0.8041256984008415,-0.7033899799063206,0.5079203072387403,0.6532242261489223,0.5999163838882239,0.9804304594137342,0.7603469601070327,0.7999981318354792,0.5618107322000523
0142,0.569794471444223,0.22117248702227627,0.09944718668999497,-0.11950604134439112,0.38867663172048933,-0.02760522604962732,0.12225698553431771,0.5678004933018374,0.25486770269741144,0.19179350430611267,0.3394354632791041,0.111707107797325
0143,0.2886584197166956,0.19961870494890246,0.630562539590685,0.45215944925695234,-0.2349310366247598,0.43078616473134446,0.5109074521602969,0.4988502284422018,0.40513485363200735,0.6133165705781825,0.4843224711019121,0.5237633972612958
0144,-0.6583445353478339,-0.4150134795216165,-0.7314519447638342,-0.49197253251678075,0.15628664552064486,-0.7114060992557173,-0.7352366379538806,-0.5485972399346855,-0.7653334454749621,-0.8938667688150626,-0.6236135258373551,-0.6489768327456346
0145,-0.3237817660465781,-0.40428245043955346,-0.31706730942012123,-0.2462347459541075,0.3803022133533584,-0.412661761559971,-0.5797165225822035,-0.10018812643913212,-0.33237539973149105,-0.4585980203856451,-0.4929311619041312,-0.5547479814452607
0146,0.3493155128530832,-0.18717066943947966,0.26198038773796983,-0.270839903035683,-0.10480031275159439,-0.23128775203741467,0.37929818771120005,0.04759498975205387,0.52069364532742,-0.04797446338422961,0.36888474495931506,0.08882177058063491
0147,-0.0706689962235013,-0.23992200691371604,0.542496782983244,-0.08869227092588207,-0.29790235867550735,-0.3451570315890175,-0.13979351678717286,-0.15149256500648464,-0.1993192095927603,-0.0577896698358987,-0.13332438404068467,-0.12915608136667667
0148,1.0775802983110099,0.4426360732620035,0.7729374911124474,0.8230390520542075,-0.3990165143866353,0.7200870473181212,0.98653264608867,0.99291673153636,1.1700031656969898,0.6895618870718697,1.0536212929037585,0.8207165964541323
0149,0.2007925315556421,0.08333134488096862,0.3598734270934058,0.2449438115371647,-0.4744244701894775,0.0629771322099122,0.241746172173782,-0.0022437591474347195,0.14058468520934003,0.11067452054913218,-0.009063265771194564,0.01603980703146371
0150,-0.14433750871809675,-0.21950702524480167,0.003313433527354429,-0.43877984774039874,0.09542151435230803,-0.6775488408478016,-0.47849404758976777,-0.4103345480184367,-0.1810797202745805,-0.21296516930942175,-0.33304106233610187,-0.46143846411119294
0151,0.5429067725400876,0.3056068615291297,0.6625376301676542,0.46405168698115584,-0.030968802183552586,0.5159508922813156,0.5681864851411538,0.6346792926845025,0.7882498155388747,0.32989566719907326,0.5478121979594676,0.6253678539035739
0152,0.2805920483165623,0.048815921382141046,0.1758430429321255,0.0409470157283532,-0.32609468580723355,0.427065260140613,0.28615317335903456,0.2803020685638172,0.2679802125073251,0.26069355916964215,-0.053124030386545104,0.3412254736566474
0153,-0.11676508616822368,-0.22678315869981047,0.07513398284386542,0.17690551468053867,-0.14776365190917065,-0.19408472138785368,-0.08823129781164672,0.19769104035536447,0.0694118473451694,0.11325700578547229,-0.03315697913789127,-0.018783391718796776
0154,0.44928664156191,0.10769805875258226,0.20325018418043214,0.36465395103656717,-0.30935786420708566,0.4804691797725802,0.5687603132528566,0.7941628976862739,0.839208787047575,0.5014361244197276,0.674355538191896,0.783238398718003
0155,0.6748354373662123,0.38227111256649166,0.5808041416683143,0.37812082076575126,0.3435580304078992,0.23352360306229997,0.10216800922448287,0.5591760683862526,0.31645927189025147,0.29967212175492064,0.5103312231308229,0.2568888145360068
0156,0.2553864618820401,0.10623060274368082,0.5058426240075018,0.071476140340195,0.23825647914658143,0.3210510149745842,0.576497634180875,0.2711254591136463,0.48544001915568147,-0.04097202975768508,0.2895988665216245,0.05544173966624526
0157,1.1275711074829313,0.6904454235300128,1.5941309420561405,0.5941844318707117,-0.6278823501363119,0.7223166767060895,1.0682235821444652,1.2540804340867429,1.5136578517402564,0.7696154048047155,1.753875494783601,0.7330078913986429
0158,0.056982871917199696,-0.12916828574268585,0.021711119820189997,-0.21513694682612594,0.07016437294318445,0.017370568716642887,0.00465689129412816,-0.2115225354652143,-0.0755873338366689,0.01707432744175848,-0.04406238779502272,-0.124321304598444
0159,-0.4097862619485285,-0.5893863862966913,-0.5018405896663277,-0.7073862748443827,0.45048555264704987,-0.8328248078807767,-0.3067240269991348,-0.5018549329929448,-0.39435095978966533,-0.8352601445315546,-0.5515871717525191,-0.6757552966430829
0160,-0.5854105093691566,-0.121702366181435,-0.5223406654830769,-0.3537691621311734,0.09214485138682063,-0.448944279624244,-0.7421691450250026,-0.5152739713713251,-0.5259996510583071,-0.44249067893269095,-0.680577672125875,-0.5415749194670312
0161,-0.574008933597657,-0.3765524322053496,-0.6398909490817918,-0.47159491173170376,0.2577204674793756,-0.7729125104625129,-0.49663082031041733,-1.041748838627656,-0.45230588423274676,-0.5360507966432685,-0.4608577203639402,-0.5103993077224245
0162,-0.3492082842830024,-0.678165634604887,-0.2833603752131369,-0.5263936248375399,0.1563063693220871,-0.8725868965876626,-0.4389396607326211,-0.6033250765912249,-0.5359573634309713,-0.4257416220911814,-0.4270778118777041,-0.5860184499410914
0163,-0.04970718375273402,-0.6368287750214292,-0.35546723242964484,-0.4040510287824441,0.2212295397929428,-0.5732056656958664,-0.4052924720879684,-0.4612319685352737,-0.40028105721819074,-0.2710735678184163,-0.12909802110508228,-0.40695147807882215
0164,1.044775149340334,0.525873515752775,1.575179101231613,1.2318962461290586,-0.624741634676801,0.9135617372975763,1.3279733043154203,1.1958285908977941,1.4594133451693543,1.4782850996484926,1.459287182413233,1.338350993678336
0165,0.2613445680430964,-0.2179202165294282,0.05180763746035252,-0.10647659227226215,-0.07943326085342721,-0.20792348687471926,0.0903286516101765,-0.12895003481742642,0.013521727526226194,0.07133504035063175,-0.1453772461945375,0.02486737789062593
0166,-0.20235690033524653,-0.35508667464174093,-0.06347614098366619,0.1905117166561259,-0.2785835183783454,-0.3050831401431434,-0.0133462050432347,-0.08615034325630318,0.32291647625418,-0.1769208226052554,0.08162204964283785,-0.05173938628193801
0167,-0.408368856705461,-0.4838297524774498,-0.35453719842323705,-0.7737816060910108,0.2852313426880176,-0.8602922567178243,-0.42542910428359915,-0.20862278303082898,-0.29357896402249123,-0.513923096933828,-0.14246904739569066,-0.617612023057477
0168,-0.7830676469860581,-0.7673590122151309,-0.9818041119134326,-0.7606459671530553,0.13428341604122845,-1.2514610027481967,-0.7080215747212778,-1.1562512172864103,-0.5969836871906059,-1.5826595177783447,-0.34248461038777295,-1.5901919063803258
0169,-0.3424980388350541,-0.7964208931680513,-0.13037591491692008,-0.5064637565336064,0.2346192203194241,-0.9045867254572437,-0.4928599531539966,-0.4813154063895942,-0.2877037489656574,-0.6290685156475664,-0.3002306495423318,-0.6864827607692263
0170,-0.007097703337716594,-0.061643654997157404,0.24274828936512086,0.13816477467265553,0.12284475306470694,0.07039678047155654,0.2799848018843362,0.0642815458412546,0.08336778869429644,-0.3346109992219422,0.34740429192567074,-0.1689528243926013
0171,0.5757821952161168,0.23452244892272564,0.8972619492561109,0.5895327026093073,-0.21455129925362446,0.5246838693797254,0.8467245232497121,0.7954809019426297,1.142292749120306,0.5801278366628279,0.9495393357322395,0.7324030329425958
0172,0.2368401506246068,-0.08699398286532471,0.1507061853031931,0.20402312073490106,-0.24529870300691742,0.09304966628277582,0.248745423340283,0.13617162971849386,0.06320090620383077,0.13101430666271108,0.09143306393923421,-0.0013351002861376226
0173,0.4723154282768149,0.27080564775451466,0.14013744479623766,-0.050590500952414116,0.15278644433114374,-0.021548175079282212,0.399360575568587,0.28409037666416903,0.11988695546215858,-0.06036254343383995,0.17447438562030554,0.11116074106648477
0174,0.23613647094708778,0.18997240029525708,0.34749974478502244,0.3112864229089437,-0.7272565874033499,0.29752504940220925,0.17637659672526415,0.023412076868597444,0.482898945118497,0.6901881764022892,0.3647482008539011,0.4536456798372992
0175,0.41796961351698575,0.27442868059959913,0.5857380456229816,0.386747312936249,-0.14541153082994493,0.08436461567937377,0.2008375704461051,0.504946617582765,0.5262029013764715,0.29086862175781286,0.3568041689813484,0.24098859895017774
0176,-1.484930020802793,-0.876030432934498,-1.2879166156948827,-1.4012752417513972,0.30384667982670466,-1.446069690932484,-1.0487606894431085,-1.1041822588162369,-0.7291712953428585,-1.4858242947865952,-1.0560242080280837,-1.2552395357281179
0177,0.037918331536667564,0.1366653703869667,-0.36414596829087836,-0.014356991194078234,0.30986867975121757,-0.37603273312819946,-0.17475569112982678,-0.08211156871863234,0.005151333524242433,-0.13799172403717344,-0.2742361997060502,-0.032674571633326814
0178,0.638323319074177,0.4446869160889721,0.9504230858438342,0.8826130694777162,-0.712104754282969,1.0591106093568259,1.1143678138192727,1.1700984781493695,1.0672428134022542,1.1742654946901752,1.2839416691655459,1.0789127387061785
0179,0.44332580500738167,0.04865085810147504,0.3917794554805525,0.3178521570390739,-0.2870850359919706,0.224902068686391,0.6875648028033143,0.22721920823666505,0.8131285208420523,0.07127276697460337,1.0064707869586877,0.14076184961956112
0180,-0.13909294938464944,0.037677922276058665,0.010977614474056992,-0.1697451806682061,0.18604764364365506,-0.3759836137340429,-0.1478908019692552,0.2723863778284109,-0.05233755695011143,-0.008412155661543031,-0.19910473253895214,-0.06392553061983156
0181,0.3776863884273893,-0.17103011402183757,-0.14018212103355512,-0.36114975652695497,0.3101847237001383,-0.24451828314305502,-0.1738966418848317,0.12275495992588467,-0.0810571914834554,-0.07015605116314584,-0.09762715978872513,-0.0558959081653463
0182,0.1802745928847673,-0.09276629040113105,0.11956893754787563,-0.12129870995397192,-0.22978834582123103,-0.08476839718211786,0.06204354716058552,0.17955667373174133,0.4118697313424336,0.16256953683367176,0.18732148370993604,0.13116236554324895
0183,-0.5820217199033931,-0.5816038832996386,-0.567965914784688,-0.7250916461540835,0.115166757813592,-0.7255770145223412,-0.4171468415211776,-0.6222250452395756,-0.6159326379551104,-0.4240609640890615,-0.5464294594332909,-0.4218367216165063
0184,-0.23956414775752022,-0.4461644202131098,0.1221082948271003,-0.5781638539289561,0.20806865962117757,-0.7314337307901383,-0.32517451910081874,-0.40175078247413404,-0.3909778949854076,-0.4883337191498278,-0.07489527885098275,-0.6553608838639755
0185,-0.7622966790260524,-0.6804587260029094,-0.6823032051675157,-0.790596634272829,0.23479303955914466,-1.1291656915223014,-0.839024180271734,-0.6255792918281863,-0.7616853826819794,-0.7659615316386381,-0.5808664040866931,-0.8853145004903622
0186,0.2187488257802121,0.11723406831050961,0.4338986804021083,0.43334895352526137,-0.5603945332804035,0.10373142629613225,0.4445774693718761,0.7113351758039319,0.6875293196853294,0.2300490457965498,0.8381548216936626,0.38069374656493804
0187,0.6698488136746213,0.21368991306556281,0.6486703069061678,0.4070474231649648,-0.25538552693014555,0.5119578885184668,0.863425307971659,0.7366977633149339,1.057007716444982,0.5609880133527998,1.043231445144254,0.502130282500636
0188,0.2739154725442687,0.034244066169777515,-0.09659954261290399,0.016970277563568125,-0.023168358304752813,-0.18923222460775163,-0.06976261689793126,0.47124063939286714,0.03239332520357409,-0.07369759714807546,-0.11352720587027308,0.13505778256358072
0189,0.14718577374061875,0.12364497182164857,0.2770349865882982,0.287452525048997,-0.1286907572265498,0.1940020535091569,0.3705415316449628,0.3851963695576359,0.35912432407906975,0.2771309778152062,0.6559519003708165,0.28281417064850795
0190,-0.4967987501209732,-0.40599216115102676,-0.6317700288026622,-0.670817436608887,0.20630811914300193,-0.9406222997294738,-0.5996746170076782,-0.27264116750949285,-0.32324858828335357,-0.8534184639678372,-0.6087243775166833,-0.8414826853994254
0191,-0.08195272788009242,-0.18777215720049698,-0.310913674561722,-0.531306558080581,0.2354515179245986,-0.3064153416670032,-0.16828557291086305,0.013147094255305011,-0.18273451759746223,-0.3863626215101222,-0.07808244766935957,-0.2584085804209702
0192,0.6979414722652464,0.1931170360410202,0.466550695508934,0.318305468798087,0.20104927132732767,0.07176086615706849,0.37516300665981644,0.20498784323030228,0.48572173316374545,0.45860565348308463,0.27987505862839934,0.45173999672954435
0193,-0.06895956437161625,-0.04932480594928128,0.16331286896614863,-0.3576262141329497,0.17929079309450083,-0.49634459913975604,-0.17627478952564546,-0.3087596805546752,-0.01730624960263348,-0.06467830611368552,-0.23622128271119758,-0.3392905521279398
0194,0.14133055300226713,0.6307667068608755,-0.04735833992069684,0.2473473368061064,-0.05963084502616017,0.5752071375766222,0.23260148064729533,0.15880723354805945,0.037205420011510844,0.19177562898278575,0.2614898506682896,0.3282637261245992
0195,0.71215467395813,0.4667813495551596,0.7064890523829889,0.7948450854371257,-0.1743611968502065,1.0378840978481092,0.9286445056294538,0.7631517523120407,0.6744843424762688,0.8366335359381967,0.7456258274834998,0.9951284254573394
0196,-0.027302090242177807,0.0384334560877611,0.22164443179713608,0.3517483986771816,-0.2711542555647187,0.4722252009561433,0.10754958829248112,0.29069538413943113,0.028687885070778657,0.7231094346591019,-0.009348156744323217,0.5238878850958733
0197,0.298494381915115,0.3330239667334005,0.2891386566161059,0.2873556657066978,-0.06842654037765956,0.5898689296442102,0.20146402187505047,0.28182773512261133,0.13103492234423234,0.6243181411817582,0.26780118583199136,0.4017989516862918
0198,0.2387283507994329,0.2761360061862362,0.16890845377018052,0.7032676319568505,-0.4806223196559042,0.6746304876786979,0.277451627877549,0.13465991890776446,0.36919303929366853,0.7497489338568346,0.24387796951186136,0.4059835256923374
0199,0.616049717006788,0.7532398756795328,0.06735821979249412,0.40972480864270205,0.056818886559877685,0.47027855770183274,0.43217813467221106,0.38650572090616403,0.28380211031092956,0.2951239987993078,0.06416560001047059,0.5685147377577909
0200,-0.779617775398021,-0.4116114921871731,-0.9108679224004754,-0.3343261239793541,-0.05628257024280871,-0.5542866805605232,-0.897953848957596,-0.5842451936331173,-0.9423223121058044,-0.2123780883448213,-0.8647831326357283,-0.4665309983955941
0201,-0.003070402551972711,0.20891633981677526,0.22166878870126294,0.24575478692129468,-0.1857361376527989,0.7553619648887222,0.16857435255210437,0.293926197202375,0.15821897859295478,0.4342173586602101,0.007495138608782513,0.6347558911901541
0202,0.9279663902243231,0.6440774688679312,0.7727418118918921,0.6431533863054837,-0.18932727150705286,1.2178204864091522,0.8507689750779982,0.8466505634200387,1.0521673610573266,0.8495139770693695,0.8319415696192901,1.1759855900955083
0203,-0.6821368135800531,-0.04739214431448282,-0.45743113487527776,-0.36022588422146856,0.21393338836932493,-0.38094573180263175,-0.51853830214685,-0.4714402432440749,-0.4934505875386043,-0.21739978890837208,-0.6641325774049435,-0.36520745754344675
0204,1.0596855172928126,0.7247858476244695,1.2728831031979746,0.9773745408736324,-0.27219434310056073,1.2888216869650817,1.4495890356255658,0.8837591965766368,1.084126628541696,1.0344997464786785,1.0188204724716474,1.0958429109772359
0205,-0.6233902665640719,-0.5477927032180278,-0.4775316904089965,-0.18259118324065157,0.21854822940698282,-0.4549105933703688,-0.5472336986467691,-0.3498510805189476,-0.5397724617915437,-0.3477675094189603,-0.49953208353531864,-0.45387681560299126
0206,0.5232234614525345,0.5334767165060872,0.2936634795030945,0.5965754570304121,0.03582037684455265,0.5949519707883539,0.45523384884198037,0.4927324038441821,0.34529268252412026,0.21079276824259893,0.3016844658520495,0.3521789837331408
0207,0.34546251413276946,0.8560754334714681,0.3740408326458265,0.8843612188186044,-0.29042673598365915,0.6890698227998505,0.5005588401055187,0.43334438011636245,0.2499956126840125,0.6531295693117423,0.3897086104481397,0.7298583694722126
0208,0.2126727556167287,0.7593828666294052,0.0424037910107067,0.1723008658611641,-0.06311978574837399,0.30446887380744053,-0.030817518062971175,0.17997383174068446,0.07635461811818342,0.25770771841779133,0.10526712259857428,0.12937138465233902
0209,-1.325794282471594,-0.8899519746808754,-1.0959029260161552,-0.9123269967299635,0.3216433541195403,-0.7562551635445144,-1.534594991139247,-1.1829868811247057,-1.312649353745575,-0.970788712598694,-1.2508036981500694,-0.9175379971053007
0210,0.6036578002900436,0.5238134000931499,0.8463172386694056,0.48918333053979357,-0.32445821358102467,1.1824928380908344,0.8056465177625295,0.8288523075718575,0.7259424644714817,0.7709998537753483,0.8025370341958797,0.7276026498079597
0211,0.8255998717998032,0.6099740461732656,0.46149180777430976,0.9661393492735099,-0.5574437595239912,1.3391620459724738,0.8349677476327376,0.8898533778428268,0.7360319790698032,0.9003224641284989,0.723634151700299,0.8986394175150221
0212,0.166092478375451,0.22128218200595676,0.10954534122020669,0.31877091489098147,0.10001443218225452,0.3651432886527419,0.5488663426364829,0.17837661772093952,0.27708213096236983,0.3436153324650419,0.41214972280964735,0.3786307708146033
0213,0.042955760330693996,0.28966577488378126,-0.09160803105796075,0.10480578314622122,0.23502453182196356,0.008228771176638233,-0.06217388664728049,0.04571915273722837,-0.17208078825685005,-0.4199365618253062,-0.04088634215528515,-0.2063063646231098
0214,-0.20080650216119664,-0.00018557537877052392,-0.38886022914601226,-0.37559040525820264,0.045824459415984245,-0.43684581649797544,-0.480133315523427,-0.22841802074155673,-0.2991618605852648,-0.6915289253249265,-0.3281387903729437,-0.6610690286514233
0215,-1.183239599457479,-0.8605474587694583,-0.9376678531131226,-1.012273599140824,0.17962944876268105,-0.7441045463066639,-1.0724137602081927,-0.9867572649205244,-0.9616376477946221,-1.0540423069550182,-0.9416601257536275,-0.9726281460245078
0216,0.7033103971047203,0.5665049458255679,0.6011575817347962,0.6383648043474867,-0.028580509302441846,0.8130113403269319,0.38058236213374336,0.6584003650070537,0.481594853519636,0.8039034729660369,0.28763830543564173,0.5969493788424588
0217,0.16557115446631948,-0.022287434426736284,-0.15396146782390396,-0.15408938403907604,0.18864610198570658,-0.1853508566553897,0.03873270135588868,0.031099408517056552,-0.21835557661951777,-0.2069259578018155,-0.3144241020234507,-0.007965137823431306
0218,0.44702222807596775,0.07219329367387269,0.5289323870206492,0.8799232824531505,-0.5533329785345201,0.6716617563468078,0.3949917616747667,0.4706582078948379,0.3977704536186495,0.4245873493551047,0.3104125366597655,0.6601798157549795
0219,0.485312131325528,0.025113026868376447,-0.015824601733611027,0.3692332653958776,-0.11618521472091946,0.7727852921040033,0.029527692007012947,0.40700600410829746,0.03251142045046822,0.3313917068281484,0.26690133593057386,0.37961882402936
0220,0.19030568200201203,0.4927456055211808,0.1211266150203342,0.39594874746659275,-0.030258864599544782,0.4734949758141804,0.4823838584090364,0.08458840226487205,0.44225124425772794,0.3785137490099198,0.2082282301805475,0.42592758367638284
0221,-0.4261339884553222,-0.5023428538005259,-0.6067229875167732,-0.4889374316492375,0.34521458949288547,-0.596267215660635,-0.6492879710185163,-0.7997384523955005,-0.6867530576536626,-0.6979948331595459,-0.6384870493978653,-0.6293482610677387
0222,0.9704224814213959,0.6786374348467817,0.8303549493620681,1.3737438477114097,-0.5190184224660196,1.2316063835053248,1.060088441824742,1.1108379548801603,0.7444899096037217,1.3354348524097204,0.787946279142378,1.1822794805074144
0223,-0.24982766799656111,0.12096994608270314,-0.29505052335617155,-0.25449276001433285,-0.027275420256145974,0.029570269398011856,-0.37835480728757165,-0.18636384382338778,-0.47532054724545414,-0.234003735578609,-0.3442014510881306,-0.22073526666600962
0224,0.08353839605523242,0.0031820417038489505,-0.17824611733291065,0.08485970825243595,-0.018244269651478403,0.1916737875235005,-0.10388723262244239,0.06771919104370441,-0.02171622050121988,-0.05794058568889772,-0.32895022224455434,0.1985749098683441
0225,-0.03513956583479541,-0.1387696547245623,-0.29294989433603835,0.07064648102926269,0.15572829991450274,-0.005437331142755372,-0.2777608298743076,-0.3548904988685061,-0.5253305558990422,-0.2759569094659462,-0.01554434144719484,-0.3464469263538781
0226,0.08059443859465724,0.10387357997391536,-0.15075534738205207,0.16894665721563465,0.0217016764431483,0.35404468720266224,0.15888397459693412,-0.04241367203006146,0.10074680539381567,-0.07382183092422435,0.07036056597688573,0.12841066654650754
0227,0.016625891384793583,0.0926246294188989,0.0099130459789645,0.10018445265700768,-0.2502299172129226,0.34225926187192374,0.06787755815492291,0.1627059332316912,-0.14929990520258932,-0.037592338465189355,-0.010740305156800979,-0.047690666566481466
0228,0.9443137386355465,0.5298263385313999,1.0305191918819065,0.8323711361980944,-0.573859679336108,1.4350748828676747,1.0478133545232085,1.1400877355030883,0.7640514748590094,1.2131479282479392,0.8408045039202783,1.3345973379564298
0229,-0.34585277949345866,0.18631756137587777,-0.6991434015449163,-0.09057655791794589,0.019217750125716825,0.10883796387893552,-0.12701641471055403,0.01637726857050122,-0.2262867018845302,-0.215199180883041,-0.07862888486813555,0.15126833244431803
0230,-0.3127667803651236,-0.19728260013497023,-0.26818574307441584,-0.44646854440670036,0.09270517721448271,-0.4743147525178632,-0.5255853411814417,-0.40764657723628783,-0.6248050230631232,-0.22397775988411966,-0.482911356046031,-0.27712274233069695
0231,-1.0366797787363933,-0.6430072882622905,-1.0777870368898341,-0.8631426571346433,0.23741425784807518,-0.8563199958145582,-1.2228163737443403,-0.9529088100556903,-1.116898722880107,-1.0457763372990414,-1.1141830230518999,-0.8296473429240139
0232,0.15886314007937583,0.26787564519386886,-0.05594193951943522,0.23347975116865233,-0.08686833667226597,0.27078692274958943,0.1770392450374734,0.19056599974612987,0.04487162485858685,0.2137233975932625,-0.039745812070391975,0.237355402123001
0233,-0.24883778942998572,-0.29252869350825655,-0.7913249970280858,-0.34874728845969016,0.018374335399414195,-0.2115105918642083,-0.21902495168504577,-0.376566675289097,-0.4771983584344617,-0.45962167166764784,-0.282113560261492,-0.1435512103456469
0234,-0.25674186249673264,0.5351342971405764,0.09444127277767497,0.5233445164941278,-0.6152159377126573,0.5473932100254136,0.12150126158198693,0.15498653879813484,0.074058479532891,0.4939512703384941,0.3917820219628774,0.1698937908925151
0235,-0.2314984872443289,-0.046300894159693934,-0.2579593216753848,-0.5067013348858472,0.4665259602344064,-0.4479806471014108,-0.39948215967510325,-0.28795545705703873,-0.11893602381012583,-0.6420510241446187,-0.40735965636622967,-0.30909794196642665
0236,0.8811573845545901,0.6304159997451628,0.7473906819400659,0.8203382479898896,0.19113584103204112,1.0272556932243264,0.8796114713692156,0.939686516463359,0.9755483937719852,0.7415398728400421,0.8261216235350983,0.8016124172415173
0237,0.902537381322433,0.5717232213337331,0.3892230163513241,0.45205117169950265,0.38785960553468773,0.5220814184910733,0.4278480842817221,0.6098299291544347,0.24343992540278428,0.4525403409503585,0.37726597408688733,0.5262985443384367
0238,-0.038187936483902174,0.009395500549578911,0.05447367368411771,-0.21781991108589283,0.06857624077651274,0.23896002977368574,-0.2920362364613313,-0.11005900581035076,-0.3366426162508132,0.1617514941144167,-0.37863484644916423,0.025508441859207955
0239,0.38997165289854513,0.1579278957571074,0.6636235494426109,0.5239812663109227,-0.052811834054441065,0.8614393495202891,0.5385940382688765,0.46576133648844925,0.3576126900562779,0.7043238582904139,0.44957619997553633,0.7265658788950234
0240,-0.649669366864549,0.12388706422023407,-0.5847106537970346,0.06047889414341639,0.159695320310788,0.19024192024830242,-0.14081900547840412,0.014307328245286835,-0.27504054369489134,-0.1503348682349867,-0.25545288377545694,0.05343841888237445
0241,0.0032733996892445683,0.1266161242526882,0.2225278678271347,0.5109570377091421,-0.40296286781573315,0.47873465172620094,0.0539204786282946,0.3107092039541094,0.15493835841339643,0.6028858411283655,0.0718200505698737,0.3047864137241415
0242,-0.1884642438731829,0.09392475338412332,0.22711060253812804,-0.02775901540175692,-0.09575540720363132,0.1474459322593376,-0.07673284597972735,-0.001083017076717007,-0.09392456963034607,0.2485690774555706,-0.011293170094089925,0.012783392166269161
0243,-1.0497715621019896,-0.43714064232966143,-0.6933919953692934,-0.816513636380594,0.29340678224389916,-0.7699139216268754,-0.63655984134472,-1.1215239916820974,-1.1196439043847388,-0.6860551199708477,-0.9192176358089175,-0.8332119148396924
0244,0.4161806532155009,0.3677199547684199,0.1834055588464405,0.5251509309647087,-0.24834219629195053,0.6340513873841932,0.7719846574224347,0.4971412601096031,0.295283120016632,0.6285659663369564,0.2846700380720216,0.6860765285646564
0245,-1.5269146973495855,-0.7742471950661763,-1.5036368493093926,-0.7747201687738379,0.5471011050978463,-0.9450797597591659,-1.313077783179299,-1.3162361071838677,-1.7086752418931446,-1.171628238582115,-1.1431434817201327,-0.9999594965869325
0246,-1.2471520753806284,-0.5455115127017152,-0.8346814113080876,-0.8364288466647266,0.5790362037954349,-0.9319284849284551,-0.8516955042665639,-0.9499766295461917,-0.7320898709026749,-0.7597686666237758,-0.8294481886447042,-1.0817214555516095
0247,-1.0633370559360062,-0.8414802076253775,-0.8619840566889052,-1.189198436991891,0.29679645458053355,-1.0391534327087384,-1.016488802758897,-1.442637829787546,-1.3044918828051177,-0.971278037447969,-1.3658866607431839,-1.3273173128997375
0248,-0.2005436139143352,-0.3873390214005651,0.18978121474358028,-0.039247487426300465,0.14268199332746104,-0.13955654096354064,-0.08642858632708893,-0.1822995960560668,-0.17873049719378384,-0.2926538462477111,0.05053144451313376,-0.27811947137683385
0249,-0.10181708571793316,0.056776244748575865,-0.0071510743770929,-0.08069414875308015,-0.22813333624428297,0.2429677724709619,-0.19408317341378792,-0.11489661593495262,-0.2529429098616108,0.0673385699421755,-0.14094228496347372,0.05926810820419605
0250,-0.5487893397352377,-0.41527397828132534,-0.3668544101296493,-0.5931260334724237,0.29772515068237315,-0.47999158613426185,-0.6771585752461483,-0.5751752372484877,-0.6963720788970174,-0.321571264164513,-0.705637029859515,-0.41750012021014654
0251,-0.016708411745615583,0.16458595264903111,0.4610588604112303,0.13926687071806504,0.10208105452184693,0.38934387128871256,0.1812071043166387,0.3284685785467192,0.081977086642031,0.1090064026958588,0.319519329353208,0.1044453394498614
0252,0.6652476280783965,0.648162686268904,0.6158860216721584,0.6443582061301945,-0.12250780135440474,0.86342012597626,0.8355542398712179,0.5391488531103177,0.7747289334742433,0.48627942695990056,0.7323882316880991,0.585147575467258
0253,0.003259902400794863,0.05388781096782404,0.15983426046292562,-0.18159476480874728,-0.07203317181631562,-0.13566477482040842,-0.2601567150288467,-0.10938826356705164,-0.021481763446905625,0.10202570798446095,-0.30392834294575616,0.06523133702231658
0254,0.008590045422084075,-0.3210158330376516,0.3950067209000244,-0.3059732507957675,0.18342973695329157,-0.24176876723858942,-0.36713316968917564,-0.24612055661728058,-0.37189070250570183,0.07656934774600295,-0.4301582202719302,-0.31972031408214424
0255,-0.2572328033070808,0.1699266832968232,-0.5677184263800389,-0.47871682971676033,0.19151129685186313,-0.29733174692090525,-0.19810278793475597,-0.346536021583876,-0.39046250076417227,-0.37299228249933947,0.11733943677954335,-0.12309861115107419
0256,0.6779040531688523,0.41189304411262684,0.6382216473060255,0.7247462218148761,-0.5307143702956005,0.6078131943771994,0.3686436639371103,0.5862285838564194,0.6113124528269089,0.5807557867670093,0.6001196095964537,0.6196157496714481
0257,0.4783878887699136,0.35633165649720216,0.22184665271505397,0.11549651637931456,0.36954173605989005,0.40022959786866663,0.46899017292486905,0.16328662773216882,0.23605185585937583,0.3923045079593287,0.28849974316393306,0.24364700502581046
0258,0.39942673255653344,0.5368399252738424,0.5183648937659424,0.12122301200939511,0.30082001700429256,0.13261018169658031,0.533877311818254,0.16071625938398634,0.4104138690267765,0.2667466499038748,0.4289298519565424,0.3599937423123733
0259,-0.18293745493800434,0.0385097174939797,-0.09433060066682276,0.03968316803716037,-0.3088129023022872,0.20123382938263304,0.1833960060545345,-0.22425925269146363,-0.007034073031933126,0.10260907017821362,-0.09624557122632406,0.14198546028422088
0260,-0.6458069178498014,-0.3934098575137033,-0.3056572174039614,-0.5474906435424887,0.00025289601223227825,-0.5047879265675181,-0.7058224781956466,-0.6720308717079767,-0.6594764725161916,-0.48840453522337063,-0.5523150853774018,-0.49873615064207183
0261,0.37323851415097187,0.4730044407080776,0.28654614892684444,0.1689856604436893,-0.2311478028958469,0.5202092881553073,0.4215459905333013,0.28844975930346867,0.30934338072165407,0.464807684216096,0.26600463728149526,0.4129111745729043
0262,-0.23768095550069343,0.4390324774518784,-0.2472981214849504,-0.40629699467988334,0.2483321902540786,-0.17687581668712787,-0.4872353269501291,-0.29011991794516573,-0.09922842636341826,-0.22290475840253435,-0.34184262140202853,-0.17333631856989243
0263,0.23657044477056036,0.05949203881359005,-0.02706722967259308,0.16631851438065068,-0.33881645581931047,0.23044737932811474,-0.004948426988205377,0.030615573106704763,0.040095241926545136,0.48261092691297897,0.17428937470504638,0.2972664463634588
0264,-0.09223538371339664,0.07669699574387775,-0.24429932619555092,-0.06796568975387786,0.0643655683156696,-0.292213363219871,-0.1599178486663353,-0.1984895373951217,-0.2523821651526227,-0.11774798530068936,-0.2573889582304304,-0.2139761200502332
0265,0.05901743861292044,-0.0628673668583978,0.0174402192918057,-0.015960856751991544,-0.4158354649879847,0.14945852105696153,0.12610144354815267,-0.003808693354489601,0.04482948688171534,0.15759636669773244,0.15096019337513983,0.16763289293452913
0266,-0.8539907234795768,-0.42796371188048005,-0.8526740002011177,-0.6936229305227771,0.35232840329824866,-0.7471858636917437,-0.5225139480077312,-0.7290686561182023,-0.563520234812478,-1.184844839023932,-0.5027731365501836,-0.8570936828590878
0267,-0.4149659973072555,-0.21391883989417532,-0.5715345406983652,-0.6213119941935152,0.5092322038833808,-0.5377725127373872,-0.37322598781779753,-0.33695883888904143,-0.5045663433994888,-0.669220383467253,-0.5495177892163808,-0.6690799158775763
0268,-0.0660191668286349,-0.14129743112410098,0.04365188759530437,-0.38891722587092975,0.13306972767325098,-0.3185573467461653,-0.04587513939841186,-0.4439242386312043,-0.23225370467319867,-0.03504170253003082,-0.08828679067403669,-0.09090120926700654
0269,0.2120153219839554,0.19521583932017755,0.17222553548844166,0.415470691675307,-0.07566433648745519,0.7653365730665067,0.3722592884948702,0.41306506454405595,0.009264299611711971,0.361857560282165,0.06155169363404372,0.7521879574002572
0270,-0.5490661276064509,-0.4063155879788424,-0.8256036234694786,-0.5293916277735506,0.14454687862797644,-0.33952754036245797,-0.6763340682886128,-0.47285175398086804,-0.62926146694852,-0.25746664288284943,-0.4425672855900069,-0.5589726866493422
0271,0.9894361181287425,0.8988640383395269,1.494938333766153,1.1323367119449967,-0.6000182618528218,1.476211654765673,1.3345490388503902,1.2956070119056216,1.4819232609842055,1.6544300250398887,1.137979264490264,1.7469196125851738
0272,0.4607106698339373,0.271392934333209,0.2573617157789111,0.29571258223115254,0.14283111651645644,0.3415698853495521,0.19475144603236477,0.2380072378681126,0.3027925921819365,0.18590613064294287,0.27808000529603766,0.33282177896683696
0273,0.42367920957726873,0.09249732898569353,0.3786832295845744,0.52309226733065,-0.41553291295024847,0.5637318059780053,0.6042884482266524,0.4257521505445451,0.41907451259216383,0.5507725843953337,0.40322189204484027,0.6177100914535689
0274,0.4576265997988528,0.18709616575144322,0.796882871652188,0.10014427764786873,-0.3402907393702175,0.5755422379987994,0.4785496119577854,0.5921249117189065,0.29481149339779605,0.46939389878597154,0.3974643089239067,0.5187650632975175
0275,-0.19678394836992277,-0.11507808142921071,-0.372692929338894,-0.19768398107867177,0.34199400416556974,-0.31223089942941806,-0.24452955138267843,-0.2816383988430764,-0.32879106322209617,-0.5127093917272596,-0.35687218068463505,-0.46109791051764754
0276,-0.023199985610107395,0.13499830619931028,0.23377800812249058,0.0007897851749843849,-0.03222062754051775,0.03355840129741106,0.06642686145197221,-0.04985875630091878,-0.02953432272728537,-0.02365932310646597,-0.20997066814146786,-0.16237902137246307
0277,0.6844446808363478,0.6876236406051661,0.5846633653044546,0.4078905477617041,-0.3720017016095808,0.628994314413852,0.49595877772332186,0.4530978810856801,0.40508168569062025,0.5554626731129741,0.45278087908207765,0.49551341381171515
0278,0.5709845931300431,0.46281747810203033,0.5099008832478814,0.4748963832014422,-0.29741559624586383,0.6967504869702055,0.6997763842462814,0.5121289372259027,0.5469439741780749,0.6351270054262412,0.5011619090388361,0.7426626125073049
0279,-0.2795020688315365,0.39537752295058265,-0.14415020807990375,-0.11162129399846937,0.15235236396153612,-0.29391117778640685,-0.23626820548972524,-0.4191720571933988,-0.37747746152865924,-0.43540630412595244,0.0042845293402153815,-0.43844020137448786
0280,0.058472457591778985,-0.10954774254415538,0.3081589411858783,0.15379615469731978,0.10400336267447792,-0.048641459230637486,-0.05454624360115206,-0.26141165346250683,-0.029982866998232667,0.31332506132396326,-0.15604529208340767,-0.11712803848411273
0281,0.9652488180004961,0.5826575326556193,1.0465559037498033,0.8391868259520303,-0.3963686104717094,1.0382130947062072,0.927210931141087,1.1542887521037706,0.9458800422357235,1.1136488034335272,1.1560386772780178,1.391876168051953
0282,-1.4942066067703068,-1.3163300669669187,-1.507346596292611,-1.2998843062317809,0.2231754906366447,-1.4863332699522709,-1.4922657702079862,-1.35301260717018,-1.2597983188126518,-1.3493106868235032,-1.4204592417157036,-1.2890896998184849
0283,0.44620155866086125,-0.0027499897524258772,0.4031666614980867,0.300284305773867,-0.059531383712388974,0.38415451307830556,0.5510944313001793,0.3248326232764931,0.4065054115166373,0.40486767957496134,0.5451579636805934,0.494501224651221
0284,-0.09950831451717793,-0.27886339308411917,-0.6272841741590012,-0.4295426428497377,0.18480083895293947,-0.4650428161556341,-0.5749199377464788,-0.23916629231261374,-0.66106624031159,-0.6514039169664517,-0.42239248557742703,-0.18446804218952337
0285,-0.40520253016156,-0.523443704285673,-0.47163544646262756,-0.4123397477732618,0.32576787967087256,-0.3557060411423051,-0.5313111846375813,-0.8063982818634262,-0.5178395614233794,-0.6268510289547389,-0.5079170559172436,-0.5388241645217726
0286,0.513305991729291,0.6535109263646707,0.3303524325856927,0.5073575699711841,-0.1729987225884681,0.765397543069191,0.2857851482242647,0.6609608608964914,0.5448104300510064,0.46424532019201903,0.5709161044251087,0.7448618897081527
0287,-0.10743613373393346,-0.029308061449779935,-0.29275304239933125,-0.157846692990695,0.2283744417061036,-0.38771407787083606,-0.1988427765597764,-0.15315511415400757,-0.2533139554309095,-0.10217715193443662,-0.27864700937580794,-0.11103997592542547
0288,-0.014112459347146788,0.05969464428680231,0.25999164929893387,-0.24569627620318346,-0.04282035384049354,-0.17944290255727413,0.1451347261699042,-0.08306855499766588,-0.11213888507521852,0.06818115247627493,0.1457104185025858,-0.1346061282347253
0289,-0.07658095058039571,-0.19321931480992846,-0.22047518664669535,-0.011579006616064912,-0.08267809244845106,-0.020136922439744024,-0.0395481948006493,-0.3163746000565696,-0.19371528824272818,-0.3375202726396073,-0.07546588502189559,-0.3496746994200472
0290,-0.2535357060261306,-0.4553590092517463,-0.3352020683840993,-0.024060878302135803,-0.021825335922809594,-0.2378837828275857,-0.14223447941153106,-0.11356966650967293,-0.039134421666302904,-0.10104130011302509,0.06333705649069302,-0.15627495039202807
0291,0.563369377890609,0.4824850027970538,0.6159741537445166,0.8225843603869941,-0.625119546664204,0.9345112440474977,0.27041194355551507,0.6603505929089684,0.3532341448382569,0.5728789697577735,0.6130230709534414,0.5256828178330911
0292,-1.237273970159309,-0.8702052627082615,-1.1126968889565627,-1.2003198625458953,0.18242349828140667,-1.2225482584518292,-1.0273212262937965,-1.304257668104093,-1.0787029707908318,-1.1871068391806658,-1.1380450382044673,-1.0830366753725587
0293,0.43809960987545904,0.15825543447789953,0.15059608099331692,0.11633435857958899,0.19768051211829366,0.26168156304969703,0.15998365476396464,0.16016900009141471,0.25734670474932875,-0.0014851912334626193,0.46792117594320864,0.24847209463485084
0294,0.48773971385958287,0.5238678393413092,0.8643535475165469,0.7819975669852784,-0.15439531640291543,1.0179572076845054,0.7308740013149185,0.7876638811629642,1.0238067377460085,0.7353650669514676,0.845156548187125,1.0089792024383664
0295,1.0727228981647938,0.8801058072916293,1.0249828408775667,0.839552450327359,-0.2978305384827833,0.9461063136199498,0.7719339949149321,1.1649549067029508,0.9811626194649461,1.2244054930871202,0.9797832539991332,1.301031976320401
0296,0.5329539227280732,0.13386775887118085,0.6158161608762887,0.7084161136162821,-0.41805133722409243,0.5662558961533992,0.907266734493562,0.49842308310483974,0.8020527991415982,0.6505756900189178,0.6470301862312321,0.6118542654634201
0297,-1.0147234473147515,-0.731884225461229,-0.8027204273617581,-0.6970638073439436,0.23882355155700638,-0.9940980107707583,-0.7115047483076904,-1.0169316061770017,-0.7147557149052302,-0.6070736561556787,-1.0778613113186477,-1.0211060594081087
0298,-0.41294812457437036,-0.716525532498088,-0.20721787509371323,-0.39647933104549066,0.13465357033617736,-0.562887212286195,-0.6175688111526108,-0.4602389333420823,-0.3108300574719161,-0.4085785820758171,-0.37079045992403115,-0.5633711733267187
0299,0.6059611227361047,0.25527374447157286,0.8589986107368702,0.3566655678300663,-0.18770992250464932,0.7799031558629078,0.6099350074966539,0.6028485665243933,0.5606640727882186,0.5854152773217102,0.5569114153352828,0.44777967610374636
0300,-0.6006009653854474,-0.7258890354873915,-0.30124433751476704,-0.5683791928844639,0.14869797816914546,-0.6225456624778297,-0.563001226974419,-0.5497185948694101,-0.382334078765361,-0.4749059288740881,-0.5953280575935578,-0.5664066783836764
0301,-0.960591732842523,-1.1237166184275738,-1.070866037240537,-1.37297972449436,0.3125201464079164,-1.217768021567112,-0.9143759883734954,-0.9689662685538106,-1.1306889154049236,-0.9083823989738073,-0.8371606681663523,-1.316786560952935
0302,-0.6108933685805749,-0.3906788547115325,-0.22043810211454315,-0.5718679746818784,0.09672703066895595,-0.520457470331325,-0.7035254808609701,-0.36280365287921773,-0.4293425341227878,-0.666685502229833,-0.3860442216315612,-0.7606833062668591
0303,-0.33051537541812787,-0.4366864955716641,-0.34148995420377143,-0.17687036466967054,-0.03219725611627978,-0.496574400821384,-0.43020784084917013,-0.43682602272678195,-0.3072061547280007,0.11514634858570894,-0.33010350482873263,-0.34598923357686107
0304,0.024849696400547076,0.1668642075825809,0.17364503034038375,-0.12179857368052789,0.17351821054830407,0.10673631907334827,0.17421742603394053,-0.11476477402772313,0.1364987733668694,0.039668328501098304,0.09703350725029523,0.18511830164409387
0305,-0.6395185640976612,-0.469909669287814,-0.5655313023070566,-0.9865001561277067,0.45746031679475857,-0.9529311434833596,-0.5839962337175532,-0.7132626063568154,-0.5634610402055235,-0.7773216605814997,-0.4228472579824064,-0.952052227996744
0306,-0.6570475904566622,-0.8297111985410777,-0.6175755076334765,-1.1004661722111033,0.4475299728346332,-1.1491021694769668,-0.6139230386609211,-0.7671099649605357,-0.5786419017909145,-1.150164366503712,-0.6054006430468708,-1.273509593370874
0307,-0.2761011687394774,-0.40711202997985335,-0.41633305464524833,-0.5648150219901785,0.30885573790550186,-0.5230668537936819,-0.5800592188751387,-0.3365467912626173,-0.5513861267862055,-0.566996378632916,-0.4919032674453961,-0.471983453171545
0308,0.08347467384808564,-0.18281833469204162,0.3248765909464933,0.645007972339186,-0.3412591544481269,0.4571714187048856,0.2248417673666602,0.4174481871774576,0.41798161012535706,0.4359702352477542,0.14523773346545643,0.5032461517108281
0309,1.0744924949906458,0.5918237440057151,0.5754511386699847,0.9947982646342295,-0.31831994124925816,0.7316325467008511,0.8680440944598934,1.01562364506734,0.9482473296277324,0.5197583103348972,0.7703795419894177,0.9775576580261166
0310,-1.2154969730892835,-1.0162538829854963,-0.8269534303848197,-0.7264496217182359,0.37421811067264343,-1.336627863718634,-0.9737842182257694,-1.0320138049437935,-0.5782976073380741,-1.0306771764300369,-0.914523104626228,-1.2122450766579822
0311,0.8212648390571646,0.38831723381438893,0.7190165993831694,0.8770225916965223,0.12055053199185636,0.718704564611664,1.1066022554110009,1.1645908672098855,0.9875504056964387,0.9126461606913104,0.9274443921156084,0.965861986754065
0312,-0.2573572789349887,-0.2521178467406002,0.2756965802603072,-0.3188621113544469,-0.4297499354825477,-0.2864421348890935,-0.3380894885713521,-0.05347724093710195,-0.3579876793012093,-0.05591444274682502,-0.40777076105706517,-0.1519121711174487
0313,0.26051253756472376,0.19167703209879514,0.39023927541922926,-0.16361549600067207,-0.05328577216002759,-0.058806067204085294,-0.16058075800938193,-0.0367836784820763,0.3199296194600468,0.06614615906997169,0.13394378927263859,-0.0725457253880397
0314,-0.0060115015598225284,0.13383441464112308,-0.004231941654618952,0.5395720717720148,-0.16253995336213295,0.46466001149208763,0.39691192644361495,0.4669705127988958,0.33365670101375366,0.0833136878902882,0.29660814453436685,0.3108909281037212
0315,-0.2686719344063979,-0.04685562351070919,-0.7938788119577462,-0.48396582893519924,0.21280701825130832,-0.661647923776753,-0.5170352536593639,-0.2714335912765483,-0.5024325076606083,-0.482454332512021,-0.6957159731366824,-0.45993177397863616
0316,-0.30629788735589086,-0.16232931454820146,-0.32201527388021306,-0.20192484172129957,-0.042762840177901836,-0.3568384802902457,-0.02744952427312607,-0.2344321543979039,-0.0018212949749788281,-0.18542385666477404,-0.11902257021575069,-0.10594938921590519
0317,0.7172254399711642,0.16562948734208743,0.5570096693894516,-0.13827818894937532,-0.1586893723710079,0.2800172170199459,0.3735197382400282,0.49618205513696917,0.7316361086851548,0.3611555205392005,0.413067239859467,0.4701094167745205
0318,0.4723116845437423,0.3261201884068729,0.5998813524233557,0.6864853409576226,-0.30303014309181225,0.6202303278850241,0.471851013831277,0.7407190775489384,0.9409963003625371,0.582506685159381,0.6130774399858432,0.7297493670300614
0319,-0.28286204428847644,-0.45884265642285654,-0.2527414586828212,-0.3617131376900232,0.05171504268624349,-0.3506684803294837,-0.23538231171797688,-0.41254019857632823,-0.1353947350003731,-0.20550159688108946,-0.2729065438294624,-0.3824256116996341
0320,0.5363590357168773,0.6047283602838472,0.5654594674952389,0.6135730854201149,-0.18743858041485503,0.5352540124886986,0.6922513705140344,0.7157239000738757,0.8287073603793234,0.4701951859128843,0.5930345898240984,0.5348916227573829
0321,-0.23718297192754878,-0.3264630778709206,-0.061070872566846866,-0.18532981755601566,0.052663308784778616,-0.08610168061064788,-0.30499441005112393,-0.19714482232779118,-0.1022265242886544,-0.17253338558732256,0.08092360912340935,-0.33681396745897985
0322,0.7474229023847329,0.7458045952197344,0.4214273375979927,0.6131872512472215,-0.29802401985272764,0.8783675474587507,0.7793133620423157,0.8135730063767622,0.6154695832350855,0.667125786775957,0.7664337326155825,0.8275950286232349
0323,0.04932314285894405,0.031886123958372876,-0.14336275776756507,-0.04803301627682166,0.2834684837693033,-0.11721450436382044,-0.12156904348610965,-0.0974059852501402,-0.12461187777890641,-0.24739133077484535,-0.20977943580776764,-0.18864994139099583
0324,-0.15590252557577028,-0.2507376224832664,0.06177656635966428,-0.19292557432017648,0.047713423163631495,-0.23843117284249613,-0.2666212067926841,-0.25938963048676267,-0.09745152981236171,0.008020841121272515,-0.318043255376,-0.36809834105333045
0325,-0.1453763261708479,-0.12294218140293106,-0.10442302179058637,-0.13322679043667285,0.2656927117272013,-0.17600205538900707,-0.03374996165407851,-0.06739164932903981,-0.14332340876459282,-0.010682060885744025,0.09527832428718143,-0.3262535264698366
0326,0.322149173437934,0.32357802292230853,0.27312617038729614,0.2799277888506649,-0.0764594717417168,0.1752240267279598,0.4055099416836817,0.2527936833598976,0.30826775423224195,0.22662780226724608,0.4818983762196208,0.3528523459002817
0327,0.4780817012469548,0.2065421177977117,0.03146586816704949,0.2038446473100623,0.3655483225853763,0.1806466439880306,0.3161480113979453,0.4904445885860814,0.2602901240946316,-0.06828199562550946,0.12977405615304352,0.16170500068874172
0328,-0.3996984724804722,-0.3663319354508973,-0.8988093275090404,-0.9883612402191473,0.06550044942458809,-0.7296077586165965,-0.5641994623498511,-0.45825140281594273,-0.4164923304147588,-0.8828603536417093,-0.5732642497462977,-0.6880202897443088
0329,0.20675527143692868,0.32508810373624736,-0.22724423017225037,0.22023046239583227,0.2186223892027877,-0.05531288520765315,0.1269918735747436,0.17381282808282986,-0.08981156110937041,-0.23461953266121247,0.04095017037244698,-0.06616105026919551
0330,0.6883803774663216,0.6726510571857521,0.44511581384753884,0.7474945036361157,-0.023366710027703658,0.8708295969698246,1.0850122820424672,0.9760789417503494,0.857754470973386,0.6991480286700316,0.821337071358662,0.8982105570675155
0331,0.41054039947978893,0.4857412490399851,0.5077092101076186,0.28888923849223586,-0.0699396199879878,0.2799033652404264,0.5668988458255979,0.48604576542525685,0.399793640655568,0.40747395383219775,0.34006151778024285,0.5935615763410615
0332,-0.06583844409371871,-0.13435846147051533,0.09276609281769468,0.2534786924371266,-0.11930788553763469,0.02548784137777009,-0.010207028895310322,0.29396607688900633,-0.10657302258718963,0.24805044924657937,0.009489493955304757,-0.017242043696156027
0333,-0.43570116870106473,-0.35244419497735724,-0.1694385427552856,-0.11809771300484667,0.17675246724864258,-0.3578873784225748,-0.21565232174300064,-0.27694168277582093,-0.29058595909395835,-0.49290014441132574,-0.2503652762953238,-0.2640618914184593
0334,-0.18576488292651588,-0.4753404861331308,-0.21607687866118983,-0.45048338319448816,-0.11541208801377628,-0.4855588273669386,-0.23562614123387915,-0.0481515313363851,-0.3024296479797162,-0.4207232989897247,-0.3200038011248768,-0.38001192826945807
0335,-0.4372271963789677,-0.48501725573055093,-0.225341690542883,-0.35274463703270814,0.058959659489871856,-0.5158514953147846,-0.26299366091027776,-0.43047394890700136,-0.3259691036542006,-0.38242471267697425,-0.478222445093797,-0.6820000616365077
0336,0.5818903119381837,0.2716059997403842,0.1971043638614627,0.5880812620308278,-0.3155076763459852,0.5952456451634209,0.690117917783152,0.3961759939183028,0.7653473963484642,0.4968788266531401,0.571342979988524,0.33301617192280025
0337,0.2831034485477222,0.024384861611058933,0.3833865209216806,0.011579591541369377,0.026035048900719095,-0.2156824090460969,0.1710488111700667,0.08560677942290972,0.17820766324724016,0.31705179849568904,0.36767533485915266,-0.010810027696166898
0338,-0.09809179729038091,-0.10763710740730081,0.24062461504232016,0.009411681113402397,0.15288735982311685,-0.3474532473166176,-0.1363807765261133,-0.13760692655948722,-0.17754325080863492,0.03969318021414751,-0.07934286001839656,-0.1578882600442853
0339,-1.0221012659833462,-1.2859245285262073,-1.1505622737523276,-0.8167054983071893,0.36422747215932527,-1.0018833731556376,-1.319149839171005,-1.142320242238424,-0.9637585951274272,-1.1358376601051885,-1.188681962825188,-1.2812413838066583
0340,0.45427249251251584,0.3183704073131586,0.6083911698654934,0.8127616817551616,-0.4628660245467144,0.41808427663927744,0.8181071723962668,0.602772393802485,0.739819237756362,0.6789280774708571,0.7596781526440662,0.6670545630586117
0341,0.1322596341441062,-0.2692820423500891,-0.12164005478164355,-0.404943347281907,0.21257031539448165,-0.3142717136839796,-0.024281076748151196,-0.3624922297363667,-0.19863025086425665,-0.42929392135876626,-0.19747761972020383,-0.39015150259828507
0342,0.4252821077486624,0.2232969460403839,0.12753470627695812,0.41760594020952385,0.003328046074136788,0.1344254510958936,0.4452777783393767,0.3868311203519051,0.7822038889515605,0.24203609849292435,0.5886369272318029,0.4175603973625901
0343,-0.0919304174804952,-0.038306703430023265,-0.25519360730670987,-0.30569549035272137,0.15266541536276307,-0.3800954848459652,-0.12678134856742293,-0.367986452021013,-0.09311622929501874,-0.4216257809808927,0.1372428478175743,-0.4553199576989003
0344,0.03660810009819352,-0.0051865824539557735,-0.23662032609631872,-0.23456431414133178,0.04254515223887864,-0.37983595857876845,-0.019192016861109773,-0.014519177511539631,-0.14857104744309943,-0.4392131129428115,0.014426520057437364,-0.2208051816557518
0345,0.2420710484766319,0.06903192595139242,0.28290629624909047,0.40330106948187,-0.1499836252150551,-0.09580233625307877,-0.13411869876435822,0.3082042137666329,0.1699062437467543,0.08518900857801893,0.20609801909578082,0.0004718059254030272
0346,-0.6255233152169809,-0.6301748883135879,-0.4002095415559178,-0.5538439442543102,0.17750009056453628,-0.47400111307015924,-0.5142000988656306,-0.5776828324751232,-0.6164536478289098,-0.4060784000491997,-0.4654712317302263,-0.4247500670598687
0347,0.651746920677777,0.3402258121773184,0.6577883983720141,0.6570252556056173,-0.3486425542099248,0.668913724019833,0.8996298916841292,0.8143098608574253,0.7443662018577725,0.6206586504109937,0.8925519994146676,0.6732828831343152
0348,0.06771741316067516,-0.08821569335807651,-0.09935168707324257,-0.14376085536093763,0.12282973391633141,-0.2916831872214752,0.29249423257401613,-0.14980214159484098,0.018100967098736855,-0.29711402074041293,-0.039656603770925,-0.35558582010644885
0349,-0.4276748130612449,-0.3139795446703245,-0.3554944281306776,-0.2902202094554282,0.07884745454984798,-0.4783160965639915,-0.5596790333831871,-0.494122963357748,-0.43848093779056346,-0.23836464051989742,-0.4133067401277862,-0.41319907797964356
0350,-0.23322507162907133,-0.17784849361818725,-0.08673566801857852,-0.31958134980337566,0.22806435530734123,-0.8058977171270009,-0.3924338047630658,-0.11776953800617326,-0.3961105689563868,-0.6495500314077771,-0.2161681702741425,-0.6370319775016673
0351,-0.5246335759801135,-0.5277845296104711,-0.6440822443238536,-0.43145672612789926,0.12870859846315355,-0.743195703585087,-0.29297428100349077,-0.4589362611034456,-0.43303864135108355,-0.5171397857941048,-0.34342721310417285,-0.5236647011494512
0352,0.26628415108014186,0.3575275969333387,0.7741126633019848,0.47155296468187846,-0.5567441700269884,0.7198473780381384,0.5093273066997686,0.35721938613434684,0.36972121586829415,0.8005299146504868,0.6243261233218117,0.5570888323529216
0353,-0.5499535979499496,-0.5452485556738802,-0.28657371212216554,-0.6703972895778083,0.2971710021100492,-0.6742313344004791,-0.7922174116223146,-0.29883966493471503,-0.35849046280572777,-0.3550110639288547,-0.5795096505217334,-0.48686187134199665
0354,-0.6914653638760279,-0.11793651171029657,-0.7634695738355649,-0.9447930116310237,0.15541150580733776,-1.1614799323349916,-0.9136197856199024,-0.7690187854530158,-0.6919331707231214,-0.8183045757217856,-0.7865372450159724,-0.8339888645051017
0355,-0.1247302647744159,-0.2694183390317911,-0.04825588854743774,-0.06852741602728732,-0.19463935679054964,-0.26106334074873544,-0.01328877072240731,-0.050471768180258954,-0.1029219843613443,0.18585091222790992,-0.10320160185382946,-0.3178024419676458
0356,0.14369274552459446,0.637814100877197,0.13475279901878337,-0.18472476892001352,0.4646248679600641,-0.3133151503608833,-0.021157024961511374,-0.1954972337608986,0.20953508006620783,-0.5330804240172564,0.1365515705252358,-0.1690942126181819
0357,0.42944116251365977,0.6239729471874591,0.6283016080667481,0.6398495639420668,-0.6172505107571331,0.5346594317601077,0.918551807277349,0.9748014454347644,0.9866635242642479,0.6932858335893627,0.9219757931242583,0.9653121022668296
0358,0.2664462602010774,0.13468756478023802,0.34671246287335405,0.18456434740134914,-0.015312777646366021,0.3130740376939912,0.3726601842357636,0.19717802919602942,0.18508363433187555,-0.02072680387402625,0.41987205870617234,0.10395513427127862
0359,-0.29476719331148454,-0.03268213863635491,0.15333160497258064,-0.02424984445360344,0.12750542536369708,-0.2313079678221238,-0.17318368740839393,-0.13371147909666467,0.15070018019431183,-0.06554031666389985,-0.16202928647409492,-0.07789926353015283
0360,0.5538610354069953,0.15806125861717132,0.5453621155386917,0.21268658723828315,0.14798340994396458,-0.024048093137789148,0.5079393082157003,0.31904170189720815,0.4097927511492062,0.4674358565327425,0.34577057354652335,0.37465711121989465
0361,-0.13145460732278222,-0.7308070806870388,-0.1378783049376435,-0.5107167518333485,0.17693060556907517,-0.6586511971723714,-0.38967280514290015,-0.26268744077734646,-0.3703621707039682,-0.3450623655502021,-0.09095354091701348,-0.4401511406488836
0362,-0.6625434403676269,-0.3479692534081153,-0.6781269418767267,-0.4271770000572324,-0.05663090231990442,-0.2971559090058132,-0.6548944970890531,-0.393638936847997,-0.46157018524968685,-0.3836233387014428,-0.5027124611712374,-0.5855358741499563
0363,0.12268370503828031,0.1607464612864285,-0.15872754801628833,-0.004467266583997962,0.06857240109239024,-0.35818902517192436,-0.03768471076195535,-0.015378429647014106,0.19004000846662325,-0.26549175371152756,0.26393898086697914,-0.24404305724974235
0364,0.6378799013224471,0.30209400459560115,1.006922552627881,0.9215180398025958,-0.9087364514334251,0.84483998631373,1.1185808632382621,1.0784846709562046,1.0210464640522057,0.9574283927592735,0.9745992480922016,1.0020662572045804
0365,0.38826975035553385,0.4781135610819266,0.39752915654507864,0.2497000693744928,-0.01710485164382878,0.5224082956407292,0.4036301447813094,0.29782627862313127,0.5042386614453265,0.3559539081077914,0.4852343706539995,0.27543088692199497
0366,0.1249508674406761,-0.2400653103059694,-0.06478087299983874,-0.324512660176406,0.17757058988952015,-0.3549337370194498,-0.10596139470559125,-0.1160684906005718,-0.03899481014269813,-0.1324775545051654,0.017916910725229104,-0.16540620622359403
0367,-0.07140387784171738,0.05710258280856777,-0.3283483983498633,-0.14265945795314217,0.038382844879539774,-0.04981835575752567,0.033725812019791836,-0.24586194321628663,-0.029949684466882745,-0.1435625885297739,0.037680959591426894,-0.04514947098964522
0368,0.27986424312576536,0.45980766644073445,0.07996697700507922,0.3532344107968426,0.1500538920542774,0.19569246102458937,0.17696816457907455,0.29103725878709386,0.5134123198846817,0.19649485309256337,0.45226909983818137,0.43227837450969414
0369,-0.01780959258157171,-0.1624993239643316,0.11128494318516095,-0.10317683846998858,0.2846534691795617,-0.43990739237524923,-0.3015522124149659,-0.4174424053966188,-0.03900786584147815,-0.16251335541900833,-0.43487034679020936,-0.23598798349515782
0370,0.3795791285964598,0.21216597705483856,0.4137838859215491,0.1951862021354542,-0.050571531613325574,0.02957639586578853,0.36122358108081243,0.20260633502222156,0.6444187692061046,0.10192300829368188,0.5032882420285294,-0.01983380573940529
0371,-0.3672593427539381,-0.31556554239665374,0.13984137252975187,-0.15428190882400608,-0.019500404158103765,-0.6438188085773949,-0.12228554561639025,-0.37069409658168934,-0.269126169772992,-0.08549631325905216,-0.07806148508279462,-0.41350388219228396
0372,-0.9921937195801938,-1.1180188385844962,-0.9139617017382402,-0.869996489560636,0.2335214607790619,-1.309146604264938,-0.9184459222652233,-0.9828916227527796,-0.9248759634222062,-1.1177868823738768,-1.0834040346711555,-1.0223986733558634
0373,0.32860445379718,0.1687591680126513,0.6720531972954497,0.2289918401032878,-0.2317653777212656,0.014477631527638181,0.43382795221580933,0.4194159054732029,0.6300233127012984,0.5252957154384873,0.22263377721836067,0.4720648461495517
0374,-0.691210047845005,-0.5020254878215612,-0.6814508053820488,-0.811006335358335,0.4535817420486027,-1.172540966354113,-0.5257951331355085,-0.5572988470497343,-0.4255287477187141,-0.9431732213953679,-0.7883893696880171,-0.738164250652809
0375,-0.08006549183039322,-0.32541373703135085,-0.6020192307408254,-0.17111134189021626,0.35893871535077027,-0.44837406446384104,-0.11373308672576782,-0.46480352216378473,-0.11556531369690431,-0.46783863282554816,0.015041525320836604,-0.3389573879021722
0376,0.3417107550153699,0.03861669691985202,-0.048333229911799,0.12348438126098787,-0.2792846661579152,-0.04096051798181538,0.1928235189159876,0.3711695624094723,0.16749127368967706,0.13386624754255952,-0.013802715581720838,-0.009974935094963406
0377,-0.8698210511178599,-1.3385268355490574,-0.6233470792808218,-0.7375331791386305,0.18313717471291366,-1.9073323146843353,-1.3423920064056822,-1.386928210864841,-1.0036491324353605,-1.45122597372753,-0.778927938577566,-1.594333209159774
0378,-0.4766381532584272,-0.09724730944275456,-0.6594451450429595,-0.5016549823288511,0.14631280224949628,-0.533579224880028,-0.4799112637067443,-0.32039035743545113,-0.5379660494858441,-0.3242354088874498,-0.3805753401866403,-0.44845072547671944
0379,0.6390874575474881,0.04962163046461662,0.08755342694168347,0.16083724758620832,0.09579087347114082,-0.011382039941665076,0.058324260127720524,0.16753084030770743,0.3659905917271002,-0.1898897592276021,0.19250068195109354,-0.08252814871541912
0380,-0.7520000534610356,-0.2769880024249069,-0.8588585139888675,-0.8401366328553596,0.5102980486007178,-1.3305538724770656,-0.9108188485201041,-0.7940269524392991,-0.6926002578981237,-0.9056372334151498,-0.6492692124593858,-0.8678230719811876
0381,0.04111768796966361,-0.40556779904923135,0.260496390526664,-0.20456184098322405,0.0767118649905275,-0.529272044988048,-0.29565610387044733,0.19510601723522603,0.14073803341801747,-0.16696429867532353,0.15310246339379024,-0.22578140916346165
0382,-0.10116497955539704,-0.02419742587789557,0.39789249632242085,-0.3332042601913156,-0.26795535234919926,-0.5358135041287309,0.06434460363676851,-0.06688510054672865,0.1509354930990738,-0.19365850073632604,-0.2212186975326172,-0.18532084980465063
0383,-0.42299025247512856,-0.37045603157175405,-0.24490749997987052,-0.24492766064307475,0.06666120078929412,-0.6933144245216516,-0.48178652554185836,-0.48129972304816937,-0.3274156425294537,-0.25710594456202485,-0.2352636352830801,-0.44126150905011163
0384,1.528855671182129,0.6673472236225589,1.2751959656710183,1.4359346394957078,-0.2272316903049957,1.7083485194113075,1.622377148390109,1.6024390781093178,1.5825087080793958,1.4766035836122173,1.6540743171891858,1.637925312564725
0385,0.1323369937621324,-0.28899605993067795,0.21628306615118567,-0.26448326374822545,-0.21262526546407443,-0.07392777079976394,-0.05552237222011304,0.19656121013830602,0.18333170940010418,-0.25249583173491136,0.0261644871523621,-0.25237019997885674
0386,-1.0995927140533277,-0.9132244940604847,-0.9036695822122252,-0.2705807580392439,0.22717576091050395,-1.1377034103841337,-1.0882914152163004,-0.6921544521066201,-1.7622959798301996,0.39159144838186316,-2.6795333119291183,0.3459281721240789
0387,-0.6610706537699864,-0.23517030331772848,-0.8202969116855718,-0.38184741864396576,0.1747662384554492,-0.41724563809916426,-1.086266617711203,0.04349313492548423,-0.8625522442636309,-0.5928202612195655,0.014291264099791819,-0.6789943725748276
0388,1.6763288894835289,1.2218538306497018,1.0246050344183222,5.2986962897471575,0.6552425035936129,1.0448556752741365,-0.2027660247092221,1.0118019139545091,1.495051226376512,1.2376955151478908,0.6132142141042215,0.6922120440492947
0389,1.1978184713569247,1.062184139330749,1.159214232269854,-0.09237848378249157,-0.7584868323797361,0.13332196503358057,1.9050563215272358,1.1817470805475698,1.701326584246016,0.5717203955471551,1.3960397455558249,0.5987711319149349
0390,0.30030054261627875,0.4506953719376055,0.260849167066027,-1.2356658425730094,-0.027907270199100404,-0.8079318161403423,-1.1094706741395624,-0.8677226925269593,-0.4078013309739766,-0.008462016903266404,-0.04391991346572213,-0.11912196602467505
0391,-1.721439634076553,-0.38821221485988294,0.1367943121373365,-2.2781364147225966,-0.29961425033224903,-0.2811088203113833,-1.5299700121582631,-1.2753081440244947,-1.6776991218403055,-1.28015475257242,-2.854084808098319,-0.45997258578061057
0392,0.4493081120846271,0.5398424288024191,0.4288131065274502,0.5264427896657519,-2.5306138724433853,-0.21304709007919895,1.879547530573218,0.7713536977091842,1.7113794151965207,1.986989087036759,1.021177105000181,1.874994014426932
0393,-0.17688382775640457,0.16617136147753522,-0.33165301889711474,-0.8111014084073701,0.2179570174940726,-0.8080175455119046,-0.17093700409407311,-1.0912051598518773,-0.3718830552808887,-0.23204061279337476,0.3977316179701924,-1.0837779624183157
0394,0.5339943091468815,-0.6498637278641067,0.0042531689088606784,-1.918091513122895,0.034475718365592614,-0.39972728204509683,-0.5446780438994518,0.8908307586694981,0.7954373558555372,-0.2870656107413531,0.41877369962752703,0.24056363556992486
0395,2.2306685068150744,1.3863306913902826,0.8752390253858964,0.5821388720059316,-0.6471244730295415,1.7100981865903715,6.699438668503383,2.0722565467586422,6.9419834887895195,0.24551964536272392,2.1576545539824274,0.8960582889903826
0396,0.47103586250622126,1.0054408959299093,1.085220551194498,9.242025370820402,-0.07214760462995616,6.752109835295824,0.5542666983881906,1.8701555907766896,-0.7287046829921817,1.0480390249669653,2.037002947288811,1.767355632278057
0397,-1.6047948350529821,-0.1117070567559243,-1.398930888247343,-0.031023371666226835,1.2170868102202015,-1.7122729326232493,-1.6049247410472427,-0.6903865184952902,-1.2346295161073106,-0.4729640353594689,-0.7276959821490889,-1.3144598720999396
0398,0.6936301578426346,-0.8965493743535223,0.5777760142623434,-0.8960548123255061,0.2843927137108816,-0.25771649619869724,0.7123222598299017,0.3063026045192667,0.5426083284085548,0.44380504386117287,0.9348576831065712,0.13246274008151535
0399,-1.145106677623906,-1.0155606827908772,-0.18331870966626512,-2.775945613661789,0.6188717895343397,-2.201116772363094,-1.0919912537675465,-1.7386459779046803,-2.1711337570737794,-1.013718092208573,-2.2763676922373763,-0.8585830278294192
0400,-0.2488486492029192,-0.8315396233446419,-1.0190023780189628,-2.545142413421823,0.6224676204972868,-1.2840182223080427,-1.265478755925107,-0.7884025243254064,-1.2569911951863346,-0.8319204744154456,-0.9106770835889019,-0.7109453010738577
0401,1.399765906716673,0.8595581045155137,1.0889321064323862,0.6850715164386071,0.11729513964961903,1.5779317886021322,0.2710498310087167,0.6725380578094772,-0.11805617851482075,0.827825498461255,0.8906054123205994,0.8571724054531755
0402,-1.614489153657283,-1.7454859036193178,-1.3238722441690436,-1.8305395509187508,0.1072322049876756,-0.7465162066040695,-1.0231196160529894,-0.37303176834089835,-1.082299841899886,-1.2715205169549928,0.039578499894962364,-1.1675258182688397
0403,-0.6806247018136532,0.09523652208646471,-0.6609530836362446,-1.2678673624644548,0.058930783564005974,-0.9518952104905944,-1.303787177280887,-1.3036221961344967,-1.5137395219594383,-0.7625193152948873,-0.4286479785794835,-1.0121372038415994
0404,2.541863463759127,3.116896752607573,1.4946914417478956,7.064045863408392,-0.10689343113691588,9.269542370393065,2.502263335034875,6.584214147813536,2.1600797235698352,2.5638655494449645,2.6465355557621506,6.4942704369045225
0405,-0.8104715450249875,0.019490325189742978,-0.6558190213821553,-0.6201951549153578,0.2087144938704601,-0.3274813528820149,-0.9044359645229031,-1.208825229744165,-0.5669684237075798,0.3006047595926403,-1.4967488559812538,-0.27345671082317
0406,-0.4889352113210556,0.7739485834802994,-1.0958591741026436,-0.015398723392108304,-1.1208969422418538,-0.2624052138828977,-1.425064486841383,-0.16680341202796747,-0.5945738953260888,-0.09628840888131245,-0.03309853231894155,-0.07416794522542301
0407,1.0586696122517663,1.1779684622342823,0.9804344962272616,0.24340056241234917,-0.049700313349456314,1.2134459838221736,0.8113720544793136,0.719809872812408,0.13943250100376012,1.265934794665702,0.761931420564154,-0.3437517003504282
0408,-0.3983064875961215,-0.514219360589652,-0.4553469753254606,-0.5612865859310139,0.013440822960793509,-0.5180000746697297,0.0777157094416291,-0.692536535719849,-0.5668439375315976,0.6595084575434378,-0.7698321717732528,-1.025470464192026
0409,0.9961982931964853,1.3585447017044572,0.6263095841248124,1.4829956618790134,-0.5103402767755277,5.364364763416144,0.7733299824488477,0.5492560977285823,0.6067416253003068,1.8521466090603513,0.5289725843961857,0.733329873750311
0410,1.9909453394185157,1.2062907686340947,0.678559612165544,0.6593709905101319,0.5177124062916808,0.5738757367468221,1.0322532149282442,0.6928332591701984,0.7569987323164331,1.2347412523248391,0.9304623325544505,0.6459685116707236
0411,0.6557302166552947,-0.8195641611388856,0.3656076419443818,0.13370416393659984,-0.01219508020733966,-0.6754525422647184,0.5825083435997805,0.11345776547596606,0.38799951262113136,-0.15691393764999187,0.5945880859896565,0.16438636485456626
0412,-1.3134642176382225,-0.4676879336344254,-0.2868499648896346,-1.8732361513328837,0.5477130790585099,-2.1881047787588934,-1.4416249035321758,-1.646422797081659,-0.6857073823597141,-1.5473343098414918,-1.3561148064551938,-0.43110511258796047
0413,0.0353786919205644,0.508335413163275,-1.4379294378352807,-0.8965577273614567,-0.27447972515023067,-0.831356559964415,-1.2334775058104415,-1.3015558721804767,0.038183383955959674,0.1715487273400663,-0.5224899269231733,-0.3396927146391418
0414,1.5380025501471082,-0.5487349669066289,0.762025516722793,-0.8804451659667126,0.39463038324384536,-0.9666054739467864,0.6942947834159477,-0.2936882489658379,0.5677995130903456,-0.8987052757364039,1.55128886569442,-0.6322797721081168
0415,-0.3342901151246981,-0.11550771553892598,-0.5770490588762692,-0.30218538299692854,-0.24977105721487952,-0.3593785528716264,-0.047059563597644356,-0.3691440072694952,-0.03241826683903376,-0.16481830918571444,-0.26377812002870427,0.15794099045950155
0416,0.6678569724528521,0.3300666380109723,0.4567148932964029,-0.45365304338840895,0.5406144365902548,-0.22578275147761398,-0.19561267136765031,-0.42213562220215844,-1.0189322165597545,0.3081169249437375,-1.3573811874656079,0.14912011747914053
0417,0.4941590867494521,-0.4345243319896253,1.3342140042541042,0.406398152998233,0.16889634606454054,-0.6201460711108961,1.6053317791027695,0.45124028604975314,0.8403301974530282,0.014162161603858116,1.7301996514173026,0.14334501326362553
0418,-6.330843802398836,-5.964220137110502,-1.540304866074081,-2.1974900968374853,-0.029496468544391016,-7.122938261872468,-2.008410659969585,-1.8130284081712515,-1.4019002854810374,-6.456386337948351,-1.3491762591991552,-6.1707567809901915
0419,-0.9857312485798313,-0.34923882328153105,-0.5503852691832591,-1.3081147079664481,0.5351595559197216,-2.3908889909277886,-0.3944785322735519,-1.3594933516711152,-1.0820177481065105,-0.4447942890099146,-2.05327552229905,-0.6481805120905025
0420,0.683237744438948,0.7221554029570276,-0.0990133955263032,-0.8813524388921875,-0.5731082315951703,0.06731096647474524,-0.4289048461284712,0.1628221586938795,0.4517970456710011,1.3946117726958733,0.45791696410891136,1.4505005460196658
0421,0.9504785063019243,0.28818550086835043,0.30170099541156403,-0.23299792360033722,0.6095817162727892,0.07179686099644854,-0.45452570980966295,-0.5062462257436141,-0.2636760895919419,1.0733397490493337,0.3282105149747182,-0.18633995465000375
0422,1.061336400125579,1.416803188875041,1.7542792692416238,1.0318485739513192,0.17943152129233594,1.6630757090691775,0.5092272147415573,0.034771422959034765,0.3538920902490429,1.1595652087797377,0.31975777214781725,0.274774069796409
0423,-0.7205846661208737,-0.644339228152978,-1.2720353143923782,-0.49136430340139003,-0.05961747854434895,-0.46013829095987063,-1.641542534721338,-1.1097953613589724,-1.390042594467611,-0.719723337685898,-0.7508467989430789,-0.8732908465120153
0424,-0.35780214724007203,0.47658009029559606,-0.18985534442054477,-0.5668615544121514,0.24401145839707727,-0.17686041334120792,-0.45788965954106864,-0.25068151895403,-0.031334255101301604,-0.01924148970610118,-0.32915153730349767,-0.023869470745281125
0425,-0.6590878228779675,0.24359800018845937,0.24985847988673257,0.14965219666795798,0.16438097557677508,0.15621354341831847,-0.3557544536706021,-0.6912383620199798,0.09079219742714895,0.21927181957779324,0.14371812307657222,-0.2659843465178281
0426,1.2534751156877753,0.7335131360834455,0.6672252648929919,1.0525179182294848,0.6483699897060081,0.9753605554980536,0.6248467847346463,-0.23978624456911743,-0.2149531237616614,1.2026988485555956,1.261878816887175,1.7082225926890038
0427,0.8217137324939112,0.6487545701242945,0.3021587420236674,0.47756858115212425,0.02173307492137732,-0.028573629919382514,0.42514973736416267,0.47144917325318786,0.7013173422626435,0.44997018328869526,0.8199860237975644,0.7403813828197687
0428,-1.5816429319728542,-1.4693059668233481,-0.9203763727526733,-1.2451600281842659,0.5653561977790865,-1.8795287188398784,-1.4554850967606523,-0.9458130124338536,-0.8848836635825609,-0.7339376431697855,-1.2620928514237606,-1.3359944158304613
0429,-0.6363410748974423,-0.43623175695607624,-0.4920962675365373,-0.17026205575345285,-0.7622453900367441,-0.6044300280880968,-1.1727780748804026,-0.31700650836692795,-0.4486379749903804,-0.5606981963872238,-1.070655846259919,-0.5179161635189611
0430,0.9932119348261087,0.1410527762815731,-0.1048815792420992,0.7550036754658004,-0.5039253176031329,0.15802867824651082,-0.3741788252939728,0.652572166460309,0.021044965201903607,0.8678390933570929,0.442133768323336,0.8965905412320019
0431,-0.26347753261146295,-0.05353743277023693,0.0403629496694037,-1.0431026840854065,0.3240429745371203,-0.6040620244775968,-0.5090405436900547,-0.5283882883425918,-0.3932908800189507,0.490524313858422,0.12246525454182755,0.3890999528498467
0432,0.49181484590843233,1.2734710935642686,0.9818603482847751,1.1637714762974491,-0.30638898827025196,2.5789110815060856,1.1097899427146174,0.6194783723717102,2.3906354754580614,1.593430895397196,0.4918702020962298,2.3446751254477904
0433,-0.421007170369897,-0.8629578533908286,-0.027308602427038652,0.2914639126405416,-0.6741399208980369,-0.3408213055597063,-0.9263341592123664,0.11579904207506142,0.2161804362297538,-0.4402736799976981,-0.46832514239652334,0.13423779504468136
0434,-0.11715493451581387,0.06976694149383886,-0.6811461455444927,0.22881638934702284,-0.836183853151675,0.610202885891549,0.5633893778943251,-0.026789181295083418,-0.03497674347630085,-0.3588288068589639,0.6109548025996766,-0.320236623365095
0435,-0.9694664763619306,-0.6741173770254643,-0.5158399483048969,-0.11262711353784395,0.05716899696803801,-0.5611150597330566,-0.6982490095345626,-1.0289349643762904,-0.46344562525182653,-0.8216316360851448,-1.3735403384360703,-0.4254904887412709
0436,-0.30709909896126714,-0.0959674753837585,-0.06144225385830638,-0.40942762355407164,1.1798062673153369,-0.2914326656829889,-0.5995657424844943,-0.3664394774932587,-0.5226305134957285,0.03029128491183163,-0.3349430215438239,-0.06737862839982434
0437,1.8811308657893635,0.5663404574974683,1.1461411524164868,0.5531558866132019,-0.03439090144010983,1.3757425104253225,0.7401019502096695,1.371922913578397,0.9267446845295286,0.6386136305874711,0.5341978070656089,1.1553874518842484
0438,0.41651883921928656,-0.0642738412380223,0.08733741006895386,-0.393286171548356,0.2776274669479533,-0.34390294809941097,0.2988263559955105,-0.22664541503710742,0.6551192449445428,-0.7317872182019007,0.8929076152234913,-0.49430224631756686
0439,-1.0499974451636187,-1.4931892761227334,-2.6120775310401325,-2.449339761011269,0.6633112561629393,-2.603329597292292,-2.934942150325333,-2.692325581557089,-2.620638654938321,-2.5386467564355635,-2.7995533155048786,-2.5462672564211455
0440,0.42850722368993915,0.02996701523417918,0.3044511211817744,-0.009991989819586364,0.17725056529247166,0.2728359614267257,0.45497256144425136,0.4192541449525063,0.16209814691334476,0.24509964603719095,0.4192774819537981,0.3396253935126429
0441,0.07895836301775885,0.07532554553011858,0.573108683134403,1.3810712226249546,-1.6116216024248733,0.810016120078019,6.667102540426715,6.308586482374355,1.4840272008104272,0.8590838017314605,1.4671865108161384,0.9993528636911215
0442,0.05036155199600347,-0.1504183369906909,-0.6264849589555949,-0.04370383834588714,-0.08565002651665574,-0.22118446750990925,-0.3456955534474494,-0.3385991547976285,-0.5430804020203088,0.2478645372045421,-0.1298793856099162,-0.13784152720489387
0443,-0.43786015348552854,-1.1508369682026485,0.9416708253433227,-0.2924772030621936,-0.12243771716054457,-0.5804865888288664,1.0241610645493378,-0.7176154128119849,0.12764967435529775,-1.068868385941482,0.23287832473931144,-1.098163941133404
0444,-1.1405089979295504,0.023929460924019832,-0.7357117686261209,-0.11488609964024069,-0.12341421469073773,-0.16916558416208408,-0.7672192704919972,-0.7893941356826636,-0.16696344553921733,-1.1939820529022735,0.2351755637091396,-1.1736983543045474
0445,0.23452305884677108,1.1078876991394184,0.8891008442459092,0.49061855542912336,0.007942947251216288,0.19284741308786066,0.2756331807018131,0.7818650782189234,0.8490524756718982,0.11002616608311978,0.19638963351148667,0.48442706555262416
0446,-1.1920362526199988,0.029526566098602235,0.023477072512867823,-0.03911473870363363,0.1754666770879355,-0.16141091379403164,-1.7473915270733762,-1.4512823751934787,-0.20482965916161325,-0.7544576377213322,-0.05644315420215064,-0.7191838730015512
0447,0.27716233514874644,0.12498195757681126,0.2286895536444107,-0.017744756496606045,0.28480943550431825,-0.6190729246899395,0.5438784805488172,0.35015758795005697,0.4744908433227037,-0.16627433633199817,0.341507054651662,-0.05521850649765956
0448,-0.4543531864822228,-0.815168939170592,-1.0654311240996437,-1.5451009800127962,0.6846221590757174,-1.633866583324219,-1.2316808066026552,-1.2569227035679487,-1.68730385453476,-1.1584253491246335,-1.6919195286530448,-1.5722006906582355
0449,0.7667775238665723,0.08399319205454783,0.06450540828914424,1.371023836480295,-0.789840812030345,0.7691386669389015,1.3853982258312152,1.2440673631383523,1.138448527586349,0.30475694228967853,1.2958164983662632,1.2767357661803758
0450,-0.6478413691204002,-0.9819797323868502,-1.0647506144838004,-0.06767688666979457,0.28232535262316183,-1.5102047734441182,-1.1879703381912963,-1.0484487486465277,-1.286121979511902,-0.5655346940895013,-1.551475614096007,0.09320253110503186
0451,1.0743423409847221,0.19103398664578955,0.8921170531216382,1.2074185548231708,-0.3584811810395745,1.301445083237792,1.1078914726723776,0.9395282636639074,0.10929381373518197,0.7980237871559291,0.1757451135286257,1.0415060319233886
0452,-1.385629263117043,-0.9940873488532909,-1.3224152008281185,-1.0996811233080481,0.2802129614692562,-1.2791025271510834,-0.7777296518045216,-1.469376323084127,-0.340238521272253,-1.000440250146833,-0.952785916649473,-1.1419354428119133
0453,-0.22537216335906643,0.701258063040867,0.39417317964325504,-0.8064762003848935,0.8515765774307437,-0.2640816087552813,-0.4227794556831233,-0.54287367736189,-0.9711347132670569,-0.16068621557753845,-0.4721382978067683,0.2564908122242955
0454,0.39942460885717307,0.8145991668302188,0.9070690525624568,0.5461333860800679,-0.8173103862715843,1.4552955753699366,0.9112071986846769,2.291422287295768,0.9019931366030551,2.3673120359052904,1.444782343641566,1.5207101894784296
0455,-0.06104900228749567,-0.7626673576291142,0.7749680582718314,-0.560549428719918,0.22193367227439442,-1.261290211163752,-2.0068558063947024,-0.6905282836935984,-1.1840047291562734,0.0699106657848841,-1.0422391609242148,-0.18307830452224522
0456,0.4901056768070456,0.4319434777188039,0.8006052608162796,0.5466717265365968,-0.1013223980661455,0.5149936949577191,0.8180477469412725,0.949616796748319,0.5848323577231413,0.08089091244721877,0.9171796126227898,0.21104649588306731
0457,-0.2852716445323136,-0.3552815301328685,-0.22317049924459484,-0.3239265416833905,-0.5446143546010034,-0.17744598041869974,0.02971080829989352,0.14415177699956702,0.10177323122106247,0.19741110285734786,0.0383663450099691,0.24891577980311347
0458,0.42962686480610457,0.5920693715145507,-0.0041638574721994896,0.1260990389738283,-0.06426073086032277,0.4618380787639712,0.8364994252204223,0.18623318116974238,1.1135068081348656,0.2051387333646726,0.24715877888966356,0.16582322227259014
0459,1.1743074988710125,0.40593975770637203,1.6355460566017708,0.3442116197708847,-0.39714619113178484,1.0895926086664307,1.0846798497617791,0.150142260671115,0.6018892347960298,0.2205727508212545,0.49843306520688785,0.5936007286691567
0460,-0.10764244342932242,0.17247271337650108,-0.12576705630023427,-0.04143150087762614,0.8169788805660915,-0.564920639668219,0.16705442813593357,0.0576789050156257,0.11527709344864186,-0.4529145836938885,-0.24228644164530166,-0.43700982006993794
0461,0.29718919176874353,0.5178592350145984,0.850142736839759,-0.0757846891630853,-0.015233102516839259,0.8892413340076516,1.090362232937105,0.20717739645652308,0.31276406956507313,0.44455671367677085,1.1516019317789326,0.20469997181962593
0462,-0.4363543578826707,-0.38742907696809037,-2.5273397112041494,-0.033046994246849336,-0.4138040378543516,-0.24270369635114966,-0.3663079898422432,-0.5661876380722943,-0.9925781734802432,-0.5473565423455216,-0.5866022773697614,-0.13688589061755096
0463,-0.29437505645504497,-0.2659840953498966,0.3302582588991317,0.39781699048726515,0.8747596868222824,-0.16598440141741977,0.2756168084842232,0.21578275954088474,0.4775567604531707,-0.4067515464956118,-0.2110614994862242,-0.29777679264784607
0464,1.1925261143469892,2.916120035664388,2.5175036851859054,2.4434051084061656,-0.92166213532122,6.69423414381783,1.8607773397080998,2.4011022149128793,1.8106567406640184,2.3034201347610597,1.6328940532152536,1.574005628432681
0465,-1.4647421723867506,-0.6158475735143096,-2.831656632284137,-0.8733079683816282,0.2999676273488978,-1.797155722565074,-1.4926541632402577,-1.520309095380915,-1.1995649396404116,-1.500647573804692,-1.2598306119004077,-1.5952168258863317
0466,-0.2346212254393136,-0.6900211368561773,-1.7136870515196994,-1.2794528022483425,0.07717425070267418,-2.5723325400328014,-1.2539655462628687,-1.0172614322439109,0.2625334643309397,-0.9717563641799338,-0.8349078384381415,-1.6651980003485025
0467,0.4752161829802075,0.08544569405256407,0.5938187057438777,0.2928349239819845,-0.3121147893829858,-0.1734180579143413,0.8136685319585444,0.16966593969752575,0.9726207407269388,0.6343802616728372,0.30082477772069277,-0.19359698187375876
0468,0.8301169833251627,-0.21398814610170183,0.9066453870776322,0.26371415712006097,0.12382313470522358,0.3444537459427526,1.0723991385785103,0.48370131091841834,0.6529620456211267,-0.005278941033400092,0.8668658742657452,0.3863435899229471
0469,-0.043363720219534996,0.3200897014804398,-0.0854981511068005,0.2843315623503919,0.48597496466408296,0.037695207932490316,0.675526422089131,0.13502909197260768,0.06927303985737812,0.13655990942581467,0.9514588851724939,0.7290503807875138
0470,0.6207020736032018,0.12441395894417034,0.9375984046367197,0.24679971568324402,-0.5118035531330539,0.7418572981340021,0.7457191285105594,0.8805725377078206,0.8772027002002722,1.1053575359122003,0.8322833671799289,0.6511331980380117
0471,-1.1948455776084512,-1.4292919147467584,-0.8932380475831658,-1.307166037335777,-0.21203170401019553,-1.8767949609288623,-2.931101947608273,-1.2428393906260913,-2.711298032668695,-1.1777674421761573,-1.7932273625348087,-0.9559631907916597
0472,-0.026238171263173078,0.11822828775400838,0.2855955698790124,1.1045308261750875,-0.1409976126787955,0.7369020184589986,0.9768302634872641,0.9170065447588153,0.8770600251338576,-0.4318765043752925,0.4785430961476011,0.06325433124590736
0473,-1.4838544999063088,-0.20464463598006205,-1.2431717563239946,-0.6581893903355707,-0.31740442935601065,-0.5931387168327078,-0.8124180375496574,-0.29650451493333235,-1.2575807368689016,-0.24945428230984024,-0.7463186330880957,0.2244449767331161
0474,0.292832132497238,-0.24976135279453116,-0.1392811524574715,-0.2629519216338435,1.114521687300702,-0.4857055229686602,0.06245766966693722,0.6617486453059526,-0.5236767672098969,-0.2356237594119416,-0.5540289146186246,0.2568627741008276
0475,0.8353869962176463,1.3177242713566495,0.642035528260635,0.9806276705760614,-0.7419690744593945,1.2529536049717696,0.7815598905887835,0.5661524102013746,0.2994308584872415,1.0639149171926134,0.6901402502645895,1.8884146989947657
0476,0.7258206256242017,-0.2538698705684439,0.7431120916382731,1.0587801592271786,0.06526123092571676,0.5731588852786751,-0.22449483935075085,-0.32804831720134037,0.22255432895773017,0.29108313695983523,0.2496336185490991,-0.003296723751971389
0477,-0.19818432814057782,0.10807298206484035,-0.1503469233364078,-0.3907358350040752,0.11102375521524004,-0.1535998299845386,0.07134245363319337,0.006046850075631455,0.15823438765182607,-0.12340995464203385,0.11923761374994608,-0.11589196557534852
0478,-0.30617872034022553,0.4161482250907152,-0.8272765710001353,0.04082124009945504,-0.2941979633363139,-0.2736236585604106,-0.44112997926722763,-0.564660271159158,-0.1313324379348716,-0.6613294258864468,-0.4841753289245756,-0.4987446435519843
0479,-0.05597712774442921,-0.20742438996771467,0.427402995001708,0.2811279024139207,0.3449873080187759,0.6390172943059587,0.4720157083868192,0.8031040551423636,-0.3906596294485318,0.39046935175065045,-0.48968992489951435,0.6967535117034992
0480,-1.6050901953788235,-0.5473072512664225,-1.9681124636368919,-0.4877474021052145,-0.15611074081654186,-0.23300533604984527,-1.1008603676024427,-2.4807031120791034,-1.384868179093379,-0.9007453016108443,-0.31161304968497205,-1.2159128128289287
0481,2.12297194926862,1.319115383175383,1.0450183323326439,0.6908664321133601,-0.9201648844107835,1.814261006700184,2.1568045135240093,2.6802629810031453,1.3563650135543033,1.7229873325531773,1.2903736748875125,1.9172953170224893
0482,-0.11941443485877955,-0.8695917252290886,-0.3685098488723738,-0.8391746062089186,-0.042927547794202485,-0.1799999493649693,0.03816169004581342,-0.7836018958082654,-0.056820341770251255,0.2287235494144095,-0.06521484253958429,-0.4675267144806132
0483,1.7007825351780592,0.23740377931335746,2.6361099720996237,0.4816055886131584,0.40985601964578927,1.1192072798729689,2.8132826680939473,0.46438866617617597,1.8782616009168847,1.1831964222867293,1.8592193170419065,0.787203569526444
0484,-0.15834614600232047,0.9639643398008445,-0.27145553855379473,0.7742103436407781,0.002517571837815712,0.1395969766294119,-0.8125790275749213,0.28045996648252264,-0.5811495171800293,-0.21850006783142056,-0.18288978193547828,0.34436986412756815
0485,-0.0088648555209795,-0.22732408874712853,-0.28834085987951696,-0.17796930868876581,0.586441671409148,0.0934021326269552,-0.6464218815818216,-0.5243466011765902,-0.532534780397334,0.1967322715270976,-0.5733472460793311,0.1891341873813729
0486,-0.222497595532136,-0.16851661537908894,0.060425432174158245,0.40898896255588985,-0.6184984265283329,-0.15496354483513644,1.1666584278544903,0.30793455189589436,0.3309419702475081,-0.5166694521827911,0.6674423298028603,0.1483531566974395
0487,-1.5630818349541011,-0.24143587621043036,-0.9935297006351609,-0.7896755024395372,-0.4925570422679192,-0.500914554320116,-0.9433739952171755,-1.1712935848858632,-0.5668530283559027,-0.620169116915471,-0.7023395091805946,-0.9388449692677081
0488,0.5220244271931365,-0.10933791407082277,-0.8793595637607756,0.5475661150455627,0.8827786547908824,-0.1857996943765038,-0.22792778462188304,0.12384738792798342,-0.7976040700113989,-0.3893256929559622,-0.05990242719808627,-0.21768310909454897
0489,-0.14624976524472957,-0.48494471303423897,0.4654569992184333,0.010302271923617249,-0.23955131901215906,0.11886158523870996,-1.3846575867110635,-0.09339412183518034,-0.39962198992964976,-0.2475015059165676,-0.8215036319661349,-0.037026841023545844
0490,-0.272964366566641,0.533674087526629,0.07776691103419295,-1.0490169963073661,0.020491919179401644,-1.0129399528221772,-0.35470787871267057,-0.07136565823166348,0.28350981887974636,-0.08841784897820562,-0.6785964243732532,-0.7513851287758341
0491,0.8387268582724186,-0.3047596555820524,0.3532649310752084,-0.08533587038985263,0.8680054173052323,-0.15313530256504568,0.6587536513709424,0.10931409779716986,0.7516179255253409,-0.20371651461134604,0.7858337940545735,-0.3356994137429485
0492,0.8699440637058093,-0.4181357657090771,1.277197311317892,-0.21343756789598203,-0.02378386438941173,-0.5592517502120151,0.1921587397271304,-0.7106454573508425,0.8078741976314935,-0.10159742509163858,0.6703999035197694,-0.7843865025689237
0493,-0.7880654416715175,-0.5792742248603803,0.003231830118223056,-0.6101286760485206,0.7484425009699316,-0.6498355069106475,-0.6881711109577665,-0.22043075309826612,1.0039554269364908,0.10185554779836366,0.5764707708728601,-1.6661902841514786
0494,0.2493818273954881,-0.3480221456028059,-0.9499541671404438,0.011681301288172631,-0.24709570935727898,-0.2462557688856743,-0.37090794191895227,-0.6555800076540738,-0.44686750182892737,-0.24975400562824152,-0.28299850315882136,-0.3349353475959835
0495,-0.07353365859823296,0.08864538280394765,-0.051262843707787754,-0.34580386277768876,-0.6663305471521835,-0.23916478599752442,0.26140818107392305,0.6415241197653949,-0.24690463635940194,-0.09719004132225388,-0.061739146943320625,0.8377390461154504
0496,-1.1293302944961698,0.11137345400936974,0.11398344234353631,-0.48094191566529904,-0.2527385676591171,-0.8660269605745515,-1.6437834369772564,0.33878400783191315,-0.653331948023843,0.15631836145377656,-1.372937013782109,0.013699014379534755
0497,0.41873984339272136,1.3645053973653383,0.27235029694965973,0.14546554172942971,-0.273007855916812,0.9588218286580357,0.04688310384005119,0.27046841276358735,-0.13915542785952859,0.24168797147896487,0.24861487238242042,0.3272841968671289
0498,-0.07100896079725533,-0.5932958564652618,-0.5184916545202409,-0.23041506102263823,0.22712296639983212,-0.25583102092680415,-0.28918028365662174,-0.13270530872015662,-0.5147817860396058,0.297063813532269,-0.7801356351232479,0.05332882640187968
0499,-1.6826090060734744,-0.5350048735950594,-1.7194565284862386,0.19845097970375505,-0.28731236226184625,-0.25671450007148033,-0.6191982428665398,0.09960260406341741,-1.3477422382147257,0.021964294725118093,-1.2692723880972863,0.08180974986747683
0500,1.0739211533535975,1.330311607473271,1.3406971961668455,3.240196587236918,0.07185179663048472,1.898183568957077,1.2993249649335799,2.8160519753986204,1.9426374607218992,2.620041338921382,1.3054001602722447,1.8369229444681225
0501,0.9055323732085764,0.39258933713439664,1.416138274694854,1.9250484021069392,-1.2233606207733931,1.7678897804084184,1.7708676567416193,0.6549633438899435,2.141264115517826,1.6505069310527618,1.6565955014520855,1.1903301623074465
0502,-0.5484289389284149,0.8123713555018409,0.07556358027644758,-0.5678179127866931,-0.18441769689232937,0.9267516485493417,0.08813981864725479,0.14754390806800374,-0.23389465142287272,-0.03585341452614921,-0.8025548758921406,0.06663680254573626
0503,-0.47170117010919566,0.013458635808079747,-0.20782514726574194,0.21400492409040975,-0.08853906367878195,0.6270402471041705,0.6138349018262974,0.016322033406975467,-0.19305026985898988,-0.10754520329907268,-0.4596922577159562,0.2945396267090248
0504,-0.041322429606108955,-1.5558592671659859,-0.8754309647673871,-1.7089454134114763,-0.26333148738344664,-0.799364568505076,-0.5385603302689971,-0.7544098630873818,-0.9922703677019248,-0.6368876943874191,-1.227421304533404,-0.275663714387218
0505,-1.3947965663603428,-0.8645472921585573,-1.2783196715426324,-1.3684396529451803,0.5879232895522579,-1.4226516280837889,-0.9339685177608953,-1.8455364862376735,-1.4082688098148157,-1.2276227865731344,-1.2006887170561917,-1.306747651999297
0506,0.701695381914651,1.1602799168742837,0.6943076845225473,3.3827944454851813,-0.7356197336219854,2.0358631697375156,1.4519101082904,1.1232668765788192,2.969072048817633,1.49996145669429,1.396105131656649,1.961013157000117
0507,0.1049353394943115,0.6734175847768807,0.42110495369327333,0.39612447586736543,0.09310934423500056,0.267701159001836,-0.3604722320620796,0.500902666833993,-0.44626885450618736,-0.044796768716660766,-0.028798910944307782,0.029339266779965796
0508,0.5222952195593807,0.8506036437813312,0.2537604792198977,1.0034563748678724,-0.3498416707513823,0.5064318000913974,0.4828849356399815,0.4885775953862538,0.5032387113715429,0.3548604366981644,0.7550397117031483,0.08647639666902245
0509,-0.37120593120589773,-0.6806455455954663,-0.43598063131630377,-0.6681262256713394,-0.4732763035713809,-0.9986390306063367,-0.7202930025239586,-0.2476901843655617,-0.32840208916396935,-0.21739358463939382,-0.44899636944721616,-0.6081731506114372
0510,-1.05920582198588,-0.8119917031412557,-0.6898605722229912,-2.73659616272996,0.3185206406267278,-0.9918164871915424,-0.5123600902685981,-1.0513422124421847,-1.5755175029569721,-0.9068701134686928,-1.0116188242461965,-0.18364162691354025
0511,-1.7325123831660205,-0.05057958417298765,-1.6098809468016935,-0.44097418541107825,0.8313234077024977,-1.1033170075284737,-0.8296700971354609,-1.4160359251049424,-0.6632995105472621,-0.29010192803345997,-0.8689684760968214,-0.8355392171057229
0512,-1.1359203145315757,0.0094724387794739,-0.5794380594019563,-0.029427179424571674,-0.08170774810056582,-0.8353712581278219,-0.4425941629718687,-0.44034555982477025,-0.8636807325805067,-0.4092182043079017,-0.901781886864131,-0.5044844384516148
0513,-0.008502540906443345,-0.9865160423813439,-0.11814925185949104,-1.0443816053617792,0.6996447770440714,-0.9387493611116848,-0.10247526786090173,-1.402720468458161,-0.38898928187262266,-0.5647367293648259,-0.7044629321843041,-0.5300515435396418
0514,1.7351033214752098,0.7605079273638018,1.8554389554893638,0.8290028413401674,0.16050786080604004,0.9079841546672172,0.838528681414409,0.5189103732358237,2.010024663981523,0.7058263785285187,1.1741438649109075,0.3811649916581216
0515,1.9549240309302311,0.8031244133759146,0.9008843932856699,0.18393460060541098,0.43745001406108147,0.05912516213071896,0.3885970297955364,0.3369007958651827,1.2172936953536093,-0.0053313166902425055,1.6199460823131908,0.68188099044411
0516,1.537385810037376,0.2990629304928398,1.4406110367654696,0.9311886786051283,0.031733733548692813,0.3912018976549093,0.6420842042493601,1.588258301529468,0.3223413905433361,0.7458157871552799,0.6498998033528995,0.8292360384869776
0517,0.3382266300102562,-0.21268058493685707,-0.3877144621462144,0.07248549275271032,-0.2535177634592611,-0.3010175601875676,0.08471776238890856,-0.03309621154107626,0.33274125171859764,-0.21233983811318743,0.6098806388766428,0.12731981808696194
0518,-1.3858782641296297,-0.7191579427882202,-1.294021462011864,-0.7698912120422707,0.4336828119570986,-1.2656092386405795,-0.2833330166724758,-1.3842281291756942,-0.35777531320525746,-1.5990475877561803,-0.49581613968821664,-1.6607341598268395
0519,1.7752604770923077,1.1216911367403373,1.0370842490807346,0.05469890678403669,-0.06652303316269183,1.1794403770650972,0.5760586391706876,0.3769159820960041,-0.22465026151281456,0.21410942744690561,0.596380038134008,0.18770084653220517
0520,0.2600776238866096,0.07007793734655975,-0.5002659939108595,-0.7064439930997972,-0.2005953688780902,-0.5314752802343048,0.1929456441527164,0.7806839929404331,0.22102501167968167,0.24043230972446403,0.261257712355083,-0.19940492282397632
0521,0.8169877123497349,-0.27020652747389284,0.7781528200011144,-0.32474862655074016,0.09565972438466515,0.12643256018408192,-0.22544365433016936,-0.16944408152886156,0.24927517834710367,-0.6506940015802047,0.5529035223775035,-0.37322420421314656
0522,-0.3604062882483968,0.22777248166080913,-0.0037829293021666042,-0.24884466308036793,0.19370052746094013,-0.03903559384144643,-0.05575585437379964,0.5436880826121482,0.6643220660993683,-0.46858453223138996,0.33247919275087734,-0.45563753708412974
0523,-1.8815863252360319,-2.608761452265702,-0.26747571023000144,-1.7318004827645497,0.2988198238747857,-1.913274865922989,-2.563472733878064,-1.385502531595235,-2.895488524611436,-1.2152464581628202,-0.9584375283957239,-1.2016816626593574
0524,-0.45809140299529877,0.5807093870136705,0.3032397672557201,0.01994353802829775,-0.5336657586372656,0.14440169398587788,-0.7590555461054062,-0.0979964843541272,-0.4128071965135088,0.4981255612741681,-0.3469299639898465,-0.03131094937515996
0525,-0.05199824673505368,-0.027657921218822698,0.025471505036710432,0.13902708487909213,-0.41662200187523996,0.25415471943650525,0.033203447591581545,0.27748785649221797,0.07037781609284091,-0.13948698901714318,0.49224916380547634,0.25964034270965874
0526,1.143834764966815,0.7439997492516133,0.6062294127401663,-0.14988296953864674,0.025609061462541372,0.8078617894663659,1.0762170539141953,2.3499033330492725,0.23597532229849652,0.3393756399522771,0.4524436052391101,1.3944475286343498
0527,-0.3363506469388459,0.6716063613222422,-0.1843528892364156,1.218135070509315,-0.3564732212050527,1.1087762773415533,0.4258319370224051,0.5284553168180862,-0.2705610578030848,0.3929424236204091,0.8251841222168382,0.5745779630121628
0528,0.3398537326731474,0.183779386270725,0.221815953429362,0.04408257431011098,0.04882958000614639,0.07233590586209689,-0.4672869367445762,-0.44443226169283656,-0.5135350060560652,0.45959789195019607,-0.8514190396072555,-0.021273689433826407
0529,-0.2529910982226215,-0.15152876265740906,0.00227964002960725,0.7847378664896123,-0.37553557737477367,0.8525239888875794,0.003303585730446434,0.17591366139414927,0.3836978578409076,0.8023752366524565,0.41188018347680744,0.25962899780508214
0530,-0.5903245841042312,0.5938547682244202,-0.3779606554896556,-0.11380586516055793,-0.24296431829825102,0.5088405055293209,0.011468991157238354,-0.20558083321095558,-0.24396184487232925,-0.037741007189444946,-0.20735736143555655,0.12256423421295208
0531,0.4548053577621083,0.363945796119703,-0.143923997530059,0.5330713805501233,-0.05521095336332249,0.8833306068055172,-0.021303304185900526,0.4113676374013006,0.047623750693385376,0.3018647086293196,0.008602969566370116,0.8720925986220408
0532,0.21709107749684198,-0.021471035620474244,0.5543016098600669,0.3032734404448693,0.35365263925494417,0.11397152849704933,0.9312380313536769,0.2967710479115605,0.423205788177215,0.20924372131857275,0.9321531302396177,-0.04552811620163762
0533,-0.07394063282334959,-0.13087033666168738,-0.013254817071459132,-0.5271357632482648,0.6875370435722254,-0.0811760235558689,-0.2920305731499848,0.06043590970519736,-0.3852195373398702,-0.28755589898787626,-0.1991846982347615,-0.8425360324378373
0534,0.7584388905040429,0.30004716350634003,0.28942229344137493,0.1169338649882158,-0.3626396471463578,0.023676322435265063,0.29856658031431477,0.025782912627248855,0.39148031942330497,0.6836628060169373,-0.28422538523142904,0.8406363954350613
0535,2.4459507127510736,0.12565489428898777,2.0549776704583405,1.1278682459340719,-0.6267257756965173,2.5923298255226825,1.1454671016539857,1.1663844142265298,1.5843142395540724,2.6084693803663055,0.6934543324085373,1.2476313457763117
0536,-1.2013874993914209,-1.5028152030566528,-1.0852473667517524,-0.5930717526587787,0.9911221296487136,-1.4404350252895852,-1.0496075598752388,-1.3014504091886674,-1.0534717862407046,-1.4532315775351663,-1.1181186738734066,-0.9642617774678831
0537,-0.5748670414973007,-0.5392917737160438,-0.9845994380513914,-1.0919275760473652,0.6891785700769014,-1.1912433724815366,-0.8971370480048799,-0.6848084815627263,-0.9620852160051941,-0.7621099931581626,-0.6908225354869512,-1.0544740487589073
0538,0.1285725177548084,0.1161607172524431,-0.26208781786012386,-0.7068353433109275,0.07036421508472727,-0.5253631403431213,0.022932840161789984,-0.2961980855469332,-0.3282272671019817,0.23382697679933748,-1.1323043733108724,0.11702256279786229
0539,0.3391759978516723,0.2727754752463761,0.611225075706388,1.254341263349858,0.44501567486115706,-0.6041748567360843,-0.3129662422484527,-0.35204403161276526,0.37449514231178593,0.5237261059152946,0.22357527518206124,-0.14289118582869073
0540,-0.48499016694486496,-0.23728253700008756,-0.575431208037831,-0.26842303329892436,0.04440536369545157,-0.17415789501876894,-1.0831559186724984,-0.22941922493230427,-0.22330411806738626,0.3030897060229786,-0.7637103932016827,-0.05384379167607767
0541,-0.3575246365202795,-0.5523833296571342,-0.20475627608987967,-0.18640662866548455,0.1545817954138124,-0.6684424617587809,-0.011867938335209797,0.467754482076043,0.1397959675512416,-0.8222498773183451,0.668286399171974,0.10004444929587857
0542,-0.043276664477754426,0.6890127408119844,0.20381198032614792,0.5479591671380682,-0.8434054596862608,0.9758612219198839,0.20172997202163845,0.11667375801686357,0.5813608854050332,0.5485843993747824,0.9579077487505978,0.11939444944217889
0543,-1.1790726777324834,-1.3561188069629335,-0.6554861476079349,-1.1310723732854566,0.5247912354669753,-2.6950168486819313,-0.32941486723944513,-1.7295874993897293,0.18980310038264778,-1.8738153407827707,-0.21400273736667064,-1.8274732262487048
0544,-0.08433874251162789,0.6697396579649254,0.5198455294354755,0.003032040190805545,-0.4035497508176751,0.2650333268229236,0.44307608683312877,0.19621192776417126,-0.721674237006916,0.27348677052572745,0.43815170782551355,0.10707372253966849
0545,-0.2504118362085784,0.00777568212528331,-0.8798966159195957,-1.267572698959452,0.35986792207276697,-1.0694726370383378,-0.169806139884656,-0.8066700417134941,-0.0749483392930556,-1.4903457077568805,-0.3374226665130927,-0.8139508462685964
0546,-0.21292330660572895,-0.22212353708197555,-0.14653231790516963,0.368474832179245,0.213062853561225,0.3123814661728131,0.5312766818276156,-0.19801338781053973,0.6145610010788444,0.047071739379640716,-0.418310386078972,-0.12658541801430276
0547,0.1910360876775651,-0.3776728256273825,-0.7331373984108265,-0.7676543694984226,-0.14648072512833893,-0.2498924385236058,-0.004403372062485589,-0.24987096620885968,-0.3713141434532971,-0.6182260531663202,-0.46420906758768926,-0.20973819064658558
0548,0.13373000959861814,-0.19984573303655864,0.8540464998228688,0.34290797545973767,-0.24474488937596126,-0.21610445623918653,0.27372313080971294,0.5229294404829512,0.5244185521347692,-0.7406806305105454,0.9241286389681143,0.11911267456772684
0549,-0.3203518018284328,0.32744283907550825,0.3669272081321121,0.4856582020965113,-0.47651763975849276,1.0492547734560473,-0.09145496016008157,0.7923276142936387,0.2597307899740409,0.49093653372222107,-0.15922970424873564,0.44639317703038756
0550,-0.17019353856947006,-0.5135017860832092,-1.1022016343518364,-1.918918676568146,0.3211841527867923,-1.8379347941125526,-0.6928406289527838,-1.6300651444422876,-0.7034179994326957,-1.6511498297570355,-0.6871990878719956,-0.2344886018803438
0551,-0.8567052885926274,-2.1283937478502892,-0.835148409406695,-1.7562722887951219,0.39701000127597574,-0.6801595710303636,-1.2151977053459408,-0.8469247050494276,-1.1883691140359482,-1.7826968046803986,-1.6406687466113945,-0.7423413458487107
0552,0.6450433995321391,0.13809378142297693,1.2741518641280603,1.3048366710671806,-0.8068123213954398,1.8371564762958779,-0.3398471483624912,0.5294084961286117,-0.6081098559111612,0.5972062794109838,0.00780030304697322,0.8866680226667112
0553,0.31862918573004667,-0.16420346668275446,1.2743998227264501,0.604227534203804,0.01771054623789793,1.9420829521168588,0.5105977948240041,0.6633813539186926,0.80569624846106,0.8242842031667686,0.1872240287108275,1.4141896288823483
0554,0.15289112657449624,-0.29647724542291587,-0.2610620981325253,-0.3048804111309024,-0.4796988474541584,0.07643125551548273,-0.8622672776425991,-0.22347931109524496,-0.5674298758963987,-0.29093660302132257,-1.009736177733756,0.05328383829406294
0555,-0.021489342152000317,-0.629071768568506,0.24611231997703217,-0.5695352313983819,0.2512135103245622,-0.837672461835149,0.32075857849673717,-0.32245432753222225,0.017144676431888668,-0.2060748740291067,-0.053334550155253416,0.07148305590070075
0556,0.716689214621604,0.9785295749892979,0.8384183649983374,1.724951373148515,-0.002543384973489514,1.9711785691343886,0.7721068538349879,0.9471565998500285,1.1249935365491992,1.6019664146046335,1.4010001756646047,1.77233344672112
0557,-0.3895581800546267,-0.7530563812156018,-1.2623503230746773,-1.3183594138127919,0.058934410160922455,-0.9172795137273825,-1.0411445047794605,-0.9448408989913288,-0.6574563991995114,-0.9861054394656018,-0.7678645164889978,-0.6239452979460086
0558,-1.060605898231582,-0.6103903183906121,-1.8038539631309325,-0.9472189701469188,-0.060725358182260346,-0.4258355533724161,-1.3143605227352395,-1.3438365215587225,-0.8230567693590976,-0.4479546654009777,-0.8920566201677577,-1.0619857060345963
0559,-0.04502599650220882,0.976947445492371,0.3012102527264965,-0.10821118009418468,-0.33510372988791276,0.8233341760375301,0.005099521074699472,1.188164208109539,0.7210650165571719,-0.1569575140363172,1.3139018405380767,0.4901998528051658
0560,0.06117136578962409,0.5239029280299027,0.0400404240950568,-0.35936859969378987,-0.43617836226977286,-0.06601624287076975,0.3530158221447897,0.03888967032002214,0.3593000207368175,0.35325402352336865,-0.33726230332127277,0.8843122003100568
0561,-1.5988867460828582,-0.7837361646323541,-1.0816249331049992,-0.20242062253043674,0.23573265064820814,-0.6799511806950095,-0.3833666256290981,-1.0703713373382284,-0.22819842303342033,-0.7245344508231263,-0.40186177820468283,-0.9485883331777923
0562,0.7435107980995339,1.3885085345612342,-0.3345093301222572,0.6530532692562616,0.14625983162669426,0.531427537397733,0.31077835803192805,0.3290661140275319,-0.3335971390466733,0.4452780823032583,1.0947566830285271,-0.16153783362346313
0563,-0.15216947249387822,-0.23914672264674325,0.059110721299614116,0.016606602720510958,0.3748588864031329,-1.2109111597177395,0.2320055527475674,-0.8074431488082097,-0.39385143797202987,-0.1503388001521643,-0.4363940866375308,0.296165079107272
0564,-2.0773952139279728,-0.6729827882552837,-1.9165267692007089,-3.1396714210524967,-0.01969345900963065,-3.0950696978498358,-1.4680782420706857,-2.802118693183771,-1.9295757228485702,-1.9572586004090797,-2.728009401405134,-6.864395033639412
0565,0.13773769633653812,0.32858388589371834,1.1908605521524733,0.6292263577104131,-0.561267392040629,-0.009624173713133606,1.2149783869898716,0.7570271998501674,0.17424190112295865,0.3707128799210083,0.45991194766910926,0.4668874694988104
0566,1.1683205482030166,0.9610364172255138,0.7452725296883899,0.23224646966988013,0.643954121603549,0.36188683592585863,1.1702964332876378,0.753137546490928,0.44281560649419444,-0.11450686068494209,1.345713078124233,0.7488694654028687
0567,0.8027827884814841,0.8663371209031365,1.7354137053818168,6.659726053584215,0.18218341775580593,1.2293031209565892,1.30826786091387,2.016594358692909,0.7081929664834845,1.5480374736069713,1.5338693895207847,1.717708601734462
0568,-0.3466734928335499,-0.34525644201449,-0.04187433637668082,0.017345041442844003,0.25033286284750333,-0.2627449333814945,0.1168499966993609,-0.6434189423285611,0.05099528953709904,-0.14732869512797206,-0.1997579484594184,-0.03396219861773803
0569,0.8027133379524847,0.048606202921978196,0.487937588067232,0.5068125196915898,0.15327316390860574,0.25793140123521496,0.4028822965481548,0.2854651111503971,0.1731302723991284,-0.28483429622084144,0.33179778520361936,0.577443299867824
0570,-0.17935576397590386,0.2471178738130285,0.42021897646325584,0.2447973153896985,-0.14725121250694886,1.3950837774744573,0.9369327925307334,1.930885207508711,0.7468294580262289,0.4992215781143047,1.4115868836864216,0.3877103098910606
0571,1.1389833501347084,1.4025928423800236,0.8815774191134534,0.056604101365003934,0.23431046542204265,0.469794261796552,0.27433147248749923,1.6365229988187442,0.36365941647328387,1.7504683134527348,0.375344715682371,1.6469456365245032
0572,-1.2416031152112128,-0.8124125430861578,-1.6052282034071585,-2.082617350177247,0.3714061450253798,-1.3322710310580685,-1.851963645429231,-2.8802580174681585,-1.1673332062535162,-0.788075098186975,-2.6393568063655573,-1.9116556386174917
0573,0.5170762590244218,0.8776256718205948,0.6177963657589687,1.2666842923823878,0.044839638851709766,1.7164328423794561,0.8193808191045584,2.077525011767782,0.8838782431980459,2.108700728657351,1.3078546119226617,2.1417562293777967
0574,-0.397412396088298,-1.1189938637968084,0.5204312860679973,-0.10206912280801142,0.1463028985620558,-0.8964625093709316,0.009674824781683269,0.38895483759859645,-0.24590763986788383,0.606809129780583,0.34752884685346025,-0.2647792696283579
0575,0.5285080344005332,-0.4104246513251507,0.7724095212344273,0.014856406428032872,-0.9218165045538477,-0.34763322223929516,0.4034083117690645,0.44314859610017593,0.9616792094357327,0.2864337051115604,0.6813614056618517,0.3143440880633091
0576,0.5555749043916437,0.24557646691998775,-0.6919088569706082,-0.9766508095716468,-0.11605210248413947,0.007782759646224569,0.16718904234180115,-0.538653273646089,0.4671418319269912,-0.44187878168782324,-0.2648016446243012,-0.3974918811915717
0577,1.3442264114562557,0.8345104530202982,0.819757277976705,1.5281503172250939,0.0017470714834940863,0.9545210006561278,1.5800863606806153,0.9012830434038734,1.7788754060323435,0.3874130828678788,1.8261957161540119,0.8457516417249752
0578,-0.7764322158691572,-0.6673641784959353,-1.6557573692740009,-2.1595884412290567,0.5324065424125818,-2.0240357039408785,-1.6481198164056765,-1.625073658892427,-1.1930663085121433,-1.7400911143862177,-1.408314065233816,-1.9172739022539682
0579,-0.20355774578703303,-0.1125515004295045,0.4200365039530408,-0.3533536028802596,0.03303236451275155,0.353019545415946,0.29994131077208963,-0.345081518911824,-0.39669266536323167,0.030667770115322488,0.22312696341122534,0.02618751731228652
0580,0.9604145586303117,0.6988842923385646,0.5296132844944941,0.6573528091382526,0.4689973768755631,0.4903792150135556,-0.2652913170550766,0.2969572259928822,-0.033156470421814216,-0.3442881701882004,-0.6320597501797781,0.16927888180377748
0581,0.2624066342228472,-0.5255214889075601,1.402675266189193,0.37797195738655737,0.3136778315346097,0.06257907887498632,0.15148276336353472,0.14439069569734822,-0.5609930067724673,0.7884576577605366,0.0389973108270062,0.17886681193544723
0582,0.5607111357955255,-0.6341299509177142,-0.17137302276430175,-0.10161649430558083,0.32018820129256387,-0.4443774259162154,0.022948153913366093,-0.6634812631450223,-0.19924233876829744,-0.861260280524662,-0.649510331681009,-0.41847962730517657
0583,-1.5088482026979166,-0.9467294525818627,-0.8364173539341363,-0.13850731373643496,-0.05525145835064655,-0.6195422009007662,-0.7334976559633526,-0.08887352923526909,-0.37139811590899413,-0.16419665213582502,-0.21629983887489956,-0.7981388146150656
0584,-1.067529086944374,-0.5821742968495116,-0.9439389652157149,-1.2028712564164674,0.5986165681961894,-1.2735995455789832,-1.2087973176590272,-1.2851861653294094,-1.765645491633077,-1.8027280403318915,-1.7721902765175637,-1.2232020963339973
0585,0.6135231005292705,0.7878738042911111,0.44747366876046235,0.4172651627127548,0.05032589689767485,0.23976509022949166,0.5940836232434046,-0.18323045758031292,0.7957855306701297,-0.06552617857395365,0.03297789403478728,0.08235321364390358
0586,0.5957058984444951,0.9544792412818066,-0.36784055984001746,-0.21195736629734968,0.10835378495515187,0.7520471664888753,0.12372281118828743,0.09683828487964549,-0.4004786354416989,1.049979356695227,0.33497655989907305,0.7551660298017098
0587,0.1664555073332049,1.1747489196684058,0.013843949088460965,1.030203530810511,-0.29013108839272245,1.2193925762271747,0.052571818290632163,0.6717519959123129,-0.26981355947020014,0.6367542663866491,0.40143739464446143,0.06717837707097461
0588,-0.9349183777263446,-1.8398154913535716,-1.6374206310105566,-1.3873666821432062,-0.5047501910140485,-1.3816870463005195,-2.6752692539083416,-1.3595825214387833,-2.031300616419023,-1.1283093655939322,-1.3918047427638014,-0.552872141367365
0589,0.4806151739363493,-0.299361452689236,0.455722117048039,-0.5200746432964133,-0.2529143021458965,0.28550873626843487,0.6904361180649602,-0.12946336274458167,1.4592836987933473,-0.14578940478417154,1.1618378385935781,-0.5166365943825896
0590,-1.0218327374973522,0.41220387555944143,-1.4216548159110518,-0.18360632401357055,-0.09538970114993194,0.2320413302940484,-0.5858235100055423,-0.2147266443891862,-0.19822977060144528,-0.22457387152977662,-0.45647578244416964,-0.5615050119544123
0591,0.466917039344439,0.5585890805643396,0.44742839083438063,0.4241960020585425,-0.3666739055159324,0.9996108666250066,0.619099293262726,0.8925138078590242,0.21853139409875874,0.1556872709815667,0.5328164264903268,0.3951461397293889
0592,0.2143297936382213,0.1032432959548632,0.7892497694698604,1.399813465566306,-0.5808152439838458,1.090818344293398,0.48361370095273315,0.35463538580462434,0.857301714393821,0.7283396448052192,1.5979755422262794,0.9426550914376121
0593,0.48743753323782013,0.1285706665004504,-0.27746185384148997,0.5261089683386355,-0.34993664118889045,-0.09694331112144937,-0.4316077414433527,0.1489743238282195,0.25548584825127635,0.24135555431117342,0.4840306706895652,0.34001964236280596
0594,-0.37540323387334756,-0.7100003994889454,-0.1727917999430919,0.04799417355816812,-0.5610522896474868,-0.3240576827112877,-0.19087248657843625,-0.4299906786454405,-0.07802899386441159,-0.012019189534611388,-0.1627411869304809,-0.3411813314911364
0595,-0.3704959481992945,0.09621327156096549,-0.7372850785391658,-0.6874762167800351,0.4634549882491027,-1.012107792885073,-0.38110898513268476,-0.9761446773164109,-0.06215284769477332,-0.18758026673981232,-0.5475301200320053,-0.6031031949956273
0596,0.5325828146956333,0.7604862018659014,0.9664207351151858,1.4063568473162265,-0.7257548687914598,2.0763952745384815,0.374710303237973,0.95716635984979,0.7839348223441998,0.6938174855999547,1.5984962542858552,0.9242556750114496
0597,-0.049661920297783234,-0.13990757094384776,0.16861585972629375,0.5088159434237775,0.06255390935842034,-0.10563408364590467,0.9425143210315002,0.8466261403242271,0.6163121127395588,0.16578897476872345,0.1333777941184826,-0.07358428927515898
0598,-0.9988904139164311,-1.5117383097271548,-0.1706234281522769,-0.64467275276286,0.27855163872738276,-0.9449255651841292,-0.14129007992585688,-0.5167957584705045,-0.6127545456624222,-0.49139552334047093,-1.7960551128636548,-0.8176335726446899
0599,-0.5892678768492593,0.6881311631518464,0.05430776273546637,-0.5301001573273445,0.15167169321165763,0.4504662240066361,-0.09594118969745115,-0.5302231503442566,-0.5027741972221241,0.16898409367855133,-0.2480169440319085,0.12538224064435355
0600,-0.04526599253060849,-0.10946812423125094,-0.7553309460138095,-1.0182923890954274,0.07581459605038175,-0.6345391461623333,0.03717437044625805,-0.36541736031270755,-0.24138148694656267,-0.07619774147549467,-0.7738809990730923,-0.4041662727318326
0601,-1.1230105577204414,-0.41115645743012036,-0.3756022144791294,-0.762804895138654,0.28041451690165836,-0.764888464169042,-0.02287880168416267,-0.06785823419878742,-0.13364219770940566,-0.34291347518012955,-0.7580989721134621,-0.426777468036342
0602,-0.374902011315603,0.3678367543418788,-0.322157626205759,0.2269299247149594,0.02304679263507741,-0.8018631481152378,-0.2673898936493443,0.36575508069300766,0.019879450236843343,-0.39762287266832047,0.25785979666687986,-0.2729603406995487
0603,1.05328961520899,0.5087301778968197,1.2536186429677791,0.7792546274138469,-0.48983030877657335,1.0429525244265254,0.9619167756702091,0.9064093042708142,1.5692750730075231,1.3419802522132218,0.3872483310909049,0.8995414715027297
0604,-0.6842359952217215,-0.040189831902550904,-1.4737938206399845,-0.30844288325074964,-0.36413428648476814,-0.8326926634276199,-0.6871925299109033,-0.0038439926019265655,-1.4956013014987308,-0.37654317867365683,-1.0068346640307448,0.16075891042687304
0605,1.8136895819519538,0.2154062833033164,0.9988634006898932,0.8365165579101549,0.087837852199599,0.7121872432810347,1.275493295881752,1.2839146914192405,1.1620418731468996,1.187906643107404,0.9249834368320237,1.746247690948745
0606,0.35945507352545236,0.25142843029981465,0.251254069438154,-1.09703159370864,0.5616869795737297,-0.81938324033841,0.028383918486251505,-0.5431503978345823,0.06493162877447685,-0.7640087127334554,0.23332434528186574,-0.33659014137306026
0607,0.1676647804764046,0.011967180825800991,0.7573120185644834,0.39244666421034086,0.06525985770659712,0.33730505966863433,0.9757644868308001,0.37831018946979456,0.8992426664655531,0.3737959767337117,1.4963139998187265,0.4435911366664666
0608,0.6126218125669185,0.14395158584609155,0.7072565850687914,0.11694788054597942,0.6931494434918225,-0.28822701636165887,0.05310369797671055,0.3588062264975555,0.6512804284754246,-0.17856202314879277,0.5717181626271339,0.09020206690463752
0609,0.0286887403231182,0.5800822318979856,-0.16178125491113432,0.8273132113660953,-0.31445117178437143,-0.2823828334092899,-0.24413502655125668,-0.6023906747074568,-0.07850137438252479,-0.524893443788265,-0.12090391419690842,-0.5395469724063189
0610,0.20494349881752988,0.813905609942264,0.8931301808189829,1.9942939225021619,0.0822340879736945,1.3441853917372155,1.3278376631628532,2.787653339231527,1.329219661285763,1.2900755570901945,1.6827068546371158,1.8166177191601487
0611,-0.23352727697142148,-0.2788654305356948,-0.0024961463109923338,-0.6666494254599444,-0.273302790964291,0.32195616773719543,-0.3706069421748722,-0.287086814396077,-0.5208748221941338,0.31482893252949046,-0.37588025076292203,0.3157793233353938
0612,-0.2342578996125072,0.04257322305870823,0.18153956073700198,1.247397064159897,0.5100417085490864,1.1451502752787024,1.1542519718280984,0.9396436266022344,0.8533443286082484,0.6996733763232993,0.4486252549284644,1.2443445149788201
0613,-0.2618133600667179,0.5629172163043589,1.1114503988789866,0.9942362276525548,-1.2075156212609057,0.8580175748804458,0.7888286001935385,0.4524473819652161,0.8530997336345391,1.8531260560476501,1.1300288339120084,0.8243437839028526
0614,-0.33202304025154067,-0.03430131986560942,-0.06680107888345753,-0.6112827777311721,0.4887588307393324,-0.5524960758242109,-0.4788386758397994,-0.4885906386301261,-0.10583379270861813,-0.3807414924025262,-0.4741309384932339,-0.5603456034523965
0615,-0.465958419118991,-0.8647642021616972,0.07315877814141158,-0.5986683923620393,-0.15573069993984656,-0.07228230878448322,0.0075218570131933785,-0.6558774203399074,-0.04053808559560529,-1.3765757422444855,-0.08393212707857502,-0.8509032121449529
0616,-1.5117320582346028,-1.2838399086799044,-7.086169028971544,-1.3107875098117017,0.4747410710827722,-1.5163408335957131,-1.9756037884618507,-2.9958972642898565,-2.8080421454825375,-1.4088357105329894,-2.789484808477356,-2.89289954056527
0617,0.5347281779301036,-0.12208021553225001,1.0134255245656212,0.10344633744502868,-0.750209474930276,0.7652849376420074,0.4334954239411853,1.1634800660883693,0.6960574642560219,1.53472189245914,0.09053211731492998,1.650963003728975
0618,-1.5596802464954826,-0.4648013969861557,-1.482992283457581,-1.3636486238909806,-0.04208064906527124,-1.4373498514258438,-1.3655058522606778,-1.461117648289814,-0.9888079377887977,-0.23790078591555133,-0.6101699010615894,-0.9497252626909117
0619,1.2886981653912049,1.7511085004857698,1.7912578461136281,0.3302588254877622,-0.3092823118091301,1.217302355230392,0.8813852665823788,1.3489994688358657,0.8761397091505513,2.0695009563059448,1.2102029630765447,1.9267437028509802
0620,0.06368745762272154,-0.43595907706834425,0.15137190217999527,-0.3026594935516699,-0.2872707485652576,-0.29934126613026557,0.2939559012355579,0.09784417080679725,-0.4384037484371713,-0.44971135980793225,0.707818570067935,-0.067048338128447
0621,0.08143961384154899,-0.14845445434986634,0.5359923075079186,-0.6989396524366689,0.18984545565995292,-0.02119478071843664,0.6329887981378428,-0.17361808933790682,-0.37521701154153375,-0.371101811745021,0.49394498450408886,0.048791317868672676
0622,-0.12113118026570459,-0.17007767024647308,0.3933700469925367,-0.6276594210872284,0.46535867537572745,-0.6633563241911972,-0.30392860070844663,-0.4550782206756241,0.06438124370038786,-0.6724085242367118,-0.6433872946845222,-0.8212132229269288
0623,0.1660369268920309,0.001289582300629165,0.559234294816443,0.39371297718725334,-0.2733598352251709,-0.01007998645948902,-0.3615475243821881,0.2603945492613878,0.6186214901896938,-0.225682579431147,-0.04081531020145728,-0.1406858853894572
0624,-1.038776499271612,-0.04640660949480557,-1.5406460046029378,0.19528528877068782,-0.1729015289943214,-0.5084326965399576,-0.9160069734378025,-1.0875843757750578,-0.8349835630677216,-1.1397873467008244,-0.570615951693806,-0.7389666944105422
0625,0.26524706796711256,0.2550963587343886,0.2697681176879401,0.9468299180046537,-0.20788453200794774,0.6575295019376165,0.4287863147065211,0.17271150481383307,0.32648011840085595,0.25423041602985275,0.35643638565363794,0.21005200982356007
0626,-0.6237339193490343,-0.36133748135141963,-1.8108866932935335,-0.11146549398869678,0.32910793253567006,-0.2922386323274548,-0.967082413383271,-1.0235661908303506,-1.5734933138669989,-0.2076276532806853,-1.482178295598562,-0.2751639474918297
0627,0.45445134437635887,-0.14437960867231509,0.029459359924452987,-0.056611658861289695,0.19839124806217617,-0.42533122978029003,-0.3265543542767204,-0.0003525845723451111,-0.403028144881082,-0.05008731953651897,-0.19761852094194765,-0.017421215887088295
0628,-0.8998630988632051,0.41646535650584754,-0.5410026304598116,-0.28031666525686494,0.1509099701098859,-0.07139404648640693,-0.5085739891893469,-0.23772823588186534,-0.12999095792822454,-0.2657013160126267,-0.800845904678536,-0.32756218222628786
0629,-0.6597395463423906,-0.26837459036235667,-0.7737897204770687,-0.3645201357342049,0.1821832447481372,0.4626639590712387,-0.46955137128368046,0.6269967195022657,-0.20639196693832282,-0.5708940017678817,-0.542936304854071,-0.08028484085384534
0630,0.29904044067168106,-0.035637053978038125,-0.15784932252382586,-0.3725296302742119,0.2186825792745202,0.416372360405608,0.17724494559697596,0.7940347973749821,0.33236127073365307,-0.22033376870675736,0.8173711639383806,0.24454513853223764
0631,-0.4071747467175539,-0.1592177263596345,0.03322559298564614,0.23545131092786747,0.2167394064039349,0.29148473758771415,0.5701899949831994,0.9775424094595659,0.44136813731494356,-0.14032026518514665,-0.10376871309062197,0.9671841457287018
0632,-0.5757310772574187,-0.019580999756800582,-0.005857492799038616,-0.27694952633497544,-0.7534315930886042,0.042938018846322666,0.5447762144912864,0.7550486196542294,-0.4135038161501373,0.2617518707678009,-0.09101572843460366,0.10956140813371493
0633,0.2244189873006725,0.6223134168142259,-0.2102748117577477,0.5637525948842098,-0.26845672334728227,0.30907757538988206,0.9161253398031155,0.25117915796167234,0.5121528917356283,0.9205348201433845,0.5912849032428373,0.28260008428143085
0634,-0.44147295418179044,-0.29938971365798356,0.10681405029753673,-0.9555853123862509,0.8314900564712361,-1.3294901821513379,-0.55744214350386,-1.531719020731916,-0.007374900483587694,-0.673079876598392,-0.5837869106658744,-0.8632640280537875
0635,0.8298273935517755,-0.11858457499229981,1.3630061071121329,1.579906722872225,-1.224551225700566,0.8639570257210598,1.0662332443963367,1.6197592921591422,1.3549126857023077,0.7117950515477531,0.6306284134768249,0.8220532514292266
0636,-0.5157525550552142,-0.13997200573838264,-1.0847985647410738,-0.34069705431265496,0.6260879296822528,-1.2428259891584534,-0.34838927966744854,-1.152592143551383,-0.3775019784609701,-1.3448362869592068,-0.3288864928187382,-1.8683567322066812
0637,6.437520829610372,0.7218223680502079,6.534142989688397,0.3944583915447938,0.6975261972432869,1.1016095440033662,1.067633710776494,0.6634884341396582,1.8986156425268275,0.9888362869081935,2.007616168423224,1.172721658625188
0638,-0.9963607880583781,-0.37155030658774785,-0.11500204099502352,-0.8673727711521194,0.5783306490040729,-1.0729932232471606,-1.0974882673963529,-0.7580241705575461,-0.8542667886144734,-0.6385558854355973,-0.3268392179212437,-0.6429133360297807
0639,1.129292952378203,0.9247488383007854,0.5627706059716827,0.37562820105725675,-0.45553029937071904,1.0492199459800289,1.3240366178576326,1.2327534148061177,0.014179346706371387,1.5770449662189177,0.7043256353486378,0.9497246738654966
0640,-0.164797326671692,0.9073794730376714,0.20037526975856662,-0.28105306490766185,0.4857244660355332,0.13111732854858996,0.36683216968276844,1.2103941049556572,0.20559387574275428,1.2493922638287631,0.5655504570248981,0.7419598075602397
0641,1.4239841560035589,0.98746795629307,-0.16172595260000752,0.7210394693316656,-0.29485492177711853,1.629960714414756,0.7452446998009302,0.6954551918171836,-0.05186343618346703,1.7848755260057705,-0.01478076018664881,1.5380834310541214
0642,-0.07036332601822387,-0.49288148064726217,-0.3245696075354849,-0.3459889615354506,0.1193435013146159,-0.12190638757429838,-0.2411688132507096,-1.3744846084616935,-0.09945267612810449,-0.9251156475268295,-0.16862168956401985,-0.4926222213640698
0643,0.023852584657670633,0.7341336591785075,0.8506730626787125,0.25111827604484865,-0.31208521006033113,0.7638299485623281,0.7439611698455711,0.29698637162275615,0.7103486765388896,0.6660425671349205,0.3536598430798249,0.3530148346226659
0644,-0.23900871537970617,-0.11179873923636104,-0.5259826477624192,1.1842522878205215,0.24990541241107325,0.3596810756810548,-0.30638774051055917,-0.040516266860661676,-0.3591838546202377,1.2804523426098493,0.007280224321009129,1.09230375400092
0645,0.6913637743878753,0.5606983508624225,0.08676067365823655,0.3751347234664983,-0.2953558133788187,1.0221103336332544,0.26846857668941976,0.055829883253374936,0.3171990513722419,0.7682233177245048,0.7667937339930411,0.42295953375928796
0646,-0.4370025062332655,0.12214539340690209,-1.03989549196424,-0.9673159753577479,0.21217528717929238,-0.3453173783732253,-1.0447683888116965,-1.2960088977461282,-1.6296229452197024,-0.18379887079210183,-1.1699157140508645,-0.2347871071502196
0647,0.6176080873866711,0.10806243307010274,1.0096923741157469,0.21705322572508637,-0.6801346642400075,2.7808411742514116,0.8664009309836377,0.8617897290229927,0.5758259703070303,0.9344745787385512,0.49099358168594653,2.663236125512671
0648,0.5363067654935628,-0.2783701322306947,0.8687843156729441,1.0268048403059764,-0.5013367377672653,1.1663587556366721,1.142504663035309,0.4070902377532508,0.7446779291574946,0.8398510039621383,0.4896385429804622,-0.01911305093465556
0649,-0.5461399587989814,0.3186334200881623,0.7967652934880173,1.3767593707207526,-0.5497247693964957,1.7520315485917861,0.5686490220678915,1.4622421206997518,1.0177790596773173,1.011472791832267,0.4946780594187395,0.35600875454926895
0650,0.5652671216654395,0.4194607052539681,0.368793711821251,0.01321496738053167,-0.40523806708302873,-0.045490443482141034,0.16279689388839425,0.4111717294618553,0.6654490842211934,0.4148044953842464,0.6159342504565676,-0.8352954044729205
0651,-1.8439015251349555,-1.4919600140209208,-1.9014235645992499,-1.6610713043864966,-0.1497596821815696,-1.278005794696118,-2.554963700697517,-3.0640362097081066,-1.374352213202551,-2.572633385634608,-1.9482521470169465,-2.4883766447934845
0652,0.6952838764084364,0.36271227772435466,0.6219030486688043,0.38682338499770136,0.13328342077785782,1.0549995983150788,0.5655621370586744,0.7589653065901223,0.36283345225034314,0.6899000882532765,0.4905936329629913,0.9931863419036487
0653,0.21566149826009448,0.06267049787736152,1.7028633659393084,-1.5133550805421945,0.21437869417143182,0.20429242019846017,0.0436906861928368,-0.043131273555101754,0.16134354003445006,-0.5344113486985879,-0.6697624774909487,0.318641057592167
0654,-0.43959096955989796,-1.50476072265408,-0.039107610908507805,-0.7534440573532486,0.45675474761478124,-1.506188758349942,-0.7423182433158074,-1.3952575153164355,-0.32218785332194655,-0.9618684691382025,-0.3897568334717672,-0.8480980056032248
0655,0.32643717956252855,-0.19684135352981763,-0.12395913605030573,-0.15402265283199018,0.40852061873027745,-0.3249164335170282,-0.2659093503093786,-1.215050094633188,-0.525739265666261,0.13941252799937448,-0.3150433745362398,0.09978864611182603
0656,-1.9749051263512,-1.201122802415938,-1.6743590644341886,-2.02928421664915,0.23843102832908528,-1.6103601945616675,-1.677724192354116,-1.5371439206210875,-1.259493114821936,-0.689566765672267,-1.2450803276468407,-2.4510459772070736
0657,0.46952007636016424,0.9813251877427167,0.07127568488362525,0.33040899016640485,-0.529118581168109,0.4267021176941808,-0.13533303972889182,0.7944510461369141,0.9201440266740173,-0.031456462397000666,0.5685878083864012,0.26136821108672575
0658,-0.2685458750044024,0.327471965231485,-0.701431987013884,-0.1567279711443145,0.5617130346176837,0.21693404869987917,-0.34249016192470216,0.30284087297266954,-0.4499895181908674,0.5871987664456313,-0.11428742683906801,0.006059872455933425
0659,-0.33454422287407,0.21769884877533366,1.375010119398567,-0.7709042956204087,-0.18337048496424024,-0.07386903802209337,0.14831611097343167,-0.026443034074991406,0.13919881506363974,0.3612635727332586,0.17634555343886693,-0.030441506568001566
0660,-1.6056565091992505,-0.5397616737479028,-0.8464618964245048,-0.9902208822229883,0.2903090172252851,-0.8705222930514157,-0.7293136752457765,-0.7335263242054759,-0.4896561028341919,-0.4580193205498064,-1.3172513609192824,-0.7119890711394883
0661,0.6535907280315569,0.32462927854016715,-0.7376646298272883,-0.18812678933099553,-0.16865591032990623,0.37039710009554194,1.0039055085520172,-0.4968515486334018,0.4993484139718746,-0.06316085970480448,0.2088602309446185,0.6384945339111127
0662,0.1202284284108655,0.3717425119984259,-1.1676069897268055,0.11317432860966602,-0.18109689597808376,0.4820869511153125,0.7513275326710851,-0.21460343030086992,-0.1172536909874317,0.08490774680264604,-0.008076646207119419,0.5308283423823837
0663,0.2680700216411056,-0.15048078967909828,0.4484581075478105,-1.1186447339761088,0.17490959700574746,-0.250706492759409,-0.5843057562126429,-0.6380082715127088,-0.2693090136730376,0.1227892108827913,0.19808279714954322,-0.6537265487666961
0664,2.056867420299423,0.8302257223563142,3.0282159214576296,7.018063418169302,-0.6377016224046804,2.3298585930920517,2.8321460706322337,7.052746557043199,2.6597914739195767,2.2993386655486305,2.616122220769187,2.007233165521954
0665,-0.6491977415825381,-1.2298025551354343,-1.258480680578997,-0.6134608616523806,0.5006548658464499,-6.349931957294293,-1.6351048994012904,-1.7656663871296614,-0.7640373364033713,-6.317560756593342,-0.6402129238302123,-2.442385108366572
0666,-0.9563217444225665,-1.1189537391113298,-0.6856765687225627,-0.9020950654865337,0.3574161615850304,-2.3167003016685155,-1.1901611545202901,-0.8035506125732246,-0.8467389228432648,-1.4014122967900748,-0.7627758546852714,-1.0470856564251063
0667,-0.2633591931641295,-0.24447258729181376,-0.8039957066453897,-0.9437596170406342,0.9404438178594605,-0.6465062821522687,-0.08389367979750721,-0.8984381734956223,-0.4348327769130313,-0.6724402475950468,0.016370959424150257,-0.7179247895837593
0668,-0.8713526721869506,-0.2793064723030059,-0.4123758843046013,-0.3032053147619814,0.22860170336650437,-0.021910112923746203,-0.8656391159674373,-0.052250237184749755,-0.5196492066436305,-0.2387312687573826,-0.5214670898033283,-0.19633190960562
0669,0.45440900967379055,0.5313410226335092,0.04761462847248399,0.5782885515685211,-0.10666508898431226,0.6968427083037628,0.46681466390916215,0.6995143042894524,-0.6735714169444326,0.2634415303221418,0.33645442381230495,1.113585273550068
0670,-1.3057890500909457,0.088074574850713,-0.8912445336900223,-0.5723848110327238,-0.048073788207863656,-0.2239225701500714,-0.7780082928204167,-0.2195230210572391,-0.42993303135377553,-0.3529513980350513,-0.4917098595833331,-0.3087513691178181
0671,-0.2529193616032104,0.10680050638362694,1.009853078691492,0.6715917934440494,-0.6004797337668315,0.032660293575550385,1.560318949730821,0.29386430044615885,1.0240559811148484,0.3051037171473407,0.07503719087552278,0.7677969709978557
0672,-0.09500047514855799,-0.11894485465612664,0.41128303689057355,0.003938570009896201,0.3241572367776504,0.20197829266873799,-0.24971455511031085,-1.092211171834756,-0.0323808136197946,0.10276417552477951,-0.0387170063727912,-0.5681785100222095
0673,0.9991263548889038,1.5897291112331005,0.6048151983634824,0.34170940126450144,-0.33984106555433796,1.8684839747176976,0.4959850789903903,0.508599973445949,1.2721483323621245,1.3042970545408576,1.3597814858418924,0.5334070035682016
0674,-0.18842270724228463,-0.2754256522840423,0.15619694841797532,0.08364109429826647,0.21096820221338647,-0.3497786835558452,-0.29805491016675173,0.034080437858858434,-0.22736292451672654,0.2655429832317487,-0.667991459075367,-0.31143394198702107
0675,-0.5140187042118052,0.29717956296046316,0.39746355739459344,-0.9858396907256677,0.07274050430514141,-0.21557193645426065,-0.7168714685797432,-0.18933064631986055,-1.4551052877429849,-0.27154292258351886,-0.8029333404057728,-0.24451975853322572
0676,0.24885642666082908,-0.4726028942947458,1.5802663986299776,-0.02435353790253414,0.6339347050428183,0.4192745403304993,-0.44345135700168503,-0.530234317026872,-0.7776914261327821,0.9924808014091118,-0.30435221788050393,0.19387815014028426
0677,1.4992344761303957,0.8495477970790626,1.4915636792095412,2.727016714527919,-0.6643124023533106,2.559635652609708,1.3681028392534034,1.4391623898039612,1.0110745598504836,1.9866941673216607,1.3196494485426293,1.9549293388860236
0678,-0.585033265492351,-1.0424201648358613,-1.8301958313463977,-0.36063518032398817,0.7585305072363838,-0.5282978092169994,-0.48219389133324486,-1.9202474519381991,-1.8451994384344352,-0.5234400544610756,-1.1965722933955474,-0.20310279079267046
0679,0.7550565079636188,0.7012357565173305,1.5030985664862717,0.6552836982805311,-0.5067902233242065,0.8785864638898755,0.954623428470648,1.0740397474891563,1.4744740497863835,0.9455347439051384,1.2360682969932557,0.7838894585462157
0680,-0.6834707966111471,0.08116223349688093,-1.621545892456538,-0.4943513640936498,0.04380220092689448,-0.4859463126774881,-1.6875321068068818,-0.8096103799347983,-1.2089995219566754,-1.8205485359192808,-1.2151963081508006,-0.8396320629685792
0681,-0.5523711203977464,-0.6097600239212648,-0.5316766836226886,0.41640883768443054,0.23548774925417626,-0.49599674695847384,-0.25736879727405726,-0.08045062737035806,-0.45548159610543676,-0.2133046530126704,-0.03419268647997934,0.11275960762623694
0682,-0.9273271167794214,-1.3423056305101775,-1.243387332063676,-0.9160324864015978,0.0897918906956494,-1.3057324546311035,-0.4668616753140612,-1.5139092756708707,-0.6012895382679951,-1.7848089595697907,-0.26980872100061365,-1.8361016749703871
0683,0.7641074466098015,0.5861066529762404,0.5281327898448855,0.18881947964048482,-0.5362835542999586,0.02818371212473486,-0.019572528820063856,1.4031656270515223,0.609502417187736,0.12749771058758713,0.533542317723635,0.5865800519658262
0684,-0.7357962550147381,-1.0729302137305876,-1.6259566506851306,0.2655685291977458,0.5802271652262918,-0.8242517928184494,-0.5775029652551025,-0.2719049897154219,-0.9205787011292715,-0.7236690209271918,-0.6498197779237644,-0.6636484583412343
0685,0.453756300994214,0.4338837280098389,-0.5226640053311108,1.10127237938258,-0.1809562561081959,0.8214013230154504,0.6025253486674026,0.5459037518665362,0.7417217110159954,1.0285444378713582,0.25055144441623733,0.16720025195920488
0686,0.14025362050132373,-0.20639720395046066,1.9048913677891646,-0.6657936765295254,0.3732645791575647,-0.39363902617002977,0.7346055062838431,0.048831063548496055,1.641877008079708,-0.7827807654929035,0.7267990183550495,-0.050401183621136894
0687,-0.31010672291358227,-0.6152174714733576,-0.5768973911842709,-0.2046778516703842,0.0014742043144675631,-0.2916994968189757,-0.34366037663398574,-0.3847265700018356,-0.32679251052797703,-0.8701429633376372,-0.04572833078535267,-0.740577374875058
0688,0.550259807545221,0.12134145900276713,-0.605407988288133,-0.6886155049894218,-0.369404532365098,-1.065998253156682,0.2792487723547954,-0.6560881418374,-0.28657826790026364,-0.46309959300051434,-0.6168466468975158,-0.7802040002437
0689,0.5225547200677019,0.15754475584173894,0.35151755212219077,0.9654260391653786,-0.3298104777812361,-0.2599608977271668,0.4426843316623673,0.6484044455829693,0.8869413084661576,-0.6384923680801321,0.8794819553799987,-0.10153715929341312
0690,0.6343662943209503,0.13403636501847666,0.5545937065552169,0.26991699059999774,-1.153653902163092,0.5828501647870384,1.377605088794116,1.5028235812053845,1.4741407153414374,1.8772434190353127,0.6189400629781888,1.3570443613472645
0691,-0.6537583362274306,-0.6264533145987048,-0.9633907776980339,-1.963390304515414,0.5354763230185462,-0.4301108041553505,-1.5203722475106038,-1.1019089943903244,-1.1992122857173637,-0.7666197856906359,-1.0963302950245883,-1.1135414227526654
0692,-0.1778092503861493,0.5291829958076368,-0.25787249329013656,-0.770829335402617,0.4479991509536233,-1.1303460208033005,-0.8276117369179528,0.24822105102843595,-1.3717292598571273,-0.02293175981142272,-0.2818247498570078,0.25391221016336823
0693,-0.07824615300259219,-0.2728159636029736,-0.5973582060888901,-0.43774920483583746,-0.11758499582223034,-0.28093452084018733,0.13123435204015274,-0.1003925522547339,-0.17553622336380573,0.5267424694212183,0.11397043583336748,0.11057062132314921
0694,-0.5635401531157613,0.07771927890179127,0.4132635786179417,-0.24568289127563894,0.3903301502952144,-0.40512872899467656,0.35977667946794323,-0.10114818749876076,0.9999582727994684,-0.36582653674766213,0.20728117245953462,-0.11893103352474665
0695,1.4729810871390325,0.6496940074878096,0.7254195376831754,0.3646589861190995,0.02706975834691144,0.6193289566867699,0.7608909791567654,0.5773258823424683,1.3711970933255355,0.11300336934719554,0.5759335234115472,0.14133934340809318
0696,0.2513784009348834,0.6484944313378989,0.316150496537539,0.1451596602648665,-0.5698761055805212,0.15315746874572422,-0.4427779198263079,0.1868596590268615,-0.12765207222146646,-0.45771056052270304,-0.4563297692431738,-0.6761153444892996
0697,0.24825821635833817,0.31882852119086136,0.3653148277046045,1.080603671630971,-0.0032413344901183255,1.4956589250650534,0.5887208289964919,0.18648369180464816,-0.10371808994761456,0.4241335688067955,-0.061023018338643376,0.5038279545239384
0698,-0.3931805860536763,0.3292644622639665,-0.7586308816693313,-0.2855885656276878,-0.2800556896687871,-0.23659273586557716,-0.47545122243683474,-0.18323832309727464,-0.2471731652315374,-0.3119821537831605,-0.5346494623097692,-0.560497611861539
0699,0.12681331950446068,-0.3102349571546036,-0.20726996291375985,0.41034829990507155,-0.06604421571263519,0.5141421292584628,-0.2524599339147916,-0.28960403170147925,-0.9917256488937716,0.25359541565678295,-0.262481800687213,0.024819771172595657
0700,0.9906327856422396,0.8122265516385404,0.7427438481534157,1.4687792619751385,0.5171708944230228,1.3958261169083588,1.0404775346234325,0.7866455900880454,0.483315756103641,1.5240722669040727,0.6507396332572627,1.060463530364405
0701,-1.0753351009289975,-0.26026466462192566,-0.6106170512736838,-0.3677420188529392,0.7401434043779714,-1.050547148699198,-1.438673573030093,-0.6624591444879662,-0.9730092950877729,-0.6987198991330451,-1.0909320457035976,-1.1470535783409384
0702,0.16541917958741098,0.3431950932128306,0.6306001132665324,0.16200197795465832,-1.2906644781555299,0.08572787999693142,-0.3294442713907925,0.3277203445520425,-0.02913046084856114,0.0016265774796852266,0.4365775932202103,0.6487710900737381
0703,0.037878596348200795,0.058806926958013366,0.29213288198075943,-0.05360287025090625,1.106201165042829,-0.2689255245399541,-0.21355242428876195,0.06298688624830813,-0.2552716796995703,0.02029439590879593,-0.9389747043926787,0.13945581970472673
0704,-0.31036280507503583,-0.3720649631636571,-0.9440264471791865,-0.9038415005895283,0.39726879914023744,-0.6393415721552458,-0.27533312320121994,-0.6373624636015918,-0.6443979074843005,-1.3978069390201144,-0.6735688221491707,-0.6332754315212645
0705,0.3050212482140927,-0.18315950378383355,0.689160480149789,0.6892439737354912,-0.21181694528907713,0.7814047981188076,0.3360417209433216,0.27919386798136264,0.9243495494917734,0.01705205376955014,0.6646626714065574,0.4009936369288063
0706,0.005832236355892592,-0.37691728342245456,-0.05707451363386477,-0.24661613976513114,0.4480745231736355,-0.4884071898183402,-0.15162592925108664,-0.8063404366109611,-0.7323085179493605,-0.6471279834284559,-0.4403324558471659,-0.1927005232811168
0707,0.11348588728613479,-0.2668422456609168,0.9855440368213779,1.0902123295717685,-0.7750860760157889,1.2276183294559069,0.8919058844399118,0.5686655167518908,0.5955057007331788,1.306801949012708,0.5377572354673118,0.46956062907386004
0708,-2.061306553763444,-1.1672681000699605,-1.4144435281808418,-1.9644871181846881,0.10021170149763145,-1.4253241779312429,-0.9794531490435767,-0.9286606054610644,-1.0442954399868734,-0.9992823596819298,-1.8715846628627697,-1.4245342823262939
0709,-1.997037989967625,-1.316163556987568,-1.6757795202639298,-1.6637946388358082,0.41308392278951994,-1.8672597311643253,-1.6552310373179409,-1.2048461750689572,-0.7589629720341333,-1.3123523383993696,-1.1828373549390454,-1.7386831570798587
0710,-0.07328029202040695,-0.20093327089895194,-0.30408693460345715,-0.5527139426887896,0.002781115956180717,-0.17318142002831552,-0.2747286654217028,-0.5377664166897731,-0.02177265546679629,-0.5218877393583361,0.2774314108973126,-0.6028218048595322
0711,-0.5248447988283665,-1.1662741958883416,-0.7481465011151319,-0.3955183216966513,0.5408341532380174,-0.43555661619038877,-0.9427524285746925,-0.9801714647307048,-0.9629342696036499,-0.6515098484978217,0.028417016879517334,-0.27752203934725317
0712,0.3529313517322515,0.8258332323684906,-0.5559043777985918,-0.12913945931036958,0.41717086801202075,0.03915409520864823,-0.3715547923074829,-0.03441327342660161,0.7757777260156214,-0.4362670807783774,0.025479055016607795,0.02023678223164702
0713,-0.2514118628392283,-0.6918046684256984,0.1512247727290268,-0.4149405643286445,0.01414525837852585,-0.08281635531608827,0.06640132384593746,0.4017456213820345,0.03622556082796696,0.11264178678334923,-0.4137165442581199,0.3424668384943938
0714,0.2722943192111655,-0.5677499776650097,-0.06080972274703789,-1.5954212160224925,-0.4682782335101599,-0.48259853947762726,0.18341938922988435,0.11926231046250022,-0.14284220687713292,-0.19747847531883425,-0.6406362165748533,0.11262814001754755
0715,0.7959291321590267,0.7120757264195307,1.2136165658244704,0.7905765352105604,-0.056082113041106364,0.513713691308908,1.4885474200291509,1.1331454158482404,1.5922373741971136,1.1107030266137492,1.1458777165957796,1.5850463731113664
0716,0.15487042718647984,0.21801119829568805,-0.13717672589375812,0.07453963843049521,0.13199358797665572,0.28264935857324774,0.2489352811388662,-0.43276502418703244,0.2563728118174502,-0.06318374794690809,0.45353951433428535,-0.039827291522801005
0717,0.20037754518407874,-0.22407308699008424,0.2762191809159286,-0.4280452356601242,0.3949324619250772,-0.7294290680199037,0.12114530747102803,-0.4465425346924173,0.29214543353255157,-0.46808967987223354,-0.6345071114431654,-0.7391529967782062
0718,-0.5498129885318812,-0.6954303012043058,0.1513669542108748,-0.44052615050206434,-0.4678806507033266,-0.7386710123535718,0.05749262134458864,-0.27245257565346354,-0.6118044351877207,-0.5967451172321498,0.7108258783787949,0.09515147585939586
0719,-2.1741455629479156,-0.3722814762177212,-2.24236302097092,-1.2331274623639668,-0.15128878413211627,-1.2980713192885274,-2.0833215252158395,-2.0071383943697274,-2.04947669420677,-2.075172037291814,-1.2181765402957148,-2.1060569486328857
0720,0.6870543148323711,1.0653057524326548,0.8713836739611377,0.9756756687945448,0.26308047930084977,0.7185778803731712,0.9326989828980323,1.2432461936944759,0.8993685783302343,1.427774288758125,1.35161761665005,0.9956161529694781
0721,1.6837313002734693,2.117687396900763,2.1386226114475217,1.0416671435683453,-1.0265696794926902,1.9782650054360758,2.0315129421956915,2.5651818245915696,2.643898828709039,2.8246608823186024,1.766407008381942,2.7614464590000036
0722,1.3766311273247074,0.28263043807178234,1.165288658786012,1.2758354018685722,0.05292945811029951,0.8786006267858106,0.6985429183856233,1.0257760275914587,1.148765806560538,1.0423470087658087,1.7828754902085533,0.7847809571430284
0723,1.6421793080116907,0.4391024392537207,-0.27303975070793096,1.4704615361071536,-0.1731374759698844,-0.14777409731684643,1.2005177507537004,0.5368478622788853,0.04851232615874187,0.7696126931604786,0.5875426562788354,0.19297533486240132
0724,-1.3099475414892918,-0.7990758383902572,-0.9057410035887373,-1.018984034325766,0.5262447908783309,-1.1729670070467313,-0.7145342863763617,-0.6592348323112216,-0.33388473473420655,-0.518484682581616,-1.6403216396007405,0.3044402988163874
0725,0.2687540820113385,0.16430947993550973,0.2515199678046267,0.7584357471204183,-0.364000062156274,1.082517482677913,-0.147129004318048,0.5273714179536109,0.813575684720787,1.4429775055914793,0.7069303440441146,0.989707592420683
0726,1.6566385711985177,1.212154809545493,1.0748637624966746,0.45706600906914796,0.21362844967651096,1.3197078670145965,1.0286456819048266,1.175540513219136,1.7818884489415827,0.8767304458200628,1.5494443007121521,1.6859161161484004
0727,-1.5321263760724484,0.16594205542989052,-1.4885592202786282,0.0372194752972277,-0.04663857042288097,-0.5798414728203501,-0.13202439226161256,-0.27932077327018023,-1.5193268321680686,-0.5499132097276684,-1.2895824911047775,-0.15177545792781397
0728,-0.28170538404033646,0.2370576366420976,-0.23044492734771546,0.39848662943223784,-1.0729895129136158,0.15671781863480191,-0.36859979231299106,0.019211765671958286,-0.7965775438445191,-1.0569344777773737,0.5386008555441492,-0.4500453885966038
0729,0.8539987767273755,0.5734866828398433,0.613420649550247,0.6217483804634866,-0.7491420130596862,1.0351496535038376,0.5747596457187248,0.5327130565864391,-0.1800783328508652,1.5172013658793029,0.1293023126069715,1.8556235797399334
0730,-0.10446558349448122,0.7983649856629859,0.03257190610978479,0.662798765295743,-0.37084888495640317,0.6106820813500673,-0.23677413396673033,0.9128267637966366,0.34978611267896226,1.6698669867398084,-0.7500099330876935,1.4838365704767085
0731,0.07355001248457715,-0.021677215055910835,-0.29900564263680607,-0.4003119294747911,-0.30930591200979674,-0.04557193143486673,-0.2406546257946678,-0.47687842169642014,-1.0532423731003127,-0.16391833197509822,-0.8821070874821215,0.0932727986506848
0732,-0.25468904744815174,-1.1518410520730544,-0.3347125162716097,-0.05293799358577071,1.0518916095341257,-0.37799696240093067,-0.3055161770089795,-0.7472737802163147,-0.6825907165922306,-0.650974028465617,-0.6048263396685565,-0.23142343833750617
0733,-0.2090268370518039,-0.4807119476644194,0.5774646758979152,0.3525894079874455,-0.4206414060126092,-0.12274700028744638,-0.1893010346062112,-0.416150138890964,0.18753644592993954,0.45523826571117987,-0.425862691704889,1.1100753289491219
0734,0.11514112526436261,-0.3795937868815582,0.5170953300242233,-0.1306462788084749,0.12812840241253692,0.11624673317927854,0.052063808152016666,-0.025114499802535196,-0.33741108932187885,-0.3382447232279188,-0.015043701236240957,-0.07236457695299756
0735,1.3588859595506344,2.1112795850125208,0.9899214177635519,-0.10888219270918655,0.2544928653429795,1.1573087388160408,1.4205346849006617,1.0724090712415075,1.0281152746428337,1.0073066961834043,0.8342875648172474,1.98185421865021
0736,0.8932900200858532,-0.31042888284870446,1.2086935710343207,0.359840213834083,0.8944220801086674,-0.0884920584261416,0.8502631268386999,-0.178210814618787,1.7547662777001831,-0.06520585117176553,1.0441893413418017,0.6768811895057304
0737,-0.2483485183055803,-0.9404985930155677,-0.3372881401974553,-2.5477063972420653,0.9791194638208013,-1.944909191067543,-0.3933853647435338,-0.8781881074055611,-0.8936821082345254,-2.763534097685216,-1.0744042335328807,-5.351346451378759
0738,1.3121658820202888,1.2185681911494741,0.48146229797138484,-0.004972314550364773,0.005427646240007804,1.0907493750804165,0.6647566413363936,0.5309892129750884,1.5335707194516057,-0.7576621650895572,1.042362743437865,0.5336995386842611
0739,-0.9717657288794468,-0.6679869228339728,-0.8233114254551588,-1.1242293126234604,0.3993564349804181,-0.8905329588040426,-0.942582338259289,-0.7512549046703315,-0.8898144485253184,-1.0783243501536717,-1.113702170626067,0.04347245699084989
0740,-1.7128995023354363,-0.780364589170281,-1.6729213149679185,-0.845501930265436,0.20232378507021723,-1.2854831049288202,-1.6791447356524392,-0.7811361517924065,-1.1731969555981174,-0.5856613451426809,-1.9436521286035273,0.012934503208711763
0741,0.39872832305284567,-0.08448694011843585,0.33216446836640207,0.5987639294179188,-0.6868040155244185,0.5739982049564483,0.32511998452745905,0.4361998301205115,0.32788935960846816,0.5812544658294003,0.3393646462515241,0.7823395755817308
0742,1.0365591771171736,-0.09077840598144024,0.6698441399259565,0.8211023063460082,-1.049187222321602,1.3695626435445099,2.550511080128807,0.36166746230474306,1.6349082561190584,0.6656311650203123,6.67389239605557,1.1252864401721023
0743,-0.4993528780229596,0.551826641202858,-0.6791753982827278,0.3649192999762395,-0.7365632894384033,0.03458712051616611,-0.06427195949312678,-0.06858619661985041,-1.0014846272521536,0.34824206218670073,-0.6813430123787297,0.434833751013432
0744,-0.06821009649553114,-0.4917603304227898,-0.09011424008268124,0.8385918396928191,-0.08522136320925401,-0.3367982103103136,-0.40455730971532,-0.26174296312966266,-0.13361218449029527,0.5682448965615339,-1.0903135699977224,0.024800774113253935
0745,0.17642030922321303,0.03477954560990857,0.18583258022781882,-0.20475447176322886,0.5748668918825988,-0.1928845594968323,-0.20227499462822107,-0.051889228453663346,-0.40805492646719876,-0.3177585857277541,-0.4167241719995211,-0.4580816038170537
0746,-0.4311005455060907,0.545818819921071,0.002544183255033954,0.19161598809096567,0.19937764431862373,-0.21035419253456575,-0.4349457189260466,0.2816630107968213,-0.007921304446189723,-0.007153946327963355,-0.21564802727003748,0.28235663298078006
0747,0.9526670207900332,0.9784986814841231,-0.03796187219948356,0.60400940233015,0.6475247771834859,0.5144341982412121,0.653059872923256,0.5562599110251745,0.7875172107280958,0.5631706731642436,-0.04181349779945731,1.018659129998136
0748,0.8413267336703741,0.7038042311600006,0.8472166320382633,0.717734214722527,-0.3845975344015415,0.7933157207473346,0.7825812926729528,0.7886764890435488,1.0565562884920319,1.3046886395581532,0.5642160618518368,1.4002453517554976
0749,-2.314487949743568,-3.0966869873937344,-0.8853799505705199,-1.3459948380578408,0.19913496184417875,-2.6063990487939215,-2.446600011921172,-1.620547758193757,-1.8452319494905873,-2.146783442344963,-1.2372359127440564,-9.125199042630683
0750,-0.005275952159534173,1.9228257561444095,0.5271679424849705,0.352834252181,-1.3656612970974669,0.9179293778596843,0.3656440741715068,1.668153510985177,-0.14532882979390646,1.0327444298427142,0.3913752164766018,1.010009928163739
0751,1.2835747051044266,0.0296822155149872,1.2323685677077583,1.5777664986262991,0.22746891748117823,1.059087425279858,2.4636783497535992,0.5078394201694818,1.5889975992209693,1.7238191598820565,1.6969687727131386,1.0803381742178149
0752,-0.9932160398380506,0.002474616502146723,-1.5876460940045722,-0.47489338920962737,0.12255955277326712,-0.10842991573362487,-2.213064803452195,-1.3367033186164519,-2.465201156898314,-0.8343029956521884,-1.4583475841480378,-0.11676110417926096
0753,-0.5918355475327661,0.11679847851839052,-0.12843683721346305,0.0932145467130621,-0.0019827706690542725,-0.27970329415488193,-0.010641541837453236,-0.5946560325295022,-0.4190002491958964,0.5477803156007681,-0.4974011951620958,-0.16014944820410507
0754,-0.7326652771568455,-0.6029114594813688,-0.004393663766435648,-0.7514862667267688,-0.1813153834806876,-0.8325772296726562,-0.70728116332521,-0.8445193205012653,-0.6879634288068248,-0.9456012859924299,0.08577794607961992,-0.6002396909554361
0755,-0.3348811503612362,0.39850775648089565,-0.6137743777643453,0.18737822366084658,-0.584694873928243,0.014054719492633332,-0.6173356083562526,0.20608214323383445,-0.28607377240479936,-0.2812131657924598,-0.38730535574310715,0.1180828639242601
0756,0.8151773680099099,0.8742605078158389,1.16848179466015,-0.0016670978237614108,-0.8599370342604176,1.4008311955747037,0.6949685717325966,1.3698949866176284,-0.05580836617765973,1.6077454530728992,0.6470817888977556,1.4499156834590812
0757,1.592495789394209,1.1120009220046625,0.5490044472421778,1.5974055743295243,0.3152119346107931,2.4671349330471024,1.5915681056699449,2.510665297936185,1.794910048586807,1.6126960900665805,1.0801082392988204,2.3977751593803913
0758,-0.13717768314566245,0.42804609825280526,0.13486251807715033,0.38931084690019524,0.14289884593089275,0.038520481421269195,0.08067461825022997,-0.24768810504103297,0.44413450478884803,-0.5340989439068339,6.881556512860846e-05,0.07321959071245801
0759,0.08114317267845778,-0.0893355949305218,-0.19148032521628616,0.3396428995174755,-0.43420581799539737,-0.07926609775768358,0.290824182161844,0.26628072024364613,0.5914626104458912,0.022701951796172317,0.6905263022225554,0.060170724586768226
0760,0.08641125814163468,-0.3568338770783333,-0.7064832905528035,-0.40146294386534703,0.04381431727419758,-0.40156514022782946,-0.47379110643334377,-0.06756667810287129,0.008304241825094991,-1.8949817767124104,-0.307658411086467,-0.8979992283756876
0761,-0.17983758826272772,-0.5345115133457052,0.6409487306266248,-0.12238229959884102,-0.1155934265941969,-0.6548056063833404,-0.1615706610916316,-0.580110122030516,-0.44667411039876626,0.8911354090723215,0.26592996426069554,-0.6528679220114143
0762,0.22946666022303094,0.5304500845495563,-0.33791982789961283,1.2331231388611241,0.30768569164335496,0.441972828613446,0.4786834677530657,0.6568046404277136,1.0733548169255085,-0.08342297748710141,0.05181504337227746,0.3156846925774715
0763,-0.30654660032815184,-1.2612079938211782,-0.05775887924870385,-1.2942842602748441,0.4437105470203807,-0.5148657426556404,-0.46640456783189177,-1.7951334818057885,1.1500453159504713,-2.040655261539053,-0.29126015377247655,-1.8935215554067808
0764,0.011502586979745716,-0.6792228784047566,0.07959488142311445,0.01742311416992971,-0.414194350626625,0.34503500686834687,0.7812426733948182,0.002912357103977867,0.3233554842094748,-0.0311866073688787,0.38545419164271194,0.4179017896869786
0765,-0.2917744296633745,-0.12482758720776695,-0.055813011921074275,-0.04591705991039562,-0.21273670341281692,-0.07050718949162744,-0.28866336475548915,0.7785831462368877,-0.3403730084467539,0.7081923686838933,-0.19143034902333422,-0.12819518425336693
0766,-0.1682371028925206,-0.2161372864042876,-0.23047872780223502,0.35048062072073316,0.40521725423673133,-0.08267886348501703,-0.3760543049728249,-0.1800166140146849,0.06061482497812821,-0.47356063868611176,0.4230137370030698,0.20410653173716273
0767,-0.0944132982048944,-0.30068668965998374,-0.06433623888646005,-0.47888315930778264,0.32475226617719466,-0.9191213727650137,-0.1114841733196521,-0.4186031796317491,-0.5248095924397045,0.02118325976950982,-0.5114033498511765,-0.1273991375500499
0768,0.6437316935452246,0.6718039004506194,0.8046903949812851,0.27794459185066456,0.27256387042656505,0.47161860282112156,0.87199259179385,0.4487156904593847,0.9879626843882228,0.10435274981486688,0.3135275987883568,0.21000234016955005
0769,-0.5968814694665056,-0.5578667942206927,-0.3622785033719364,-1.0960481006708505,0.5454810212525137,-0.6350167336770753,-0.7367121641847176,-0.38848318241094626,-1.225031558712377,-0.7402550330840291,-0.2877171059765525,-1.096903728116678
0770,-0.13668252068173617,0.15019418666561116,-0.8419210487809282,-0.19325903108857861,0.2798682585808275,-0.504069145787276,-0.22053269433740882,0.17113163803855913,-0.8901029230830195,-0.2634886047393801,-0.4183189200874118,-0.16769872409072964
0771,0.2801865600244815,-0.5314964339371465,0.1338117417880128,-0.36991145888600335,-0.29978785713706024,-0.35611934604100537,-0.3865594373733793,-0.32828543766972396,-0.3144039348381458,0.05370490306688484,-0.00038899960420479975,-0.3332341187984151
0772,0.040374546634833086,0.26011110899485956,-0.11083627066430364,-0.08147531231826163,0.5210819350459528,0.29109313674097764,-0.11290737200669348,0.37224729076248436,0.37383063399540933,0.35322482898239893,-1.211620264435492,0.4068772785488521
0773,-0.19443995997789157,-0.2750897165325041,0.2955822777134445,-0.6267536622449612,0.5596612189242594,-1.017784456735884,0.30099329438109557,-0.7017853036590969,-0.15441487863226588,-0.42995218301979704,-0.15091478805207842,-0.5649998545239543
0774,-0.2158963625463128,0.09635389729453203,0.4218610752318048,-0.16652903054499346,-0.3631766639247886,-0.4997597738560307,-0.3391133872904374,-0.644953498384153,-0.28008937483726254,0.8422144264439078,0.3486767506011255,-0.06006109170654297
0775,-0.08430341437946294,-1.0633817420045526,-0.6948173305966446,-0.31157130096639674,0.32131055856708873,-0.49100786371927474,-0.6981535769669592,-0.8308065684678488,-0.1616975777881549,-0.9687758719221748,-0.6665578892686953,-0.944053969345922
0776,0.3747101860725989,0.49131156332845743,0.23214128505833242,0.6448021815704615,-0.19063700774503625,0.5203838423651305,0.6470096192584677,0.3816984653934488,0.10982954970892445,0.3845406757003727,0.1524242235923464,0.7775096327240587
0777,-1.052209740944921,-0.6700038698355008,-1.4385031874094414,-0.4807796310331224,-0.31942376875788486,-0.4728754789035697,-0.5520872687222516,-1.5780514555579388,-1.4548592588763563,-0.9472617538942498,-1.1126659418873397,-0.9613473901181913
0778,0.14329040619470154,0.04428939179520111,0.5591355083807992,0.0027326590091893577,0.2053945729673274,-0.08322199000751347,0.36475440215540755,-0.23312341155728633,0.1729559650112483,-0.16896604334345236,0.1305599942352784,-0.0649741139753767
0779,-0.12065200120318577,0.0018523876892774331,0.25353802939722425,-0.016353222758658525,-0.29982547148796745,0.25472017694764276,-0.9883130592771098,0.20955192770029316,-0.5635593776854352,0.21366697083300135,-0.6655542361468996,-0.08946185889131875
0780,-0.7234637736385177,-0.14683974915765735,-0.6285967081324253,-0.6503795236664333,0.2593100403887857,-1.4051259514955872,-1.085119327144109,-1.0355618355983538,-1.9813879856053604,-1.8756956388424861,-1.1793734458575151,-0.8650094417037832
0781,0.37300415667326153,0.39407619470005995,0.23211538991210912,0.4473421290258804,-0.290169098494089,1.0641973531813804,0.6331536469628166,0.1260689039290731,0.7652892489644829,0.21175227979702974,0.6951546906091282,0.4688088666127473
0782,-0.09678944504221693,0.17036574699278617,-0.15327112269425203,0.49171086066982145,-0.3200086638957893,0.6247940283362629,0.5167875041271636,-0.21702166426631608,-0.1514801688376346,0.2211972141742652,-0.8838184971708126,0.1768318353057093
0783,-0.21341117881890712,0.5368229960729831,0.20362044491429565,0.3967999226001316,-0.48026890209566503,-0.18967279787346533,-0.20847704895969565,0.8955078769875733,0.023937587786128735,0.5502441030896094,0.01580670662202686,0.5002087745798378
0784,1.0967432100460093,-0.13322333380934345,-0.10545951671037393,0.265234102431712,0.7291615981218534,0.22343269244568076,0.121095566045038,0.26598714552372377,-0.000376162083840988,-0.09336022368748523,0.383388982921032,-0.07706805507692623
0785,-0.09015582800923926,0.5300305768907171,0.802761494859059,0.09237899254888007,0.26344380877779827,-0.41421220570501716,0.42788184904653537,-0.6287645523511775,0.48328121634912496,-0.26892715494894803,0.043825687036483096,0.44533092516629963
0786,-0.22863908366104574,-1.5166890588408566,-1.407459882722785,-2.249290497775712,0.24120322721932672,-1.6167535642945288,-0.1372374673085998,-1.7161379704922144,-0.1257757322613194,-1.1415576419592375,-0.6238328977410773,-0.5945820008032139
0787,0.8661663818614159,0.02521211971760315,0.7418095684337676,0.9640459118789162,0.04070282552569909,0.3407157864921773,1.2003338886088553,1.0665578323566296,1.3682854358857797,0.6413309247585158,1.7097918678294788,0.31812256454788657
0788,-0.14672497595425268,-0.4059765671037018,-0.1729469688597481,-0.2544306879779727,0.5225619367980372,-0.5813685973105275,-0.5297412106747874,-0.6083518523175866,-0.2961257522936973,-0.5095287806762944,-0.3063068808884492,-0.42616566063045913
0789,0.11737170989651871,0.17544430241816192,0.10010086010537728,0.4295436285308376,0.11732153259413938,0.5889662686163697,-0.043291808512942044,0.6330273683333615,0.40721973979326426,0.5839210685987686,0.4326949088345919,0.13032299291336927
0790,-0.3669670987532865,-0.13802971983472548,-0.31299500009055153,-0.3474288914188181,0.1057403271812067,-0.43652921591261085,-0.8980131481262488,0.06644037049158821,-1.0723289086451373,-0.06424863006746222,-0.810542897566323,-0.025672067253256974
0791,-0.12398352223128596,-0.300442247616109,-0.3345494929670607,-0.3107689824152424,0.23493425248343958,0.3690394481567492,-0.3696207271886554,0.5161195112678366,0.04912602661305064,0.13738813497902164,0.661435962144396,-0.31628775936732106
0792,0.7026836167415637,0.4140390916515554,0.4254185467899455,0.24744869854753507,-0.20987446221456318,0.06954784581278387,0.2774265868231838,-0.20266800375296534,-0.5964260133057004,-0.25993744211405573,-0.47355461527026066,0.2514978504990254
0793,-1.7333694548309122,-1.35390703389459,-1.4264477675330647,-2.646078450787783,0.4400310323683813,-1.2703415622344976,-0.9048476748787018,-1.7970113474668805,-2.7708701409243863,-0.8553755586242205,-1.1739015741592007,-1.2528180931211623
0794,0.10331352965498886,0.6234702565578036,0.084424271022109,0.8375297004514051,-0.22368910999276365,0.11028830794045133,-0.212617726487453,0.5558128851620986,0.5135309780861181,0.4603929179039038,-0.3925870191585588,0.5878875871140609
0795,-0.03179360915969229,-0.1405549659556721,0.8042104152065253,0.8696978196342213,-0.5329882960567064,0.2892326740747035,0.5561496949522999,0.7068733605518452,0.9493475591318005,0.9900612061451637,0.38575586491862146,0.4709354051274018
0796,0.7221195338531686,0.5113362170260354,1.2096551881296622,1.608828360566204,-0.1143267086244218,0.9019261358018587,0.9890011194918457,2.3315506404272357,2.629056428507978,0.9271662018496408,2.34333003256681,0.5040962168370232
0797,1.4077709653676802,1.3637730654635718,0.11360079437433329,1.4536968930668681,0.10315745115042901,1.4615595361572926,1.049030288772981,1.217662361419678,1.3392440023352024,1.0273786162918057,1.1698437276936158,0.9677418215851319
0798,0.021178417974503108,-0.9066559967726282,0.030147167586968334,-0.8800431854193596,0.43294561262746584,-0.07897209132171518,0.032624662743274926,-1.452454755456937,0.9610018985883547,-0.4213702357696752,-0.02196566784688944,-0.8338530027862954
0799,0.41455368368653384,0.28783467228174114,1.075639450201045,0.4021636288853238,-0.3981518411445407,1.1017342862107293,-0.06056688428600603,1.1287116230606986,-0.13823606300896404,1.2100782402408121,0.07982399987678115,0.7714269806283648
0800,-1.4147461050999075,0.14246397075191058,-0.8880887719309852,-1.3184023851679614,-0.3165448903064752,-1.3714648524334763,-0.8253154387367146,-0.6324233714628488,-0.6206800249421315,-0.9528894163478446,-0.5597329232865197,-0.8634819729400093
0801,-0.13828671556973055,0.20856746447902863,0.10061599810193869,-0.18857180570991375,-0.035429643631577294,0.6492249909192102,-0.15547115220381838,-0.1981727773885257,-0.5438815804903007,0.4493566040676632,0.2462389193120374,0.25173457372581415
0802,0.11797360971377129,0.48931153348901113,-0.2554651191064275,0.06799914420204474,-0.5552399719038209,0.49561348262597055,0.4575796864870072,0.47504313548136434,0.4420180771473405,0.8404028764097876,0.46558510510930284,0.3333242447964863
0803,0.8297862838661331,0.4629004754664045,0.7535374094632061,1.4365234964716211,-0.4921539559621912,2.1625323518622777,0.7555412198120854,1.2657053557601219,0.5378394343260575,1.259653435292058,1.743364932299124,1.244250895866982
0804,-0.3342223153295236,-0.3302975338777433,-0.9215824931312983,-0.0005376965734057914,0.3339704092468564,0.5391977146567914,0.1643225500085795,-0.32253047171765736,-1.1514032277344453,0.13915227201395486,-0.05467295962482137,-0.5123169146868473
0805,0.5420397232303087,-0.10191911832170333,0.27598864692566516,-0.24490458209466295,-0.12656765963138766,0.15208437167082972,-0.7556252582188997,-0.7303773244146581,-0.8416294377804923,-0.327650570702974,-0.3592394343833281,0.49741353646693454
0806,1.1293582482036402,-0.06580790470419717,0.3540530551812756,0.5586214468287474,-0.801171480109387,0.7209388272924095,1.2042154860540248,0.36785631767763094,0.6236787875198954,0.9910335165056834,0.47890929952000044,0.15895435173229186
0807,-0.0065147276992766606,0.3444494638137175,-0.5503303429987274,0.18093426727753711,-0.23792025223433064,-0.12143029001052066,-0.29875625501522596,-0.3286766470087721,0.0650691650943125,0.20420910105681334,-0.44378815736575705,-0.3275039492313512
0808,0.09305556922451703,0.7226631634560858,0.057736290546727576,0.6315811315085197,0.24316990255302212,0.5779083041976644,1.0884755305130005,0.6500815903335164,1.1623165455952609,0.3694977314481303,0.6910970787350654,1.2913842546892842
0809,0.5185508362888664,-0.3669674453591424,-0.07254228254208077,0.1462653282990846,0.12011928059166216,1.5307227408374715,0.5247518019981761,-0.19421824606270288,0.10079954467492858,0.9230953648731791,-0.1643047764688144,1.404998515901499
0810,1.7753765003156987,0.9334419147755724,6.573184270688568,0.7518131781255596,0.2752965213888617,2.7892152030183777,1.3662757184729413,1.7186542179680042,1.8752092718893603,1.1346063440038574,1.8876929022868043,1.786094349751713
0811,0.004753095424830651,0.35106196349573987,-1.1429507360621212,0.8516076295665688,0.28559443212816876,0.5383253704297304,-0.13171073195171534,0.09441847641011204,0.9980415547730456,-0.7506792692387686,0.20501678390872957,0.14981456004736482
0812,0.2547410514002909,1.017708860596178,0.45426692849230704,0.37787656436179007,0.5993632926537656,0.4542603697368045,-0.15134258604009326,0.036196926670072245,-0.055636600027581015,0.011050493535324191,-0.015819262708240637,0.020551448249864768
0813,-0.43724625066399647,-0.8176257478928147,-1.4375471636264192,-0.4042185656327248,0.011032995413112739,-1.2554810948582384,-1.0949588787242652,-1.3045716329716373,-0.522514875545237,-0.6485866537905658,-1.8074623500691425,-1.4671567020791036
0814,0.5486613386687622,0.4375253755169288,-0.0658667822934016,1.6252780135426803,-0.5065473970199408,1.1967309988371353,0.8555957877008837,0.8608090870406563,0.8499413890287669,0.2016397747709698,0.35140631266451433,1.6168692957803328
0815,-0.6428095328706156,-0.49079330756882833,-0.329351994219772,-0.7304761200447758,0.15420894537482732,-0.46988418570273793,1.0075246373551647,-0.3965309677927017,0.3189474758156985,-0.6326510431314402,0.32218930410834135,-0.6850630366693851
0816,-0.21824035250059937,0.0008595610489715964,-0.05755997500141833,0.23450718762473885,0.10855999044902272,0.3234834330630733,0.18148047014547594,0.08322596635165029,0.17586270823198938,0.14147696462530923,0.07785358083072032,0.10991760161676387
0817,-1.7745964651789208,-1.736394857290752,-1.4634395952949544,-1.654258354048856,0.1090961956111668,-2.9689194185079866,-0.2332703565246763,-0.7029415387814446,-1.1507673542971146,-0.8869171752430175,-0.45267785641640834,-0.8781251605560464
0818,0.43042427612025963,0.8607482880237401,0.7111563236856757,0.6646570967452142,-1.1772487640028604,0.4049486985194271,-0.2327350799691117,0.1691995682938008,-0.187800556580014,0.3681572038630446,-0.16123529558341215,0.3365209348289249
0819,0.022699261103841392,-0.03553079553237001,0.4670884017154266,-0.9016767325359084,0.9231445637722956,-1.2746391614115966,0.16028996891799704,0.4292055912708055,0.4322988180485936,-0.7091204178012649,-0.10269145402261065,-0.2670585650623465
0820,0.029776193183102276,-0.551618508630055,-0.8468107797456744,-0.6001358870255231,0.8216267401111317,-0.8651849727575724,-0.699239224764644,-0.7917121699466274,-0.6655318003100831,-0.5897687344311303,-0.020058776965757787,-0.6193733875320334
0821,-0.8023931356438756,0.2722736085185147,-1.2273447305970842,-0.2693431374975279,-0.11284745255650512,-0.6443115289583526,-0.8839894137913505,-0.26597117093585393,-0.6748568607450488,-0.23349747151751069,-1.4502510688904615,-0.66043066580978
0822,-1.2622370340511038,-1.5305769590854759,-0.4087214111879876,-0.8510617438171963,-0.12481849568178051,-2.406872218825793,-1.8404424918724425,-0.8603249479762595,-1.8058480870728701,-1.22435730334167,-1.2477445870286754,-1.4558538717537373
0823,0.2591755035039071,0.37103941980815586,-0.09088279367471097,-0.16069875776784742,0.15532287548957108,0.2815382317881813,0.30366624637837225,0.4377481417922352,0.509082027537061,0.5039017465875891,0.32938221687572183,0.18281355785383768
0824,-0.9398250972753657,-0.4450190380225111,-0.877231207777747,-1.521781296293305,0.029438957789964738,-2.810002514708733,-1.5921776846480868,-0.49211649528292933,-0.4912344350885802,-1.5340048069924315,-0.5187904693645435,-2.511759899889294
0825,1.154754911350987,0.4762134253350086,0.4027068851499076,1.5275340877173498,-0.2860038842505068,0.6987149749795717,0.8680614736852369,1.1126491323096843,0.08692752331006084,1.3475280176599267,0.6811235709575852,0.9144429135550368
0826,-0.6441963240689187,-0.20619309313392317,-1.0212701768191954,0.3558872519360692,0.34581704561198234,-0.7257613440634917,-0.6538103182839101,-0.4189416020416642,-1.3760113571503456,-0.4967753156530207,-0.21391651479978604,-0.5701420779934292
0827,-0.11706181002667246,0.22151233853161018,-0.36616164102134063,0.7641988694560965,0.329769505856195,0.6973372554568403,0.9056283428455488,0.5959862479934256,-0.016750059484864775,0.13509967774077578,1.5331213947394924,0.5718563147282918
0828,-0.918742590738066,-1.3909219381330156,-1.780554770773145,-1.3674288459533654,0.36603050193092057,-1.2304139724533165,-0.9180075470916049,-1.036981887970803,-2.4212020725816754,-1.8797835132388134,-2.4531131100380494,-1.9572185880639241
0829,-0.19561082036260852,-0.954389748616515,-1.1009837914476757,-2.2041026699501773,0.4493488480661723,-1.207554286478261,-0.2851813253795757,-1.2081969994923099,-1.0425790497615093,-0.9223136475400531,-0.984965711603658,-0.7946826895455699
0830,-0.6355057466514562,0.003881880668088392,-0.28263388587064725,-1.7080960086342454,0.25150148080326856,-0.9495734633056379,-0.44489483562453297,-0.8730810252279527,-1.1263675185302788,-0.16469514272942434,-0.7645267892237375,-0.30780878819419477
0831,0.20822268923725984,0.33256254631055776,0.7524081071914377,-0.10438794648831365,0.3689323375525775,2.801501824553793,0.628853655431364,0.7824009330191463,0.4433679973160918,0.46332800704549854,0.8064569785575346,1.0686955301146945
0832,0.3934129345821319,0.058054728008369666,0.02178105393711855,0.36686262511618994,-0.4900409103276846,0.008253993090588904,0.7800101202231103,0.5696630633661828,-0.4077537196734355,-0.26134565081752975,0.7624100847970341,0.14213059664144434
0833,1.0058038158194476,1.7799503429829442,0.3130519075283114,2.9504529057162237,0.5395098739249982,1.603135254381516,1.7385806108503743,1.9092700583304283,6.40172253852744,1.2970463403190378,1.9368100094091847,0.7500658000098349
0834,-0.8618748416375425,0.11271376651398408,-1.550442839226029,-0.7028354351176497,-0.036762033986048714,-0.1881545105261272,-0.7324816430857719,-0.45973749914771556,-0.7337574941921303,-0.08658334812346409,-1.0483569482720467,-0.4297318078905609
0835,-1.998370410577711,-0.31427811180059606,-1.170806953869448,-0.5602291903913954,0.09695172033075707,-1.0117418865776515,-0.8560661719331466,-0.5139055482375383,-0.9323554266799522,-0.9285197864135942,-1.46684360702475,-0.8552181454456108
0836,-1.3349659374998342,-0.25031563361760323,-1.457984601075531,-0.7933922053581786,-0.5179359664429948,-0.9660802155344458,-0.5610339078641354,-0.535532598319996,-0.9624514932342854,0.04869865102185842,-0.7239199845077252,-0.8921101824929244
0837,-0.07854309096131121,0.32635678471560414,0.3354024712523796,-1.092507804130932,0.767183553459742,0.08531307597336762,-0.17639310319415405,1.0436407483207693,0.13533325660333936,0.41732929266715557,-0.38485467143605967,0.9733008691572812
0838,0.9209255582456295,0.1602210265052651,1.1645936441134714,6.399551132647261,-0.5994587839647763,2.5368063107680277,1.924178449693896,1.8985430978410553,6.238846129219239,1.1202591684610057,6.426413778066075,1.137095493600235
0839,-1.5139343416406543,-0.8162115420621341,-1.7111640971551145,-1.837128421480991,-0.012346968255068718,-0.7710415564254627,-0.6842935654966641,-2.123272626518757,-1.6521202578770013,-0.7618428873781407,-2.1020224604859212,-0.7235109192537363
0840,-0.9975268587321997,-0.5257557724707789,-1.8318025250353933,-1.3975004961024295,0.29077142067601786,-0.333137352470983,-0.9975556881476443,-0.7241716648266571,-0.9557893747799735,-0.27725164439153943,-1.1890110642778264,-0.6207122650442978
0841,-2.1875781131226315,-1.441397244001113,-1.758280427031032,-1.7789178096583693,0.6956960857201603,-1.7511858574988026,-1.328091680349107,-2.8296879533777104,-2.27615112666988,-1.9525298763463708,-2.459815263639715,-1.8826239280829302
0842,0.5812010690150938,0.4093289456012756,-0.15862358860925257,1.278067696461907,-0.5310166261107886,0.5788378260684512,0.12952987834882115,0.22783131631497058,-0.4632469761300913,0.8126190967596041,0.861034693980716,0.4697299160174781
0843,-0.18331188711381105,0.012166389987742318,-0.5476377904443064,-0.3950479228985193,-0.19117948638090734,0.3189013299606891,-0.18713871187442283,-1.0177440903203765,-0.8263504080154442,0.35637786960292145,-0.25561639698434035,0.22355222079140866
0844,0.20939772286215022,-0.25204843190175624,0.14274989899062937,-0.3504545551938388,-0.39821014111362785,0.22560653181081336,-0.40996492477484064,-0.039018739893657846,0.0025815287571650733,-1.177853453141436,0.004687499295783784,-0.28199763867603234
0845,9.338848923595696,0.734545309237528,8.910198335084145,0.3609737980696162,-0.8081540013718507,1.9996609192144077,1.1802675636022755,1.2849946500590637,2.0675400928439505,1.4402368967364723,1.8942254057924308,1.422178261401865
0846,-0.6314536790192286,0.1481750016472682,-1.1542830016413048,-0.34359894073799885,-0.08690129844990321,-0.9838193815201721,-0.595939560075104,-0.19205227332922897,0.24053456667368658,-1.0536003559807594,-0.6345638940847683,-1.1279430025305717
0847,5.426862962836106,1.885628630255047,4.895642049237131,2.230649012804297,-1.4462948624451057,1.1166790529330686,1.8895566353210922,2.067128417909922,1.9428065723397123,2.2134772401093747,1.1072752273730537,1.9864002085610297
0848,-1.2839402597584872,-1.0515487709527263,-1.8448262283097805,-1.646332144451711,0.2952729863938072,-1.1983789911393636,-1.2644620278634136,-1.0432459634120321,-1.4069400836146122,-0.7172273716630925,-1.0094555740260251,-0.8381030330373641
0849,1.522288363431435,1.7224765830526565,2.0808558747782246,2.011485526660392,0.3734038842385891,1.341134752663811,1.198698713189109,2.6380823525035444,0.7588649727833435,1.7993084095620224,1.7514780963746996,2.4866766236569986
0850,-7.179101641932921,-1.180727955851306,-1.2819335145428312,-1.9637035591682106,0.2341159726082833,-2.695041638383424,-1.1480502758590618,-1.1146193627868402,-1.7186987563217175,-0.7709864491302196,-2.074054624984357,-0.8643214520156906
0851,-0.3072321262707309,0.6317869040126417,0.18949776995202872,-0.5785097295740643,0.24214836982603183,0.2085716497338496,-0.10576910386814481,0.097282818997881,0.04328560001807167,0.04151215694237121,-0.07033637771387975,-0.13626675498838545
0852,0.17845780826812557,0.45362587322737147,0.0870975975913203,0.16271881064767374,0.23307987350390105,0.47125315384479627,0.22475870288927566,0.28124639094856324,0.26187424373592155,-0.0663500206054004,0.37945993446986254,0.27750866177851896
0853,0.18509126004688592,0.36432389909637003,0.6229664451614279,0.7233009288649634,-0.35447757780290395,1.1347090547358154,0.493137491278743,-0.23866350136064837,0.0246561245900504,0.48695197553746317,0.02990255114594679,0.4138779981994941
0854,0.3396754003486475,0.40357932327630813,0.19489709637997815,0.14381414579172713,0.19951965663886573,0.9639430355182039,0.1620832711769307,0.5387049734696188,0.03240459644151936,0.7607673975923981,-0.00180914381026303,0.117759867078845
0855,-0.04728154909430868,0.19528548180790253,0.01851807119003803,0.2879247641793634,-0.658386907136911,0.6407572310997072,0.10228036772488372,0.45790541855829414,0.4816158410277122,0.09801852773991418,0.4721558030999014,0.42472309922592444
0856,-0.47387417708971613,-0.023581232525534956,0.11591371063508582,-0.17277678683010422,-0.13290262929035188,0.19948420085141,-0.32756529117077077,-0.3065273504553836,-0.0756828220103163,-0.2040296341013907,-0.31630197694713147,0.027648922470546698
0857,-0.14981601754976762,-0.11272979310550274,-0.179105771980422,0.06666244030890964,-0.17078608151407093,-0.35373435660176766,0.033968659490820605,-0.17040512635243715,-1.0161654307882277,-0.7340406178033083,-0.32606157481726467,-0.6693020362856396
0858,-1.0346860478421458,-0.8460207311073706,-1.438075263898038,-1.4223739649823484,0.8738906801240692,-1.069503954160873,-1.150853695938344,-1.1155533394843518,-1.5322726161789344,-0.7882445942371611,-0.9101960252031628,-0.8176474395754241
0859,0.4028777787940574,0.07349709447594693,0.5075166112597786,0.16288573838950918,0.3381478462214051,0.37737492092581537,0.18255756061514036,0.1758868992453913,0.021953238289810134,0.385446450100598,0.3660502934932043,0.3489693089757197
0860,0.4309130080646796,0.15126119360565893,0.3037192876720173,0.916255492006317,-0.876776978357877,1.280312404726505,0.9505389450468439,0.27719683610974066,0.9623889283195114,0.10923471624062851,0.7494774901444922,0.10997812032065149
0861,1.1290462237957835,1.0344240355001515,1.3426555885960951,1.1939155990803951,-0.008745060858400927,1.8294790780224008,1.8018923406546123,0.8720618548258806,1.4869217823800267,1.806105076481307,1.7330403495485394,1.1447721114227227
0862,-0.1538831610807486,-0.8546939163402012,0.49941623121266243,-0.41268063393442106,0.41630953075708516,-0.8484502234125095,-0.3919352128109389,-0.6057931645771533,-0.8300149154870994,-0.34738817279904954,-0.37658630476934774,-0.5521856708834092
0863,-0.6073857165053074,-0.7511925005927236,0.03641716841130206,0.3726815485933743,-0.4259054606267812,0.12821615109346945,-0.5258189094428437,-0.09039590929316445,-0.28383511748468165,-0.06229645837833196,-0.20276245034052875,-0.2559702714597925
0864,-1.4127984499396657,0.12350896346782612,-1.8392913494748138,-0.8395416952504946,0.5874112294011102,-0.6118148488533747,-1.1362409097421373,-0.8716068770177255,-1.4877493234886614,-0.5923403897015437,-0.9735313262980151,-0.8626663462980527
0865,-0.34036015963211735,-0.03909867397462447,-0.37839899336689703,-0.2333324905765332,0.09301777490668402,-0.1219817472132339,-0.2814701694682835,-0.4612642470893979,-0.20381432747445258,-0.4474314098585085,0.2605267255792779,-0.24306829694258766
0866,-0.7503355942581184,-0.5744532777163059,-0.8499098956622955,-0.4557145089831498,0.6075948183725818,-2.2914106619170123,-0.23554249543904726,-0.9199426256100656,-0.6743061747278801,-1.775800145477012,-0.2928247585587974,-1.4323421794958644
0867,0.5221999369147821,0.38378120735037696,0.3790399380671273,0.41854662823228456,-0.2491473405181496,0.6904559906060643,0.25142929763359023,0.4895787180246467,0.7600278976223643,0.49658890686710794,0.7048015915613483,0.5338972404641377
0868,0.46343138246177806,0.9012430319969358,-0.16734072005829972,0.3523052472067,-0.17674925189004204,-0.01643580679499145,0.072250349985974,-0.012770537352885377,0.4366504727185673,0.340110771208668,-0.17558927782802938,0.14838191870229367
0869,0.92119387240475,0.3084044573849426,0.812781899090357,0.1379282340036363,0.026410217366674434,0.10613247576612087,-0.2850876713891743,-0.2929457450434617,0.2153623755761325,0.05126925109936252,0.4741406347493624,-0.1685210156824343
0870,0.15509568091357023,0.7242895507342078,0.46900643932694824,1.0433948573534209,-0.03753503839115397,0.8298327273962398,0.6525677552748531,0.8453338430660351,0.6525640250192216,1.1009722975822536,0.14283745676932544,1.1195367643125842
0871,0.18223568236950344,-0.2113791793165817,-0.22591281182889816,0.05757443064928113,0.23701290486609727,-0.6855764963693574,-0.009757122503993175,-0.022180177738119557,-0.007372971134652725,-0.4635306562417238,0.2028058661284737,-0.23693669745377957
0872,-0.3229037115747271,0.025084669549064742,-0.1502863174821815,0.5058885911781361,-0.32488957306157457,0.48424793458103726,-0.029513435825574558,0.5419040310074207,-0.1625630518292667,-0.07123825493268493,0.1298807929924817,0.20945137677369735
0873,0.19314929892896412,0.483848403630446,-0.6552767898089663,0.14343494569716578,0.025836245783402788,-0.13816818065211112,-0.1420169574747641,-0.5299210473341982,-0.5465425704516944,-0.3293395170250519,-0.4775739286652587,-0.11302488822254794
0874,-0.407387384817861,-0.6242262313399733,-0.6079650008337434,-0.4102482028945801,0.5152846531781289,-0.6792186462426444,-0.6061763672161807,-0.49042843566348465,-0.4481249021761129,-0.18140281671341768,-0.5874422867458013,-0.1803511009585486
0875,0.805807885269265,-0.03959800349730425,0.5250083488944345,0.7948640911825573,-0.15387301664440065,1.2331450957556642,0.8547879577824167,0.7715681190741513,0.6794853520758514,0.5113051425724224,-0.07443486536660728,0.5301379348225933
0876,0.25005682173311305,0.33241403489511145,-0.017869033797345647,0.8609396867844873,-0.9982287819841258,0.3008822669016477,0.044487120672143575,0.07185518147336035,-0.14454147208180754,0.33243335976447536,0.2531331377379006,0.10642629379131552
0877,0.3000579447888427,-0.5282793989193475,-0.2526217783051875,-0.43644596420213816,0.13892247221195206,-0.7829475229805514,-0.17567848481480955,-0.36578863297886755,0.012670048924486536,-0.4258456250502496,-0.5104374321381162,-0.2169705360197458
0878,-0.2874486090909615,-1.1817428463178572,0.4116363393940686,-0.12134668097535975,0.1795809000607524,-0.5226961662744433,0.10568358246845182,-0.3751164435836216,-0.12302948016597746,-0.27672353844559305,-0.459007176611204,-0.28796873302849085
0879,0.2545888772372169,0.18676416903885992,-0.09918097628269537,0.70545540898138,0.164273408156928,0.8640566353640153,0.607965599672685,0.6886976417465509,0.44780216668071643,1.134686343009913,0.23202367558175865,0.864384931388111
0880,0.16170197912789908,-0.010999027638601375,0.12062667883795614,0.48094929970836087,-0.790949421227841,0.26758582361840966,0.4280309814563991,0.6954788811668281,0.318999259027698,0.06714934411068657,0.43595947245805033,0.024304472606843062
0881,0.901120405238821,1.1625464323683228,0.7253304490972362,0.465473901488383,0.1882910188389941,0.6246727276505337,0.723859971477741,0.5331446797578447,0.9805136755222992,0.5376909047545685,0.9268657293248876,0.5021789568036942
0882,0.9414302901007804,-0.07561226441484857,0.9861760782019053,-0.3679079379067782,0.18833633545606787,-0.3563308404473003,0.30253843699002475,0.4731987295707129,0.7970622451946587,0.5808616430337616,0.47115024665317673,0.16767567921084292
0883,-0.8694193995486776,-0.5217733381469601,-0.6899132643732947,-1.0342772347773386,0.1828391627878287,-0.7806258879757632,-0.2989860080885652,-0.3051778327799146,-0.49275040975167406,-0.5130284341913252,-0.7569636744767791,-0.1365363915357656
0884,-1.3018983413785055,-0.9392476103406179,-1.6651230331484355,-1.176572582613077,0.12647409223890343,-1.1879917289566568,-1.1232891473579707,-1.0785595677251791,-0.889714576635609,-1.67564020986158,-1.079130290968327,-1.6039767394036208
0885,0.35962984403202647,0.43443101651391763,0.4846797813772681,0.20104847324347083,-0.14751219669915114,0.5024818886011228,1.1855216485007285,0.45436300492506665,0.4620457950226672,1.2205629898646533,0.40182500463090354,0.9199359989263958
0886,-0.021938206370196108,0.17694335061442468,-0.13199009280174415,0.18837665804634537,-0.5873753895369458,0.16006182937160074,-0.034151864152861984,-0.0855075892502606,0.32860434007322264,-0.018581790590846387,0.2459665255842769,0.3127498922372428
0887,0.21822366614924002,0.025339235274348282,0.13730262311443123,0.4679385376498151,-0.3873118844057108,0.10765273454236943,-0.02284295060754982,0.09813301198915703,-0.1228607918661649,0.4982890507097195,-0.09313060793713067,0.07064895037585897
0888,-0.012309573548121842,0.1829552653771248,0.308664915906111,0.8811087243243177,-0.3595966952628279,0.6595578183465486,0.4442466424755068,0.6117083937304008,0.575497235783433,0.8587824038387584,0.5700164392758341,0.8936820695579797
0889,-0.8976086647590266,-1.6755660574775306,-1.143036956636258,-1.5060537423412201,0.5893466889452869,-1.5304596510886295,-1.5195545937055097,-1.1692690009528082,-1.5319640327375526,-1.1831800137883275,-0.7346891056032233,-1.1967975370563133
0890,-0.1893997923434144,-0.15966261187946673,0.5369269116807754,-0.02501625954074229,-0.7315475831358221,-0.39756634887652675,-0.25001178917366945,-0.01500376048912467,0.17077516095511708,0.16185809038430043,-0.6526431727842443,0.12849379834005561
0891,-0.43969685108613277,-0.20666784418131362,0.32347746097146907,-0.11490467831176265,0.11281442136957585,0.4074262267294754,-0.06592808420404254,-0.2561597440055042,-0.11569102358310833,0.5596831942041365,-0.7826996988956443,0.36831424966765147
0892,1.095218544621422,1.257207233985204,0.6830483938460674,0.13542881595156092,0.014120224990860488,1.2166208596418002,1.1525372707059383,1.6096309486337848,1.4920052258883207,0.8281034887287823,1.479042917904807,1.5882900530393274
0893,0.13616670666104247,0.17514663777044914,0.5057701241637503,-0.1397833730440956,0.22179156316166376,-0.16338918909033265,-0.0024297889478748424,0.541448779050603,0.09730343533271811,0.1963070824624207,-0.03463334757633948,-0.42408858457799764
0894,0.2812261645109707,-1.7257303513447324,-0.39251130357219893,-1.2160614108895036,0.5673205835725418,-1.8708914719910397,-0.6617013014657959,-1.1955971533905685,0.10983080331981894,-1.4858495345959524,-0.14372282530090702,-0.9258875620164425
0895,-0.5018647106680247,0.4845393388678836,-0.8089673750856435,-0.5588399590364747,0.0731029342102057,-0.527228594207292,-0.2932588156746066,0.13272622941157675,-0.2711748183540395,-0.7114930645255557,-0.11312151035941997,-0.11146278329400663
0896,-0.2790682640612139,0.42602400519740385,0.36468472402298774,-0.6484282113974278,0.42981926706808,-0.7524916517220727,-1.10154377776838,-0.2844775692842268,-0.8921290300650725,-0.8109156617541585,-0.5154334941192341,-0.781757097112521
0897,0.23999533046899246,1.1734529419982176,0.7469209227436413,0.32878513557852207,-0.5340748204317409,0.7737015751284315,-0.32311421379289496,1.1881187993991098,-0.6453023816068,1.195509618791894,0.18396477803600542,1.867053208601067
0898,0.5043901573651881,1.1658695630050067,0.809829973994373,1.8333561035381927,-0.6914864850854142,1.789743251305722,0.7364964442037084,1.9043894682499227,0.800535285542299,1.7051610601145624,0.6721521905211311,1.7396863065753831
0899,1.3114124782444878,1.4514539449074393,1.494868712131791,0.7679133012144517,0.5792358790898339,1.2167896265036755,-0.28364042446794013,0.5189855224243014,0.792390972783034,1.2963069718681046,0.4954756380731985,1.3484779805388623
0900,-1.0739405664396084,-1.0786838211490464,-0.6896195572703973,-0.06321493515292825,1.0088491993911317,-0.011393382458205639,-0.44181516561940737,-0.14187165638104074,-0.5496342597678714,-0.01626683452398708,-0.5838826313549237,0.019277391882984926
0901,0.4855461932128361,0.02435592722717112,-0.3928318065970096,-0.4034123146219187,0.044799666766451474,-0.06422478889394778,-0.8453631468803512,-0.4352243600436747,0.3850605957329059,0.2761088662806064,-0.14050898845106316,-0.27217173547504386
0902,-0.8659249321865239,-0.7814994906488266,-1.4254702907891839,-0.749943424620803,0.15482742961361512,-1.9914383312747679,-1.5734689130350907,-2.3053053343041507,-1.3522781502074213,-1.9829992894344015,-1.4336355934669953,-2.030050411938602
0903,0.885155886597876,0.18962174340079066,-0.034848682435799964,0.7642957722648278,-0.2898704116916231,0.29790266867502685,0.5353582945181328,-0.16494624460136356,0.9693592907621725,0.7693588105085234,0.2317554894664627,0.6722685527501877
0904,1.1991077561108585,0.6905646287888207,1.1887003275868142,0.18793779291703275,0.279347379704504,0.6186119880342883,1.1118203109703964,-0.031660070411534826,1.09236879895156,0.6494355951969766,0.57946316016639,1.3326443821689145
0905,-0.7404315617635825,-1.434877617534352,-0.8666895002349,-1.593369161247636,-0.2549385700269414,-1.513475946200855,-1.046912167064141,-2.7720444892933833,-0.9672344835431892,-1.6112199722323206,-0.9030164241881992,-1.575307713645067
0906,1.3630910577988697,0.727773132006108,0.8612404485627015,0.868911894202125,-0.4006597785028594,0.44886276768049427,1.1691928521628827,0.8000813111963498,0.8887888202948292,0.44482919567852564,1.621320905639132,0.8195438535977374
0907,-0.15132107437656797,0.2518261007953718,-0.42817759114563464,-1.0405765778380078,-0.599270618097301,-0.4619413177644804,0.13724497261938395,-0.20751443731547853,-0.5338712657457213,-0.518431385465827,-0.519784155773334,-0.19286983443421568
0908,-1.7436470619341968,-1.5955696415410774,-1.5189781311239836,-0.1992555513404236,-0.13263515585231528,-0.18924289867368477,-1.3898032103951599,-1.3712967047727205,-0.30141240909443034,-0.26037376912704285,-1.1783733729912815,-0.7565604920693961
0909,-0.26960887745851025,-0.37350547322660277,-0.04870054429612622,-0.7671697987296139,0.4760073810058142,-0.7243886055302109,-0.21888006584359665,-0.9899281320205686,-0.1974737907706899,-0.644636115330931,-0.26466150294753266,-0.573373640822756
0910,-0.4762225610787898,0.27509280684069876,0.04398934001124944,0.11317631049709828,-0.44161696393362065,-0.23443896717736634,-0.783844941072844,-0.6154728940582311,-0.2625942242394709,-0.2432860153092728,-0.07544230894054559,-0.670029745706127
0911,-0.9193265987834658,-1.1518491762862,-1.1088759190744426,-1.23465497777056,0.77471370385689,-1.1407992975866668,-1.7247735584931518,-1.503456047628446,-1.460875379677953,-1.1655704946392438,-1.550364589266465,-1.2140063478689904
0912,0.6189499569775752,-0.09993091925354546,-0.3758883608683554,-0.30736696976777816,-0.37295442677279933,0.23067977950761157,-0.5860284408590377,-0.6549821388960274,0.6488920803594863,-0.5886845600997274,0.36089823959790934,-0.6748330006046255
0913,-0.6416869730859585,-0.3982592575605761,-0.7015576580210068,-0.3653824745010808,0.16411073464843984,-0.00043924651735604805,-0.14697375700276089,0.8934483843022434,0.4117124412271054,0.39020727037862846,0.6624817602650075,0.3364665369829389
0914,2.546297961895378,1.2894392344014305,1.460648334946966,1.9915381101483736,-0.19641665664029082,1.7735847595466565,6.65043166894882,6.958390362532188,1.5520475414004795,1.8725271511112331,1.4439273479814647,2.059994446693073
0915,0.3950891500779739,0.7587598658683986,0.9596228109033024,1.1161166342098636,-0.11814395106197662,1.0392758435382223,0.7651351114777439,0.6950798632888548,0.1258045987737736,0.18078168757895652,1.1851897914392764,0.08806068796341887
0916,0.22869750898918165,-0.18242419912168373,0.20890177412242497,0.7102832738172441,0.31989634537213363,0.3710688801145226,0.32898724427843434,0.742972324683137,0.5808198824366704,0.4458787798535485,0.6313089882735596,-0.05821067343169349
0917,-0.22955343018888208,0.6518574143575189,1.145093030472518,0.49166029958595503,-0.37021582833202993,0.07712230585537688,0.3683457172669714,0.8018471470290648,0.5122002242276654,0.03645414127566892,1.1049845304450345,0.056505422823506304
0918,-1.122910166763867,-0.3779733404653312,0.08861626644501475,-0.7723351093591416,0.20190212447996947,-0.6488507112145379,-0.7182520448309297,-1.2867452248944746,-0.9852151727392569,-0.5607079136933938,-0.9835641876744374,-0.5437122235211019
0919,-1.5431596765050528,-1.1754944281153712,-1.416793934901223,-1.677293315155573,0.3985938296018197,-1.656709988445525,-1.7201425724112045,-2.0228654533697266,-1.5040890191784548,-1.6703828011272017,-1.539689070003794,-1.77885295613913
0920,0.46686143890010434,0.2880552978150335,0.00861878253991511,0.30419020753536535,-0.9219630596959749,0.9179643868528945,0.20317557247250012,0.7263628542603653,0.2253058708668207,0.7328520694359756,-0.040343522930764715,0.8410724407334846
0921,0.4622552963817116,0.8879183593013205,-0.16224066746770965,0.36790089505603246,-0.07582682434773509,0.9605989367917845,-0.1596945479053844,0.7110859315457554,-0.3144977357566312,0.4711393670922686,0.4714730040605892,1.0372204183074005
0922,0.7655298851781519,1.7997946999653422,-0.18015994666032756,0.5295325929063223,-0.7183903978401732,1.6227049054237133,-0.025689699463481312,0.7712074235201911,-0.36981466970899274,0.4751013794108435,0.187124709964539,1.0724524465008975
0923,0.25889394732563076,1.7599329923877463,0.5101963672072459,0.6484740830502951,-0.20104595061427738,0.7875761769868472,-0.1495994248480364,1.0595291055553449,-0.4685473495778584,0.9625153265444517,0.0034079981264871057,0.9084116978436086
0924,0.2790382119727387,1.657740645170226,-0.26476204370421297,-0.30775400936663755,-0.2968348898843861,0.36571522171598725,-0.11150206112574103,-0.040633265725103465,-0.25971361556516137,-0.10336409828112703,-0.07955473444144227,-0.38653700064830976
0925,1.3559002415744053,1.0405074751649308,2.1403217735626736,0.34411773934087225,0.28198089460585407,1.1521988646186698,1.3322052882103403,0.21127182190767882,1.4926740111880712,0.21094822917146777,1.9244843104533655,0.740933822691506
0926,-0.5117075441867902,0.958321721816466,-1.2144515240821816,-0.5255846357941051,-0.4473498520148655,0.37690372276516837,-1.1158944789809406,0.7100648708699481,-1.3617941619312937,0.21351531487770056,-0.5987765080641813,0.37859901934706824
0927,0.5625098622614912,0.46168066126909063,-0.08726326097072376,-0.162887243359463,0.6196246499197298,-0.8344578537829258,-0.018755169637269288,-0.15642536122030118,0.48104930910135685,-0.7076514537286842,0.9421361031297878,-0.3208382329347716
0928,-0.35734212500248963,-0.869114305997533,-1.017902938720713,-0.2506677696754152,0.9865626979232912,0.3491417712803337,-0.6251107824586026,-1.4436200146408402,0.21017790424874866,-1.2898489717354142,-1.3264408294931922,-1.3732772534007411
0929,-0.482059583023733,-0.04951931765206576,-0.7963431479950698,-0.6969027483033037,-0.03384651613812495,-0.19671343614954193,-0.3922795902028316,-0.44539989575675293,-1.7299770210434486,0.2683677676002571,-1.6783071087256354,-0.1963888948346767
0930,0.5411098207676374,0.5886200409867933,1.4940391210932202,-0.3457311133853254,-0.4672322951346454,0.7888835558650327,-0.3383124860627683,1.1684763832170177,0.048166662989294326,0.4599104183297437,0.14414699850317386,0.4964837059037176
0931,-0.2681092162974201,0.844795591984969,0.01900905656083936,0.06759572390146651,-0.33933527986521134,0.13614121023023731,0.14844876791723507,-0.13970975691211351,0.22631482295322494,-0.454049731847813,0.5080993622818798,-0.10881864048596362
0932,0.13850881910929272,1.4902413371390748,-0.4344293393098313,0.6612356140027246,-0.1432458253348904,0.630317374472474,-0.12270860903355331,0.8566214391767537,0.21491421910747058,1.3877138046473234,0.02272261169610106,0.4282921686179204
0933,-1.792574597857791,0.2313220632642686,-0.9661573994570084,-0.11806484246887525,-0.5477278719601071,-1.645741710150209,-0.20785404643338382,0.4738515215036775,-0.17675817622588014,-0.597678159592668,-0.0301339119097709,-0.4818995429032256
0934,0.02683176951646158,0.17233479472605193,0.11593267349368395,0.35435283198399503,0.6420826682073164,-0.03179096308571562,-0.2247477150061765,-2.2617694596483386,-0.9615810562263614,-0.8987417001987418,-0.09882099293160061,-0.3830464340698482
0935,2.3881256884156232,0.6701998731119359,1.4778357942036757,0.32228061792652907,0.3051017656206835,0.39275979831449787,2.6389099149539224,0.6686786945092357,1.9220226420406854,0.8794554019802119,1.7113296788684433,0.7399720822248474
0936,-0.21853802358349053,0.10693974358355829,0.1484809975854526,-0.5124596983942579,0.6059698470730521,-0.9290075124539537,-0.6201994753628758,0.3369941245945438,-1.0523170796141146,-0.059147006870972525,-0.489112613156631,-0.26870012143511246
0937,-0.08707073455136058,-0.609354553153502,0.37904535939768624,0.34266056684184387,-0.5259631518924202,-0.16867463440809205,0.21023342487906924,-0.5792970272894613,0.33001682342668026,-0.45364069525944833,-0.8056405871069275,-0.9417378187206467
0938,-1.5230750814952851,-0.853759735365856,-1.4280060489077129,-0.7512487853305342,0.23519275769758977,-2.8427664276651923,-0.6542981639276128,-2.404875811862422,-0.8210041047583803,-1.7769625274707213,-1.1937413051443535,-1.8380397035587372
0939,0.24780415006339018,1.1773626760382785,0.19991980880415056,0.2781680659252917,0.42621935783254794,-0.09692166979091835,0.013140076917567536,1.329244529355985,0.8764907491911826,0.7854684377280283,1.1508515232700514,0.8933948530612624
0940,-1.5195575887517374,-6.271129277395564,-0.9316388642067468,-2.1586370714009635,-0.1521049595595403,-2.5318628707273962,-1.5047372706302977,-1.729216120765403,-1.390505606913175,-2.542888081952969,-1.0617906845519711,-2.5917162526228057
0941,0.3746297683671696,0.5552869188534784,1.5698755325672016,1.4626826938143584,-0.4387257758942465,1.463825375045226,1.781574847412614,1.6077604892690829,1.8665890905194191,2.4477021983619505,1.6446508729528837,2.2716697446013057
0942,-1.1079643682723928,-6.0381777769872285,-0.5799199292678883,0.1467463363737092,1.2068580041344898,-0.6667941663194874,-0.056304362377505954,-1.43020246835216,1.0127884764925172,-0.4107172795418551,-1.3077643666950047,-0.917502496706108
0943,0.9756779563213459,0.9467041096992591,0.6602053701848448,1.476555598100207,-0.5719904015421025,1.3251209538609752,1.256663152560534,0.688251749057635,1.1483307409661878,0.5433529330087674,1.3417111158736441,0.3619711802140708
0944,-0.8235679405619927,0.028824145930527005,0.13595752296046887,0.6927167402422931,-0.6191066387833501,-0.3859867845287855,-0.2046038776483911,-0.22942739359800407,-0.12527738293271862,-0.3133551819818784,-0.5764403075649073,-0.44033739604773386
0945,0.766620396190808,0.5943486666874579,1.1540382830672091,0.5144068579001362,0.633655631291763,0.6857922205984365,1.793457583664358,0.3099387470606134,1.156480976326576,0.6478155105001888,0.15409851761797624,0.33330115893615886
0946,-0.48661548655208103,-0.016292675827555968,-0.9682256160895601,-0.07431302688296298,-0.18443131207577645,-0.4988684438009849,-0.4459765033398461,-0.20255056427691134,0.41202739235841873,-0.6734089641415522,-0.7571186326990901,-0.10028304084095321
0947,0.7925600863924381,0.19349321010262596,0.631318818069106,0.7963842201642314,-0.43623301655641955,0.31647910442096444,0.6842503561093471,0.024927125913345338,-0.44696601154788246,0.6585886545055719,-0.14935926469633568,1.1584783333623814
0948,-0.4447723612896575,0.2402589390385536,-0.401144299957862,-0.5170207142090442,-0.27766963718712745,-0.5306946129765697,-0.9204086811300402,0.07659877130313149,-0.859713109626273,0.04292752431030161,-0.8237014544985195,-0.575760989598916
0949,0.06093141188570688,0.8418228059471484,0.7927586288184079,0.8935230833475032,-0.9828318307235987,0.7226876604852173,0.31355126322027865,0.7525705551338377,0.6952486258318149,1.1985613976171348,0.85090000285472,0.6790698643745473
0950,0.21990615354842413,0.47668030397729666,0.2897116044219859,0.6191608115348991,-0.03318341884877591,0.9837998522017443,0.9840550691872655,0.6615879696312404,0.321911093359851,1.025071634829788,-0.018820044293187094,2.114007976734714
0951,-0.585896005940895,-0.6214035665371778,-1.0051505719611518,0.6294677944163073,-0.1506499301835244,1.0173932092515237,-0.9377819659963181,0.14764487720263322,-0.22799177161023793,0.8872016184601565,-0.08437931183979001,0.3747756201889519
0952,0.42123288287353583,-0.9232689623404045,-1.1135687428477739,-0.8747993546058547,0.4119793520422722,-1.2909126351302218,-0.8877606080569539,-1.0521059705373386,-1.7217394671494208,-0.4405974329000961,-1.8297525571505564,-1.2935044956784523
0953,-1.308639271922292,-0.9376774063862539,-2.1320006267156537,-2.8042215017073517,0.2913701040837692,-1.4724763351464514,-3.009033968206851,-2.8014165617986864,-1.0622695735166554,-1.600056053612004,-0.5936973597529897,-1.6339032063599557
0954,-0.05325846073777899,0.8114369965223499,0.36142022061535095,0.5290693246795687,-0.5902340898560823,0.7113240056410498,0.22029103269559358,0.23470132816550404,0.47053328048908927,-0.15794198636470883,-0.13205747130344686,0.8498450293285731
0955,0.24165152380325663,-0.8781104989735811,0.1286840084274661,-1.0258759142074225,0.6132330671972135,-0.7113964357275739,-0.49410045035209293,-0.7286122448278747,-0.049049240563276246,-0.7746534456337273,-0.12025488358825275,-0.852320810084619
0956,-0.07647579595248637,0.3056995669005346,-0.18968422939780127,0.8050929566525724,-0.42901732983370844,-0.08510403735272025,0.28672400120973807,0.0229541476516956,-0.21485353704294585,-0.06671296673628094,-0.25362992721531985,0.2931825024141316
0957,-1.161725905409087,-0.44536728107223994,-1.236823714291027,-0.2210381570479986,-0.03537850341132841,-0.47970430378464535,-1.006955430281847,-0.9137294850288998,-0.990296592981323,0.03122760548529642,-1.284177078580894,-0.06027133583866575
0958,0.37107425295143154,0.7084087212482655,0.09558116903933464,-0.04137557236644379,0.3112384314226318,0.32504517733697375,-0.28661592505311784,0.16739322660975164,-0.11348331420188257,0.12799142729995952,-0.5419952426979998,0.036700129178624835
0959,0.4716416646382089,-0.7967950838042371,0.31591777052920733,-1.5036737734022165,0.49568421518618644,-0.3665688861852236,0.3703536958658181,0.12248510429032185,-0.12263573971187339,-0.02721257670679008,-0.9675736540676012,-0.041208635902222394
0960,-0.414877423473241,-0.2614616555443094,-0.7893944617244619,-0.5927181295974403,0.9460254532102504,-0.11325798519252872,-0.68664909858785,-0.6122627824477411,-0.8539909170604312,-0.4350803551194488,-0.6246293973214609,-0.36136325786035733
0961,2.995669153480199,1.5704119639440552,1.8657081340288733,1.7261195077443618,-0.1325643433293968,2.2016631683216197,2.287427638246749,2.0962798034371706,3.189378501156738,1.6823922007216898,7.1601756659342986,2.2835172631618796
0962,1.3650916978617733,0.07360796704677179,0.35486135362972665,0.40677810488036953,-0.20791927253412432,0.40004036472386745,0.6851176149015303,0.7985657754980579,0.6204632979878023,-0.16745578151140042,1.0761387455124867,0.6534182859798934
0963,-0.8378187664783414,0.24796657903389516,0.6504264678915704,0.43896779824231513,0.10399676863143612,-0.3117881850048561,-0.47410641586199526,0.7836730969554005,-0.29750130808870945,-0.5496874262250173,0.031489512174511104,-0.9181037405661697
0964,-0.3442598114076464,-0.07060317065649414,-0.6327860406557669,-0.30610533082039676,0.09458162801977471,-0.18627858046001186,-0.8620705160564665,-0.495838913025068,-0.5550525067051756,-0.6580179927198996,-1.0762811087949393,-0.7174885933052843
0965,-1.2878516384664827,-0.3162800643912397,0.1600571080303696,-1.5145174295317114,0.4802231592123234,-1.3133180800528224,-0.8840803937370293,-0.8477965362345565,-1.0216539037290642,0.1794101416157388,0.1718496082467076,-0.8261014899234131
0966,-0.2059115823307959,0.1156129153261222,0.5103514233005343,0.9601784080188367,0.06664316565989904,0.7532713529767338,1.8043598436294848,1.4037395180128738,0.7047122952567316,0.372802530469186,0.04882839837096493,1.1230475330582217
0967,-0.5869625150688065,-1.3780471186048322,0.20508159961114447,-1.4731126077539143,0.0729076960088815,-1.3193098572354376,-0.34545876744493736,-1.50284930059748,-0.710011954614941,-1.9332042467319166,-0.7701453096526053,-1.4114793487794697
0968,-1.0221021594433726,-0.3650820067986682,-1.958338468501326,-0.3106629654842453,0.4767257411807758,-0.29088770793826557,-0.4395277271826779,-0.4539949859703249,-1.2448263003048798,-0.20021608938105978,-1.0046950356932463,-0.2065344218815634
0969,2.3252096546658754,1.3054977655495899,2.177906024165307,1.9731957770163213,-0.2125380905152849,1.3188511943174863,2.9567433844449993,1.986543969862875,3.069666756572697,1.583324138348007,2.0993278022015667,1.2055061004629217
0970,-1.3665316177768003,-1.4503851251933544,-0.06286871070374332,-1.2021823394465545,-0.13451660549819291,-1.4049152858549625,-1.7578642215876348,-0.4372709679524059,-1.1714402620675854,-0.9830667587458393,-1.3258112228116445,-2.02816015049827
0971,0.8754858379403648,0.23736056428785368,0.33819101046469796,-0.34004437996943315,0.44662651199087244,-0.18661867556065276,0.21328845810138175,-0.7914559475517995,-0.3664285099349664,0.09563310047450338,-0.4639552365211475,0.07929850096165009
0972,0.5370984568106612,1.0568127142795647,0.05312702317858366,0.5017866759038486,-0.11078857387198249,0.9814383104431934,0.25289429468551544,0.3130218917182654,0.41361673091436757,0.17093939359052254,0.7432549110318588,-0.1485845310785241
0973,-0.11252584911125235,0.607665877199551,-0.770295920719387,-0.057504602782225155,-0.19652498886270536,0.19714142655439387,0.5224499793940973,0.35590491744601443,-0.20891567503898734,-0.5060698787134921,0.5310855830823713,0.5674885958586824
0974,1.0405648789880861,1.0130102451917409,1.1812570642989149,2.070759898156944,-0.6277651765394172,3.0714687258127955,1.959506161914271,1.1442937586301078,1.9643842243260823,1.6507052775668425,0.9372206809816401,1.841808887627932
0975,0.7340348725697077,1.5782700893651598,-0.4195276499744584,0.9362580732893194,-0.03605896751823374,0.8998872970118453,1.3903607379859018,0.8542657499868572,0.6301937680378772,0.2196545206139643,1.4479146612538139,0.8032736997627735
0976,0.061535583761123544,0.1492272357298688,0.2267650185949049,-0.11243481888514935,0.006622494354103664,-0.2240569799585312,-0.3497521624505887,-0.9097759736056291,0.10598450114260885,-0.17009705024223884,-0.16353637867428084,-0.7533896978460706
0977,-1.3532258486454842,-1.1203410355171788,-1.832211809681374,-6.327249949356658,-0.06763507580614175,-2.015550987556722,-6.648400579089375,-2.114181735187013,-6.629495239261381,-0.8982802652749892,-1.5497375938354556,-2.272552042242267
0978,0.14224281377290537,0.3490439830253569,-0.9641709519836309,-0.3728553589227433,0.17357028864657814,0.3700599151212331,1.8096412718807038,1.122394328504987,1.7199054125405726,-0.20912177885410702,0.5343667364707118,1.1126636997314288
0979,0.20735575939782075,-0.3494909354842716,0.30005746076826834,0.9189990911857445,0.30405318148515814,0.8886629081102767,0.10886233550134997,-0.33895399198643034,0.7828918736811834,-0.3161109853166697,0.1630216266090901,1.0299007866143663
0980,0.44857430839851636,0.9916259634245207,0.03022358609253282,1.1024056494665917,0.3793987614580054,0.2708125734661816,0.399910539924524,1.1335800167575487,0.8517315176048892,0.8791687447819404,0.13786289883496833,2.4836765268983796
0981,-0.2863052050602435,-0.33202738059914605,0.12803714572232455,0.03413186909913603,0.6604499649481278,0.6330966851841916,0.12328247380509508,0.08166606737731208,0.3328378276012854,-0.3601212728658535,-0.033549995105532734,0.3200893646837582
0982,-0.2774415270390237,0.2919523176432312,1.04048831034067,0.8785963292117874,-0.8113124502945805,0.7405348357785708,0.10922102304482874,0.44451226989051995,0.18360014096268912,0.9841975970668966,0.19958283747801228,0.28598835088275537
0983,0.65694425662236,0.18005470711302923,0.04178616830235751,1.1039247267963026,0.748949629284902,0.596613990463365,0.6209877813445964,1.244906960889587,1.268198767539417,0.19385898212486422,0.10171436249285556,0.7929091112596554
0984,0.4543856455450863,-0.07469280822004035,-0.17264435348045556,0.7008305669481774,0.23416416114047434,-0.2193415619495836,0.5099061215860317,-0.7040100647098501,-0.30508414342414986,-0.6272803627186477,0.540371308187224,-0.6659670293882467
0985,-2.118614918499639,-1.4008351494486966,-0.9067316852284653,-2.0245069535957203,-0.1324116566860303,-6.363595304949326,-1.2834579032570936,-0.8336542129644843,-0.7149925887730191,-1.5366590651275986,-0.9843824792557224,-0.862553481385983
0986,-0.0462003583487376,-0.5621077528809141,-0.21673650072331804,0.05408078999178078,-1.1741168103698794,0.052102297160893596,-0.716424839490958,-0.4175005433937931,-0.2618701772744838,0.1887593400862281,-0.4340801428898415,-0.9044384879303793
0987,0.7648769765943788,-0.017244048899002738,-0.1264549068264691,1.1059180214252533,0.712765780625448,0.33875978454745853,1.0487822771322042,0.38938444982234804,1.0002998365713698,0.34558995425498423,0.22938864460489286,0.21342509233700419
0988,-0.5095194940778391,-0.902933321239798,0.859412830616485,-0.04528442295302582,0.23966251605315697,-0.7801518455711868,-0.8088386341509627,-0.5291643686188742,-0.8053076255110417,-0.9572749831384022,-0.7627188860278845,-0.516628188058158
0989,-1.6199667241843323,-1.0817667296417373,-1.3086562882139487,-2.283443786710075,0.3211873117560583,-2.329376056841394,-2.2336926192095428,-2.3839448763898012,-2.398116289453025,-1.4746994388260417,-1.005142302023426,-2.687877645768504
0990,-1.7494102399725329,-2.6196189136908656,-0.8323592389195882,-1.9361797035771746,0.06694921166808386,-1.6194159874773377,-1.1622209627700284,-1.2131964850723942,-1.6523752357040027,-0.6374926619413941,-0.8326361400194842,-1.9589126104237955
0991,-0.023373847115018002,-0.09560410934734848,0.7889898333574022,-0.6986680679853168,-0.6547429108466012,-0.1835007310684801,-0.5222528243667356,0.06664975795156425,-0.20015796305835212,0.4100070197039086,-1.009821628753894,0.008526366783539402
0992,2.125479498035559,1.1930086107643687,1.7299442251516721,2.318495336852462,-0.2367579849687437,2.704275958381731,2.9017143575179194,2.603314698796663,2.1022223619578226,2.248154144031855,1.8321427500555734,1.7758934377616353
0993,0.1615662191573381,0.6014282566701113,-0.10348724539044568,0.329084119604756,-0.4796084218193819,0.06635421814936196,-0.6405809370868799,0.05178511163785753,0.17791002467261693,-0.3374283324819961,-0.6919717818545836,-0.6723322540276054
0994,0.6104100945612282,0.6967310401008949,0.6809025731702466,1.7710318923827306,-0.03936781067913701,2.1803608385467017,1.95730044453127,1.1012307098347582,1.954340848736815,0.6843204749524442,1.6458473844032713,1.3507417550796297
0995,-0.7239713036333756,-0.38952939701457034,0.2540941385693379,0.3718688120923551,0.27269105180263714,-0.06996181912270188,0.4375131620652237,-0.6710725338054994,0.05462557505016472,-0.04035249743098894,-1.1122418466745811,-1.2224482335663325
0996,-0.004450369906377583,0.6580465772400093,0.4583314508571412,0.1813743243186465,0.15389713556225484,0.27867890091245484,0.492793705899949,-0.37956835591424865,0.06535413177951843,0.04792314594843014,-0.2982267417741328,-0.33518850384058535
0997,-0.2404286231587398,0.0008053155903300321,0.2848267221362802,0.3538513353378069,-0.08348059466631169,0.19569109608008553,0.34810312156719436,0.7141272110764485,0.5334045775601478,0.4940880540024697,0.2974186266979583,0.629228131193231
0998,-0.9114848324513721,-0.8177960245229058,-0.448081203576492,-1.101134870313425,0.5788142408058643,-0.48333054510273027,-0.4658358807190467,-1.0760313817788358,0.27534074403939357,-0.5653869910000272,-1.0168876546653125,-0.6235111909511826
0999,-0.56767438953388,0.5234021115468648,-0.3983504482664344,0.6474314206240491,0.20910949719451313,0.2570804620328498,0.009781714854965276,0.6169205148027939,-0.6750048376252721,-0.11147582734103177,-0.5228212353010582,0.3242125141355872
1000,-0.035251706809134475,0.34853923503311385,-0.039453319541031866,0.7318219142846359,0.397790080997747,0.26278128082552,-1.5549973251264315,0.2913881147402766,-0.5034524958750762,0.694906379435361,-0.07673989734972333,-0.06333005099610195
1001,-0.32412729564336834,-0.09373293462397206,-0.5585901615051836,-0.035514968049429,-0.344311178757571,-0.09110437258688298,-0.5213404534963245,0.035297608234363106,-0.1568788747612936,-0.060554219314664696,0.27504826837884216,-0.012431223751219321
1002,-0.20459747894608482,0.5372042507634359,0.5184445686522965,0.589654809195454,0.135710448311468,0.49965367816439527,0.47221284601502017,0.6104306530480853,0.2187993569810141,0.11638301552660846,-0.24996845396841638,0.3359384818362854
1003,0.1392552400119885,-0.2437135157455635,0.17279807977592962,-0.4118384080467759,-0.26518299723969346,-0.6548216975608144,-1.237422029057635,-0.44751884776726963,-0.36160767025532514,-0.526212172473804,-0.829403113271867,-0.5167213360758467
1004,1.2453364483213267,0.7948840003531547,1.0807609017279007,0.3351989567870668,0.1449011029893962,0.7564599126825479,1.7516809569336786,1.0161545980024016,0.6641959689569443,0.8054829778539768,1.012664346135937,0.3275269399960276
1005,-1.8075632930014762,-1.7293009460935012,-1.6304669029877095,-2.697645764834976,-0.4607426569760799,-1.6353027065181982,-1.746630663248257,-1.6116540404950503,-1.5523454162173747,-1.061301423396414,-1.8504763502962933,-1.6622789272322422
1006,1.0582254417675694,0.9241731764289861,0.21428277532206272,0.2964806014149441,1.1621537229910568,0.13297417283086618,0.7059017291124197,0.46578759593933156,0.029570135793815445,0.6171714876187139,0.4286204326641377,1.0342225545509682
1007,0.5741940541348597,0.1327847052482304,0.4353162097877236,-0.43590679964675333,0.5457592488495507,-0.15926048995725586,0.782238951738248,-0.6041087335705716,0.43544358268182465,0.27824277361602423,0.35616586807342704,0.2549578998054263
1008,-2.5761059527634713,-1.1845197885123198,-2.456449329919563,-1.849180657116628,0.6515215384388356,-1.1364139260797899,-1.7438021235835093,-0.9833505294630605,-1.651874687341617,-1.7250555702119166,-2.5574862639565272,-1.6316959596701501
1009,0.3007998753702151,-0.2620032226527357,0.201492883719263,-0.0041408943882248125,-0.42719157714541084,0.1833457931315455,0.3609376367425689,1.04759492253064,0.44152155605564963,0.23620914102742713,0.9102123089307866,0.5737577479290549
1010,-0.812506535456,0.4515519471174252,-2.0993174543441833,0.5844498360753461,0.11541544931780777,-0.40501650636408604,-0.484149679253022,-0.7890851699885246,-1.3518811269222069,-0.9136666876853042,0.22628955432791426,-0.07841451865556849
1011,0.7384163625005934,-0.1465350592686821,0.6967846067872693,1.0331610985281927,-0.145128604056801,0.13827569658507224,0.2815910332937278,-0.05281096981672315,1.1675430993355627,0.14662510610161486,1.150900279769113,-0.23756492693579728
1012,0.7269453928534572,0.6057788160355471,0.7008313174470315,0.768359304533256,-0.1494408208090806,1.0074190048386213,1.2717671925509368,0.31975957220630136,0.4575801999369716,1.1513182482341515,0.3980747769288496,1.096966355261025
1013,1.5501890724076777,0.409873379900424,1.8606397363284832,0.8472920215008407,-0.15111283011887705,0.5813742872054172,1.0587899451399179,0.6110120043544811,1.1561394480065326,1.563072900780158,0.4505457023001562,1.0149942254436124
1014,0.4931742875587407,-0.19582558305568984,-0.27664313897362536,0.3570509754147475,0.6035555076542554,-0.20355656609466938,0.30124826281891126,0.10288673261191165,1.2233585788117267,-1.6692424674868085,0.7060056130434397,-0.5740384364212536
1015,1.0502456054425462,0.25362722364126045,0.8739176159825168,0.3523984039825975,-0.3014725691232654,0.29389157374581704,-0.2004768448970266,-0.10422599571121446,0.4452943929614432,0.21870254282732815,0.6686932050144636,-0.18840267770112512
1016,-0.025196194695833236,-0.1634312601048351,0.10036839413044282,0.09783822899480245,-0.5231014749164349,0.4962756841481044,-0.024110811105178265,-0.11460562040573181,-0.7313300688600616,-0.16901845442401753,0.01606587504507564,-0.11952248114170931
1017,-0.8797972723808596,-0.03022198833483581,-0.16644222187632474,0.35741339137711065,-0.9748727498674409,-0.25198932782076977,-0.2011519719317152,0.09150077249974511,-0.17771902017883406,0.055455704124897955,0.6144347216182193,-0.32591693491941226
1018,0.5124021346360047,-0.7735904612052439,0.4749989391488191,-0.9984142873396672,-0.8725899174686369,-0.06310541666780055,0.3428706806005133,0.24009934093863738,0.04854842176245928,0.37633233300238145,-0.10912987011962313,0.7772123141071511
1019,-3.004010013605665,-1.0442173705405895,-1.8124005258880067,-0.5984094098233274,-0.5894404875098801,-0.8611572660158122,-2.1098868298868805,-1.3179846920432905,-2.7880255390254134,-2.140836998129233,-1.5293351374990911,-1.2292866787853707
1020,0.41724850995812995,0.40162433972818046,-0.05731673037867985,-0.0653884123043794,0.08907052191635051,-0.052446602751824875,-0.22286075877358374,-0.33777594208391226,0.7048058962884948,-0.7845106852618648,0.2313777856700689,0.1682779694331371
1021,-2.97738089147272,-1.4547860593711437,-1.0921629636379069,-0.5863554735339764,-0.1766465496269441,-0.9770542662855366,-2.2428794209746123,-1.645000185190851,-1.6316112559385876,-1.18441705922442,-0.9503712843682723,-1.5988930029304464
1022,-0.13587344851861832,0.4378325112686547,-0.2345273116048452,-0.0903509713038783,-0.17537226786643156,0.825259381595867,0.10133261591841283,0.42392470490994716,-0.4509136228746724,-0.02980676141173767,-0.20066095365289197,0.13539971559948724
1023,0.0838509937190441,0.49546633751174085,0.5505957193608355,1.2118043905387423,-0.026831845849143443,0.9990625643505543,-0.8728453959929575,0.7850404088991693,0.17512696593784097,0.7364668714404274,-0.17129728356148194,2.102306623604052
1024,0.6360782497157645,0.5168846527517458,0.8478052601358986,0.7096654653807551,-0.6095543361410157,1.1916572027013417,-0.3103350027059302,0.17358289967517382,5.965299255522139,1.011779727613459,0.558623093469853,1.5082053773750947
1025,1.087630063197798,0.7619290677260759,0.13704127023491713,0.5509532067448614,-0.8628395575416418,1.3050237484557996,0.16860909420697337,0.8943769331505901,-0.026550277105631497,1.8345554702976572,-0.24924668640601338,2.1151091426737696
1026,-1.2031069414316418,-1.1636288297620272,-0.18251135634519725,0.0888591523388834,-0.3308893652224751,-0.9933763833959933,-2.1376799821852823,-1.4008464115394623,-0.9334638991196013,-2.4423381921235965,-0.4200744634467777,-2.1188774740638086
1027,-0.28982337218568127,0.9712487717220993,0.44610713948394787,0.3467709538443684,-0.7739290811167344,0.9945907190883684,-0.7050489096536406,0.38526797943516544,0.1659783763133383,0.16560357095172573,-0.26646139361851073,0.9838451020624693
1028,-1.0920096256994114,0.2242329358893873,-0.9311646879516138,-0.39550622095393656,-0.09668237155866158,-0.9918625990306299,-2.0292975414577756,-1.1821337480356482,-0.5510643274022039,-0.6627116551051391,-0.4651180930750814,-1.2360907859611439
1029,0.015554250370578991,-1.30197318214255,0.14466732661416717,-0.15583497308940408,0.658526980559684,-0.4746962736806374,-0.8425281010741523,-1.1116210363521304,0.2786130540568532,-1.2839385678599895,0.1082379952338888,-0.9837566190251943
1030,0.17710828040984647,-0.35292778999722096,-0.33861995203517753,-1.314925926192392,0.7140831198617495,-1.4318365373509816,-1.6504082241435754,-0.9607151057608748,-0.5962186692405916,0.28344975245995113,-1.41928792835699,-0.1243633580288033
1031,-0.6752545340801844,-0.027838397098915203,-0.9526252348240069,-1.362343548460233,0.6570368879731352,-0.906790019202208,-0.7048566480010989,-1.6330828697117892,-2.5318989369221914,-1.5172225947384377,-1.4204781809357112,-1.4102982352531217
1032,1.7970372661425174,0.8653590946075486,1.4060524539431665,0.4427448606204228,0.48549382200586677,1.499601372416326,5.139888998176356,0.8990768736646455,0.37989830268210084,1.074161101675978,0.4646926683136583,0.9263747853745006
1033,-0.3658558567126079,-0.025653612807962634,-0.5103130742788093,-0.7992353958585416,0.6023940956973353,-0.8661928724134033,-1.0180816678797955,-0.6182732939836928,-0.0804358520104893,-0.48013448674256665,-0.5831261813806807,-0.3574069984307186
1034,6.26209602423377,1.703919583901191,2.3826631286961515,1.2013467284057948,0.021135655654577288,1.6611254687586752,9.145053116033901,6.289829248980196,0.9014916248229631,6.051658232389827,6.072984258964412,1.3395412233070236
1035,0.6093896317523786,0.18028413506670965,0.9131958414861315,0.4301186041324223,0.2194113019278574,-0.06210641446604533,0.8794175332145152,0.9042612039175942,1.0576944373928185,0.3586533259546127,0.840745876124434,0.6960501206276495
1036,-1.342677746722893,-1.1877560288792206,-0.7164859434446987,0.3860871351158227,0.195033483268442,-0.8588012571876372,-0.5875930231113173,-0.5479269390835754,-0.03872538023218218,-0.9904110008476195,-0.601204009894844,-0.9161368290138909
1037,0.42994599211226725,0.8471594427253543,0.9394741241403535,-0.3020291424399952,0.39656866893739173,0.16205322256357121,0.44450051547108554,-0.18343179892976808,-0.8184224695817341,0.31213135376365647,0.06091986883544029,1.1743970624880216
1038,-6.180262539630182,-1.8628850338546155,-6.3054168925589575,-1.0669308815767595,0.25061448164016936,-1.1368888482293529,-6.445773179789604,-1.0042413436262667,-6.8501539923413155,-1.7723932650544054,-1.7312692215403276,-6.026612707975392
1039,0.3422028670577792,-0.06992012092338168,-0.24802765906346302,-0.10618526684413261,-0.14353577612662902,0.7882254356508096,-1.1342588647756875,0.4885547176564312,-1.1536262994320516,-0.7770222901273165,-0.5078398141544375,0.8814614226901173
1040,-0.7164002844603831,-0.6533425015123282,-0.4000729909699489,-1.0548485546414375,-0.15205412665728188,-0.6476041154303696,-6.305389088397904,-2.052209046403552,-1.9232191541502446,-1.1550568854890533,-2.032791622567222,-0.5947104302959647
1041,0.2850007206927897,-0.4074850720350459,0.7222048320746645,-0.09958609672907999,0.28868896365021224,0.7560013910408253,0.6060337084494575,-0.6228845281991466,-0.9541688214534396,0.5195965409125608,-0.5470279954599434,0.3708558794350194
1042,-0.7782802695987227,0.6940197678978614,0.06722748710371322,-0.2837404163771614,-1.0502911597787394,0.2095188295229479,-0.3898126475040444,0.6896179627865648,0.2756449619578935,-0.4522419516652123,-0.6840631718295728,-0.04470407707842233
1043,-0.010021348604580019,-0.3801692109614344,0.7379154410705728,-0.12958422601422293,0.46851297528969144,-0.13318879089337302,-0.13745048949480768,-1.4020711718486523,-0.41235709906727686,-0.5512300668204685,-0.8971957380563339,-0.6218498972550214
1044,0.23948373348672838,1.816861175132693,-0.2422958586250402,-0.16937150368497392,-1.0188657450273428,0.18185236679147362,0.41943208745269694,-0.5396157719845713,0.15712912876291513,-0.19967720923497168,1.1654075603764964,0.30295400023016555
1045,1.7433101539454212,1.4476862150374779,2.200915985727902,0.6486852432141763,0.5497977600309105,0.9002719574664085,6.011557007533525,1.8852227428639552,6.293136725247062,0.5940446579638496,1.7469936693923422,1.7996959265478556
1046,1.0015773691827454,-0.3569435320331405,2.6911637074325396,-0.4860832999196662,0.427156294024474,0.6571300145162706,-0.16813190518307142,-0.2735022050595941,0.3416257823605224,0.342944078285594,0.9545700747134178,0.649770558233426
1047,0.4231142258157999,-0.35955682453340904,1.1792307310860046,1.0791083500174914,-1.0736262574448845,0.6700575647489961,0.4265081109372605,0.38472640080328846,-0.23796898089073248,1.1636397761176975,-0.8576938815784261,1.6384565949118304
1048,1.2335665609157154,0.3336618854979388,1.6645738619822428,1.3446826660262126,0.44312103468571135,1.473673424455107,2.7625119776466693,0.39208825037361794,1.6391489905197747,1.4370433584599869,2.8232204570275754,2.037586622001955
1049,1.2049414088566173,0.992769090861277,0.897700967282035,1.096847834675307,-0.9779198096970337,1.5248294898682544,1.9687299366030329,1.0400006596498688,1.4427006611829112,1.227789864465478,2.103637849456279,2.665271806349846
1050,1.578100751019926,0.915891055925665,0.9994340910049349,0.07941751363472369,-0.4986078318616861,0.9837611006256988,1.0761348429185993,0.6531511867028136,1.4400278519570893,0.20100763822507192,2.0045600015914875,1.2075017330135003
1051,-1.5100040518217646,-1.355045885150005,-5.317798343828706,-1.0067044272660248,1.3454996573982125,-0.9673582988250978,-0.6408588799515049,0.1278395397566815,-0.6824463040762477,-1.3565695007707437,-4.688927498957126,-5.182363812600233
1052,1.0539633671811495,-0.5119046441489867,1.223175300958727,0.2886535367420361,0.5420491147921435,0.5578536441654444,1.5477478823853503,0.15397733406510733,1.244816062185527,0.16779294159816793,1.5781939051986686,0.5344529429919342
1053,-0.34023869899415665,-1.090795744224424,-0.8094048743157284,0.16766873729083814,0.20289174475970745,-5.98018832171566,-0.0414810067845242,0.26277708427592994,0.19813297206001884,0.29820097198323114,-0.49069444379255667,-0.7921636034787571
1054,-3.245612825189562,0.20681227301280877,-2.1060079371359954,-0.2969582987047879,0.6113399556710528,-1.8462173553326855,-1.6988599455722035,-1.5785923666845878,-0.7818078026055342,-0.7817363600278057,-0.9257403348170908,-0.7657460217368267
1055,-0.8607424380136813,-0.7476013985062245,-0.08500510084618321,-0.27327056999549726,0.8187552538134997,-0.5272563635955106,-1.589466263797478,-0.7751666822531293,-1.3369679031099027,-0.7074933445493656,-1.1246324098104037,0.045997984263380684
1056,1.915972360926103,1.5455053130854899,1.1781317650981769,1.5560547630674082,-0.6233635898899074,2.4488902199138947,-0.25716806142729987,0.8094488058339192,0.7678689976052383,2.479759172534572,0.04874953920460579,0.3637362860631509
1057,-1.3188382751227152,-0.16926076608196597,-1.061005557226843,-0.5832319292284112,0.10514212556606359,-1.1144264287219352,-0.15503706797645056,-0.713119697362191,-0.7684327505606596,-0.3572065118448376,-0.8537423991908332,-0.6121653075871155
1058,0.8115310037834763,2.1445285322208743,-1.1771678954800173,1.0722152184177998,-0.3824228842324116,2.4098324451562774,-1.143005779193488,-0.5688240901128032,0.39877722614037875,-0.38694809335224756,-0.2620455040042256,1.7456824024191078
1059,1.3514739722897644,-0.060061505983557154,0.5711288674846936,0.7945554742289866,-0.44226516569822566,1.4703704164955438,-0.4486341572163231,0.10360041403820683,0.5318598197788125,0.4351245666696934,1.0052015527776899,0.49276562199288193
1060,0.469874414176413,-0.0875045018268953,1.0720739202897611,-0.5669715537449584,0.018202323028719016,-0.6464843443852321,1.049718324248344,-0.46047353944379615,0.3639362204167868,0.23367835010047072,0.955841248000844,-0.3693000739566762
1061,-3.243072650529038,-0.5618636164624707,-1.328189782028269,-1.1000136251282489,0.5748693723150292,-1.6258802557149918,-0.9884223224457611,-1.5459432658107304,-0.8762786511910129,-2.263398414091001,-0.4391676393632395,-6.30182079333733
1062,-2.114246386174182,0.5666867520545846,-1.6369894123755293,-0.28056820518877734,-0.2991608118352445,-0.4581846525789208,-0.20937757483084082,0.46945791767224193,-0.4699505128631263,0.17057706914082654,-2.042349149219422,-0.6803731424899931
1063,1.428312519984922,0.832740288055855,1.044793107304588,2.2352150161357693,-0.2301859895011887,1.1226385454250956,1.6926856909096206,1.4459878387520262,2.1866470765106882,1.2655129578409232,2.5156654148833524,1.6873789863283442
1064,2.1903187298493507,1.8189645497882578,6.633476619938168,2.5152600517466253,-0.14499905522895037,7.0076985520973425,6.845013693336953,6.837702082069544,1.2154032298850925,2.560429648623842,2.361282580047118,6.804168506043007
1065,1.5834721337278461,0.15832323991081584,-0.5791153094219009,0.27945408928057236,0.4466894498704183,0.1844529298972367,0.12240785707096226,0.2759596502388632,0.07520702704278803,-0.6590351465839878,0.6647137475967791,0.8256218945993535
1066,0.4609930176060277,-1.3263102877846402,-0.7310245121209249,-0.3722259166982593,-0.5353260364270412,-0.06631928306399233,0.31159987923683663,0.8231640715227045,1.2764041591828605,0.0948712790009302,-0.029581644795007772,0.3515114187453387
1067,0.7800077618191499,-0.7791251359714536,0.3850467126803865,-1.317184038369128,0.4069607573202675,-3.06506084639816,-0.6170667729143294,-1.0333203538235676,-0.18498531392466963,-0.22892242897728737,-0.22813088877552143,-0.5998715227505834
1068,-1.1975192352696813,-1.2881463532991555,-1.0494381336678618,-1.0911334614137096,0.06457877195795302,-2.6667227578502164,-2.1092139128586256,-1.0692329075843436,-1.587030230850959,0.1393523917137752,-0.7853516974609233,-1.7149413922904284
1069,0.2244375215387891,-1.6397182862718271,-0.6633097114938327,-1.9751507822048426,0.5476973922651939,-1.3035240239474601,-0.7710575249107813,-2.135580784788493,-0.21819569297018818,-1.6901187197183716,-0.35223735597718675,-1.1116146418390103
1070,0.7636383368906032,-0.613969206717243,-0.46739767817124406,-0.5960463223562699,-0.9365118428611245,-1.3238070748918256,-0.034116096024712814,-0.8850671157687369,-0.5924549411489984,-0.30444643501562224,-0.5084750739418723,-0.16103023315685577
1071,2.9192692999730823,1.207144707933412,0.29582338202690245,0.41183698154195436,0.5534547117626872,1.1605869661012567,0.6571008873068694,0.9399397869592495,0.7370331490321442,1.0320389021544174,0.026899832831794417,2.089593925701473
1072,1.0730678114580785,-0.778802087349192,0.45138277629316986,1.1340711102935421,0.5892689029951578,0.4649782737940519,1.125537896960258,1.1132908382050462,1.4920213401918443,1.5714502495399083,1.2432094029253131,1.4384066106502953
1073,-0.10538339579651733,-0.7416242923186019,-0.768729031325563,-0.2188325300512063,0.423428544799472,-1.625190259582736,-0.20864071571549916,-0.7683522471681015,-0.4364708831998788,-1.2709646950900937,-0.7758060596505576,-1.5088948500044717
1074,0.47508944169602974,1.0078259960227247,0.6978365926476345,1.7474467176649675,-0.7047755777195395,0.9978045800746087,1.1300360503195972,1.102541239587627,1.402403197937612,1.2422333321086447,0.5665276248793795,1.73633031345176
1075,0.9193188828133743,1.4990531506789493,0.7685669169836767,0.8917963888543262,-1.195244343879893,2.098689929569332,0.6727094416004179,0.9486409565397969,0.7136287771561465,0.9694263575918433,0.9338022239982235,1.5754345794820033
1076,-0.43884340678931555,1.0079284146502323,-0.305341458959602,-0.6336991159148938,-0.430146770156442,-0.31240730906739744,-1.0656909936524135,-0.0333017354963536,-2.446254981525489,-0.9579974829475931,-1.1259795785899844,-0.7331468606623501
1077,0.05227021804793278,1.5858320375604784,0.7855216722627538,1.124800772044278,-0.032268997100748875,1.426536200983813,-0.16575498067375938,0.565356607595121,-0.2427933889821439,0.48683663063667076,-0.21676233414970228,0.8199210019260006
1078,1.2578184010397249,0.3475912603196679,0.6463418209853906,0.33813501743604324,-0.08946687406210947,1.4150735244812938,-0.4051043415868013,0.7017544675220239,0.8281534665815886,1.6065303137800722,1.4595614283970697,-0.4422405452730043
1079,0.05262277568106027,0.32622293020985366,0.5683908882702471,0.2705285538229101,0.4578904499488733,0.4672416101383238,0.21186529587724734,-0.2091073420064412,0.8962239475551118,0.9004013215703469,0.9261968382954151,0.8783129797142895
1080,-0.5666105265280843,0.5954325277359855,-1.212309019583332,-0.6673150675969455,0.3243688716429871,-0.1053170806806095,-0.611819805812956,-0.6868679141895935,-0.6256637159300555,-0.8095757705801785,-0.82494768713515,-0.6767213745577418
1081,-1.7000394541139652,-1.6097275201000294,-1.2863255297324683,-1.0859791771789116,0.13323174820638006,-1.4340436603110782,-1.3282766570686655,-1.7038258630878471,-2.4525756472814715,-1.787110580704295,-1.3389496726200028,-1.9700181321479822
1082,-2.8340153148270106,-2.0442965184490536,-1.5491241654428465,-1.0197119684970786,-0.053663965346952294,-2.5592460807007718,-1.2465800717798659,-0.5965796300180664,-0.6752528302463302,-0.5643176516314974,-1.51209535649373,-0.6475669324641745
1083,-2.722644800789097,-2.092891102760058,-1.3263618972325744,-0.45189058499969065,-0.06898633480270432,-1.6625580466383023,-0.502010873729073,-0.43928505947782426,-0.30741075394838335,0.2186368868753546,-1.1976106099300785,-0.730027907613516
1084,0.5977867604636448,0.51638491793935,0.8608269059670733,-0.3599612509125671,0.2514009058284393,0.36729898744129413,1.155979446109202,0.37677551948625465,1.2219753932753357,-0.28864606011956745,1.0486834505343186,-0.1605381469101876
1085,0.4795005996439312,-0.12000535553133293,0.9752193778781796,0.40786384242455387,-0.4228060413032279,0.24559546384395306,0.2014306963870843,0.4635340293470941,-0.4757375762523746,-0.1958186165636254,0.6417734880564223,0.3834201573586032
1086,0.5407925838372258,-0.7060690276571018,0.39828072672709386,-1.8890897426756794,0.26431477706932555,-0.94504316650348,0.3792187314372146,-1.7745136466894245,0.37072051028483166,-2.153123130145993,0.14549701297481596,-2.0522648113066997
1087,0.014785799356532459,-0.5670947159165495,-0.5643859274150909,0.3121946245930063,0.5546436135081046,0.8865511240783298,1.5036633065523026,0.1902270493998467,-0.27474229478539164,0.9503168459114814,-0.2668733820590244,0.4474228811371366
1088,0.2370906260455037,1.196342995130997,1.3217991948589414,0.8557110447240472,0.025337542556581882,0.44490687175570043,0.5879109404983736,0.6933752251756279,0.9393114520782849,0.9088659090954774,-0.043408990038467286,0.9189485333592025
1089,-0.6996371219084071,0.5135939956838887,-0.09574803297572995,0.2105987238797714,-0.2157073722967118,-0.1367895085353788,-0.46251445776958294,0.10050929310814229,0.503238418748,0.7298284366572029,0.10300203305673511,0.3562103664364009
1090,-7.195289050014815,-1.0650218483844842,-6.863155024494774,-1.3068035914309908,0.2982386581218562,-1.7579064799487536,-6.430670467221556,-2.143838524634031,-6.580125997736798,-0.5174807550582995,-1.9314564306495434,-1.640778996484364
1091,2.157042916010838,0.8372854039166021,-0.9761897703825196,1.2697775982930917,-0.7056704627953142,-0.06155280609179742,0.8049133030654095,-0.9610528092413357,1.4748972956666937,0.8790313394246307,1.5249656027636334,0.6757249239978109
1092,7.063323427074485,0.813643935688404,1.7850508759106554,2.451796323057325,-1.0537657026732112,1.386134412599861,1.0032584889181113,1.209854759425708,1.5118733483844757,1.8545183840248303,2.162960924931851,1.4618429758179776
1093,0.3319989883819073,0.29965182243916744,0.9541057206893567,1.5478735139288153,-0.24618743468833812,0.7547006437482652,0.47741994315506314,0.8562755136455446,0.48882932743739327,1.9651147111519405,0.07426080959521866,0.974315478387771
1094,2.5703611862657962,0.4251692177165748,0.9159658345562333,-0.5374766438861308,0.6261712012238871,0.9877281734535052,2.381148157620062,0.447267963224673,1.062535716588015,1.2291010675994543,1.9490033938120412,0.8963911996699575
1095,-0.9207424980566771,-0.2474491499232063,0.7392698599914401,-0.8629847695862045,0.7256502318424468,-0.6111184697000607,0.1169626191408313,0.0810346509761396,0.09394490222676831,-0.8275030141079673,-0.8874244700323654,0.043327882731184285
1096,-0.8070467006934269,-1.476883933738036,-1.1951542574980474,-1.2735756961909634,-0.6419776509798342,0.21911006080021891,-0.3581179860862361,-1.1067873977853504,-1.2600483874853614,0.7476011881362715,-0.544475603017548,-0.14709178466410913
1097,2.089149820842407,0.04757534322305735,1.6091065668330562,0.11166894130685191,0.1499584850220896,0.7941460330479821,1.7878194133105345,0.30554853556586553,0.30415537068321974,0.11888098006815385,0.09661261179770297,-0.16434916394800866
1098,-0.7710726153944314,0.45024280464191263,0.14254555348472245,0.7563926000044183,-0.4040013444491419,0.15200916705157574,0.30225138968684945,1.3863580610141557,0.7940097442086861,0.8579333439628882,-0.2120322793783593,0.7712237287612723
1099,0.7305906965618384,-0.0860056641765215,2.4299735238572664,1.1004746527099112,-0.5344101982150203,0.3544933620991832,2.131179917229067,2.0096178196102668,1.3760184881451027,2.4812237559574273,0.25061085445959497,1.3003064036970322
1100,-1.3402242566210303,0.18963504607430626,0.2046905456979984,-0.9284132805897364,0.5937880168587276,-0.7055659393054063,-0.920185016858962,-0.19701067113592655,0.6054750952317308,0.25794571720770126,0.21878910089403403,0.06986182390156047
1101,-2.2481781864328916,0.7391121237545025,-0.6222867830468428,-0.20968762949800357,-0.37188387073521556,-0.15717995891544084,-0.9373682132487529,0.2241893702973813,-0.27840406526653955,-0.055157420080137166,-0.7463960474101068,0.24362548602868572
1102,-0.9045365489269354,-1.3070091290854027,-0.4655866110760363,-1.5725305373650484,1.5986945232404528,-1.571677219489274,-1.2143260459079832,-1.362292526671157,-0.9971747342394685,-5.883171200972491,-1.6419518712600487,-5.748189914490678
1103,-0.3076166022986744,-0.7627883301955914,0.6799985958539153,-1.9250159208399917,-0.3988782134322975,-0.9779895807840912,-0.7733452809667215,-1.7332762979653933,0.23620635403223972,-5.697049251250788,-0.10618625054917166,-0.45879178688856764
1104,0.9195508479629012,0.49311231384632,-0.25780825166989074,0.819319262013483,0.8089586313940063,1.3852155532532164,0.5280051211176392,1.0575154192043195,0.7629394809905632,0.9725897333826046,0.653939907992093,0.8220920039513112
1105,-0.12431357071815119,0.17009136142534442,0.09072251138303895,0.7242692919139234,-0.4184675086815261,0.22588785982358592,0.4667850231716624,0.345592724804726,0.19604671115736455,0.6906373001820778,0.5682134423796436,0.6242464154354589
1106,-0.09397507518400318,0.80808504774429,0.31341143257997534,0.3309141240157978,-0.8654403958150639,0.98713125334291,0.5196044792855233,0.7864868131323356,0.326076289130784,0.5067907509088013,0.2465339684290667,-0.015712972900515067
1107,-0.17367743558731788,-0.356386161112421,-0.7718580100977218,1.0013284635434407,-0.23331362929515373,0.8415454954220837,0.19795680486462833,0.6750234346689779,-0.7862968613713472,0.8715710428970183,-0.38365046080823145,0.5322137893088614
1108,0.34392658485728456,-0.0815282290787683,0.02657493860326556,1.1877123450831149,-0.6012954635974989,0.6927995425799874,0.9502023980588362,0.44117786301796796,1.1421510889210416,-0.41737705299438976,1.3383193740774204,0.5724681825403957
1109,-0.6745667912303249,-1.500629215965811,0.40639804478663283,-1.3992950096554142,1.142725506521595,-1.4063096589222954,-0.3792413761071922,-1.136414960860889,-0.5926144911123467,-1.3958787630763294,-0.8473231966154527,-2.097048225036262
1110,-0.7858746066155382,0.3637641873042755,0.11796430105598367,-0.06574777769539356,-0.367275326207031,-0.0801122144369887,-0.4406319018036079,0.709276372347837,-0.33411442720933093,-0.19900194488688594,0.15537654358947742,-0.040564170858708386
1111,0.7208358207675555,-0.2928891827751609,-1.4974188885023914,0.7181309169354643,0.42010027497678615,0.17704850044692413,0.42179158462039834,0.37257613639939724,0.06365209249994612,-0.4040840020593067,-0.953178194271686,0.8096824141997475
1112,-0.7010542572037426,-1.08981947876921,0.2802282458824849,-2.1709740994800275,0.746660932482928,-1.3882273311627267,0.28600975901641956,-0.5984341060915943,-0.21619644283984593,-1.463420613293027,0.3906214504263368,-0.8432191313127422
1113,0.03523860358154435,1.3083186165212712,0.05401463004385608,0.15225223435326077,-0.7815891037487379,0.6910371847106684,2.50254839338398,1.0372385028342892,1.2966165401568075,0.3327164673452726,1.136008587051923,0.7674619692441198
1114,0.3169370692042781,-0.4565344832519742,-0.08546888288863813,-0.23562389615723064,-0.02980706217057669,-0.0816533728698433,-0.1252818712128055,0.7010209787797949,-0.9388829736957238,0.27627012171649656,0.2790729356882229,-0.27787927439502713
1115,-0.8148470537241191,-0.2834266332959711,-1.2884633614129977,-2.032621387379307,0.9093430571697251,-2.0772296197622944,-6.7319217812822645,-6.515248020672731,-1.2230313720218133,-2.045157790683747,-6.61998298613547,-1.96052776623672
1116,0.8432973304738901,-0.4133169103815983,0.25367172587444425,-0.11396773914435225,-0.38961151503864194,0.24980556554629285,0.839005835689459,-0.2258356688149772,0.6371117294287338,0.3459653782211385,1.361978088756288,0.8890590099656508
1117,-0.8198392946712105,-0.07281280106711838,-0.5162836996880333,-0.3855281335733103,-0.9568484508213118,-0.09711522076142613,-0.13534366108375623,0.6043606819765106,-1.4520616527682793,-0.35776964997579513,-0.8989522113644162,-0.18221934603140214
1118,-0.353519520054433,0.5946652722279109,0.5670050590305032,-0.22907074069489738,-0.3684340134837483,-0.2506206335598367,-0.07335941765762398,0.11693973740964632,0.31724280493629103,-0.22442688024263746,0.6814118294543804,-0.18133284622386095
1119,0.37411773779280205,0.6662729529421412,1.36334759554157,0.6198039169860221,0.29951940095679935,-0.024001611574913827,0.48505585681003005,0.15063124665190983,0.4096102127578316,0.7251177328152559,1.1927126471804772,0.013959534774809226
1120,0.8208739610805278,0.7778119889320276,1.0758025396019633,1.5210884330001035,-0.44781961836158257,1.0241214939429468,1.8451870379219892,1.5777002568641996,0.8659612336863056,2.362831179691587,1.4832276473862578,0.9855288219353838
1121,0.018606225582751285,-0.39985208937370575,0.21548028710066128,-0.9363305978391648,1.1822312716982222,-0.9764984594176025,-1.5026817283035512,-0.9724109685026822,-0.6753934988468093,-0.5620515042297896,-0.6323853984334916,-1.0777539474173716
1122,0.1482834527723187,-0.23492651908361453,-0.3473201820284148,0.4943404224094117,-0.049636994199504805,0.10717570765331125,0.3463094436151007,0.8728035574352169,0.20118353738217046,-0.01532150609471301,0.8480560227178529,0.6595455396234375
1123,0.2492442065554736,0.2541642812737638,0.28634751501927186,0.985207481373136,-0.9798245258998591,1.1148345918859666,0.008516478842720141,0.9086526099885744,0.3345164278076091,0.9232511390122725,0.004059761003859347,0.8060475542073208
1124,-0.9600074560215883,-0.9015818484773922,-0.5409270537957923,-1.443704272886428,0.32641493809141303,-1.7922719121819117,-1.0293433641384875,-1.024492742397668,-1.1750812466744045,-0.860870558755319,-1.3778828601299298,-1.3751665788696712
1125,1.0095298817797713,1.2595280852249795,0.7969948317588275,0.7597710732787134,0.2903121919097063,3.0843015345296174,1.469837201534755,0.6118273432972292,1.2845123119554953,-0.885038705257125,1.3745916521796315,1.5265081434598868
1126,0.3872703754394317,1.3911011381269938,0.03391208742453009,-0.4483144332936494,-0.36571768511783087,0.030254354879302642,0.7676215530472809,0.20111870053183997,0.2114479800167639,1.0236895146136311,-0.12240537020757679,0.6489588027695326
1127,-0.041528166616108544,-0.9199158943538424,1.419437942834504,1.5947632840975445,-0.5216417178566338,1.5198393351312078,0.8831096047390707,0.5271396094791205,1.1149981662944413,0.7724064649202954,0.9421111339656022,1.0366376056928852
1128,-0.23731322975490024,0.4601666876450284,-0.3735568588651753,2.002425103560727,-0.1252085579380566,3.017394525911921,0.3285157783885584,0.40920331103053026,-0.11207226820056915,-0.01639506041297103,-0.44812709332339246,2.2365585461455586
1129,0.11459487716882012,-0.38862904149032174,-0.5094290021588314,-1.1337867657649272,0.9255538408354602,-0.1598446533001333,-0.4629246911487638,-1.2501141305054955,-0.47767222476368004,-0.32487721510477474,-0.7310161744654948,-0.3216671319137142
1130,0.38361665184457233,0.46528604452561656,1.7072791260685594,0.4538912155507219,0.5193785078381622,0.5103887320237603,-0.838808071407052,0.9145070632448068,0.6868964509372667,-0.0729668582475407,0.558094059881824,-0.09950525715108095
1131,0.38885655521506135,0.5230417975476528,1.021111342246459,0.33662480365153774,-1.4667437573350908,0.3028009316295828,0.3412908204469677,-0.43173106168782255,0.2982521346519701,1.8825470466552179,0.09643885527062752,0.24950181706249178
1132,-0.33506043807775054,-1.0226929606983135,0.44751862266480014,0.08764583353993739,1.155973896956155,-6.440866630007292,-0.2287404445550488,-0.24144923359711598,-0.8112123885765247,-0.6982598230428041,-1.0677868361543794,-2.2885325257883653
1133,-0.1671006840296604,-0.16484076761898736,-5.9066309181770285,-0.20917576287809572,-0.2092347682720329,0.04773822901877204,-1.061924708881707,-0.4356270026936148,-1.0818738367265832,-0.569640486875511,-2.1974790109885656,-0.043051510560357976
1134,0.44360470570128824,0.38337835595576336,0.7349347653493408,-0.6997996500321485,-0.27455308119716126,-0.04860691278493584,0.7373313919118158,0.7469407816385341,0.08510381014660828,0.40124675489187767,0.07942028949719229,0.6040443503427072
1135,0.41717372082390153,0.6667516976357344,0.7877109855873947,0.3934283639840472,-0.47700709156995674,0.6013557130407343,0.10729206982702583,0.6078772158491255,0.3849957519788537,1.0412249787114516,0.32527743123291536,0.38948706082495554
1136,0.12579350787836222,0.16171558275379747,1.01038065195572,-0.09690675826197644,-0.9420847578817094,0.21720293081250036,-0.19607670342823766,-0.0626151004456278,-0.029009325782492483,0.28203418935782343,0.3523097411565557,0.10044883420169254
1137,-0.5547710321540108,-1.8399373402285089,-0.5396043221797054,-1.4491367418333712,1.1648164617341346,-1.0172769307931095,-1.2725201047392207,-1.2944115784509138,-1.3559760942609085,-0.6940692095000573,-1.6457298170650778,-1.0568415965332707
1138,1.2419739172018736,0.7320133134026716,0.7165698321859572,1.3616164895862766,0.10938309328034819,2.0755452169790214,2.2893575123545395,2.0534872063501326,2.0757836643863787,0.6345393265734148,6.374727844045638,1.6122562515754102
1139,-0.6276129717853437,-0.4014034523307921,-1.6877605247475311,-0.7901373629159064,0.15310789078560308,-0.9839936652420449,-0.7967190607808329,-1.103066530918873,-0.3384393712427486,-1.889536785698661,-1.2328976477389435,-2.0485854229618705
1140,-1.8382644055672548,-0.6581456389326341,0.5957109853602354,-1.7044119427640354,0.7170751215484882,-2.078795382496122,-1.0458152620129864,-1.13724646071233,-1.0951699419469556,-0.9492847118406332,-1.2837059581592198,-1.9770989425032182
1141,-0.6216926653741166,-0.3010406348983981,-1.4919615919514437,0.5767076347103783,0.9234578481059371,0.44620329481292764,-0.05730602919751869,-0.5408107506057458,-1.2016798463171012,-0.9235339191716307,-2.053114607803336,0.1749423810935772
1142,-0.1850279342328325,0.028808908858289843,0.23544589524073478,-0.18518930709107925,0.5808209646723517,-0.6296070810289964,-1.657760859858151,0.03419752685843416,-0.6628877631177653,0.13870542258818674,-1.3659909205566048,-0.6667347528059323
1143,0.8827497949261692,1.1567000827298177,2.3922974704700724,0.2124567317244657,-0.2114679821344708,0.8672356310660198,1.1801810987445642,0.7173078004297281,0.875353659244533,0.19969929978246567,0.8480186874577083,0.7723020381039386
1144,-1.2803092928999211,0.5349556029560742,-0.5898029352373091,0.9302831613203084,-0.011732184167083293,0.5888743210507805,-0.7027302547173312,-1.6466861972846556,-1.078003446850354,-0.7210864989678569,0.11024893757164583,-1.6666510531332457
1145,1.8323929542957795,0.44955422487806146,2.719110675925588,0.8788545586698637,-0.8913922556942182,1.021792081002032,6.76778067430771,2.3674780039931385,2.523151165380627,1.551022928485771,6.500338878869483,2.3036121817058075
1146,0.19998426809016714,0.3798263379025501,0.3926393974842393,-0.36069421097693677,-0.5665435123389643,-0.19969210989379274,0.9873201485839074,0.5054734399245457,0.6701897799798004,-0.18835785702381697,0.22347849319324212,0.4421502222963538
1147,1.5638322211115103,0.4471607861194244,-0.07814973462013407,-0.21768468895588808,-0.6913755182518713,1.3126861340088236,-0.8281303774938424,1.1688562998055603,0.08051655365310821,0.07404747955602123,-0.13336959019170158,0.23841645848205953
1148,1.4764532265174135,0.2573164555491784,1.219692721092789,0.6110212806565504,0.5991765242617515,0.7669378524061893,-1.4311677614357674,0.21692475019754354,-0.3309219682750783,0.7478350020694715,-1.1599318710246094,0.4410335256713341
1149,0.6743382560477185,0.3660422183598112,-2.1945461141795124,-0.36407500780030366,0.25111492012466613,0.574555374518918,-0.4686483330473131,-0.5001065255286449,-0.3994230385077532,-0.4209586489273061,0.08533639263152777,0.26135422688370197
1150,0.9629198360854146,-0.4111725444201285,0.21414835261134724,-0.07311366261353565,0.6635367524789157,-0.8450154824401676,-0.6181399820446174,0.10566465096085692,0.6978012319894166,0.7445487717087513,-0.689251809851029,-0.5183765415743883
1151,0.6264541254945106,-0.04364905553327622,0.5368971163821518,0.4380765604834969,-1.1711041988023279,0.5265686119257614,1.4012039450059506,1.6629152114823207,0.746737114869271,0.46635325240503184,-0.29106401689821754,0.7306166126877157
1152,1.159103899855128,-0.5385286494765821,-0.07370831452767435,-0.9130313615537895,0.3250372824787739,-0.5655102408971279,-0.21394463963775137,-1.2854233054316433,-0.09023598265291458,-0.4870639960041083,0.8719890181721089,-0.055818219466980255
1153,0.12233764287673479,-0.7576381212180014,1.4960328313388935,-0.3062829774820904,-0.22992396045832367,0.7736178412247747,0.25945902680967475,-0.2729466332872078,1.8702498270063288,0.40178821854250146,-0.058532081706686695,0.38051956851150337
1154,-6.418208020555118,-0.29429585028789323,-6.313020288643429,-1.2111180449823347,-0.5642713273684743,-1.2487898587743802,-1.6958125077003772,0.08536924518153427,-1.317959376187348,-1.013728394206665,-0.8030289122538476,-0.9544248430037504
1155,-1.1842508930939817,0.5232065012062133,0.04669641397027208,0.5344869074242082,-0.23483524637763387,-1.130907014398912,-0.8343284368322965,-0.9734200188185682,-1.395509720047831,-0.027764482451650217,-1.357677196687117,-0.5055055797586716
1156,0.8092322358063047,0.37891389758849175,-0.07665791880285974,0.2904821884722729,-0.3164013175845938,0.5675850170192398,0.8368300669021722,0.3373745286131748,0.4170550717133664,0.050494895546213475,0.8260936551477277,0.8204257555848603
1157,-0.6332502446210491,-0.9597168037424834,1.0980946259925448,0.08391879821289926,-0.07799335090415077,-1.146040686174662,-1.7923926473508907,-1.315409386455632,-1.4277196180234997,0.41479498982104923,-1.582583095401185,-1.2751889972970427
1158,0.43326009058001896,-0.38911800720400164,1.4910864592157933,0.4443471916629314,0.4700907661173483,0.40665110512743297,-0.05811882112675496,0.9432267053465602,0.39754499239014396,1.3344406181527817,0.49204194922825445,1.4651868609055183
1159,-0.4203195448898807,-0.8273253872944674,-1.0242950684136516,-1.3694457742210835,1.1538058000680103,-2.0871448564041595,-1.0742943294763803,-1.6099853708238698,-0.3742586677802339,-2.341237096468221,-0.4630019216828067,-2.387859868796108
1160,-1.28584575956596,-1.109561727734528,-0.5261704533499882,-0.7430004914485969,-0.21565031288195682,-0.8001118610163976,-1.8628594487690768,-1.9676541995318029,-1.411173079414026,-1.377038342531483,-1.3716950961923269,-1.8447907533524994
1161,1.6502813128759317,0.18713205550067183,1.064882610992599,0.9244279600886673,0.8028578842049001,1.2383454857275775,0.8920278388112647,0.5919546502450642,1.8104947165947496,1.2674806999133728,1.2794684840612598,1.470919073733614
1162,0.6347966967830885,0.5864790646451931,0.44397956421875484,0.2628199401466589,-0.1597713613092485,0.5606512959850577,0.5270689853883233,0.2547710908779389,0.5207736408018504,0.45188181147194467,0.4834651119472133,0.5975428865524208
1163,0.1323709291005847,0.5850579439233196,0.2713079903572048,0.5958036828330222,-0.4285948291847279,0.481006233908594,0.6232634898517296,0.6716155521128526,0.326447634158517,0.31282156521779403,0.5859438767268453,0.2204283027757696
1164,-0.6809998745430206,-0.6477055830797057,-1.4343903175259793,-0.9520763491356683,0.33056748623452675,-0.40863680115997825,-1.1883082763325203,-1.1132194838081804,-1.2447029315038933,-0.8044354535308866,-0.8403684466454414,-1.1564780717534
1165,-0.14959164099663755,-0.7231026636829887,-0.6924228181118119,-0.8321464006914511,0.11438077531078165,-0.10597751456301997,-0.9019808428809607,-0.8572882751317996,-0.7423534709330645,-1.0827893927523415,-0.37419697216908904,-1.0809296342366577
1166,0.35597002055479415,0.4463221164008356,0.6275432274335685,1.0171381098899948,-0.5286275735347589,0.6439772950730239,-0.6842764456662246,0.307293699153613,-0.27303835294778733,0.065927585579287,-0.6870037084469978,0.6244670100222364
1167,-1.9377214753637204,-1.3103316756012326,-1.434863570067415,-0.682785630517139,0.005007490338882969,-0.9271006744160987,0.028031083249840067,-0.24209411470859432,-1.6096327256884657,-1.312191158111144,-1.6024855189107843,-0.5107020788622556
1168,-0.5813372280161391,0.3297242422259676,0.06430145945038779,-0.14637657080828656,-0.46696960616262606,0.17646092238066735,0.15113020760921134,-0.23660046889823905,-0.4041405148031373,0.1863838314238585,-0.11177836556092427,-0.2139322983576722
1169,-0.9930688151620878,-1.076945511176903,-0.20001611649590728,-0.5737781758317658,1.0439330324394727,-0.600037435968669,-1.5353127604590495,-1.0762216266514737,-0.662822175110897,-0.9182347235008739,-0.3173184116352741,-1.0569075134979566
1170,0.27972183380421733,0.8585506837266906,0.520711197676426,1.0832635316757975,-0.7625623068653171,0.7499769629357207,0.29931503884933625,0.6301571073937776,0.6198086439449547,1.3671405728751778,0.9518569006469844,0.6232234485634489
1171,-1.1720387074468679,-0.32871985460526165,-1.9719673682098668,-1.2102123872416555,0.17916923646000096,-0.8692101333925331,-0.37600904077585984,-1.0639591846793868,-1.5648429931442291,-0.5586948502413122,-1.5180410299517335,-0.5135803989816259
1172,-1.093481946473536,0.031150571917135515,-0.6229435116146131,-0.5959738823811634,-0.3707712641038401,-0.712902466492357,-0.6555399880473044,-0.05141256273073184,0.30160330796972895,-1.070458120285903,-0.0637185413836117,-1.0666755382526687
1173,0.5213488158665631,-0.12233625293720747,0.015522728026608767,0.18422727582549384,0.04359546632298844,-0.32564201340607746,-0.08203518562142943,0.31046769251232265,0.013409275625612574,0.16958632064125065,0.37563344454158787,0.41619404106796565
1174,-0.5829481337977179,0.1829197969233085,-0.7203364035842844,-0.8222681878313314,-0.08053816306019827,-0.7375055371565367,-0.40520457644006835,-0.7552484025503265,-0.5935679655416688,0.2434668318400684,-0.4646851472231405,-0.4690272398653716
1175,1.2916381207917729,0.72637353305177,0.45105138681859785,0.8878180644924387,-0.042847252628173293,0.5514156991291839,0.747180867063643,0.7838231401606857,1.129371934011838,-0.10314978075044925,1.1127778143186797,0.8739645566328497
1176,1.1190263968270722,0.9746866028320129,0.5319516442839307,1.2063433582751395,-0.33405072712238415,0.9022850417160866,0.34190696950237576,1.3760126828780475,0.816672304650103,0.9982043446923152,0.855315746415311,0.6782852484751628
1177,-0.15942581611511528,-0.41970437856469617,0.8206735016758925,-0.43378219896078146,0.2566665109308283,-0.3459082730142079,0.24192335241843418,0.2745615526315216,-0.4482027937243129,0.2948905921220027,-0.37080661053103653,0.26120608920396043
1178,-0.20699190086522437,-0.11591393786733531,0.23326491837600993,0.24536894886666516,0.31647721364243486,0.11752731795493658,-0.03926413006014953,0.20895161561155648,0.21083464330229482,0.2251336142432379,0.2733602158783243,0.1440736803866756
1179,1.3580392836195898,0.4116777048215087,0.7383271661468549,0.309129757107292,-0.15975578719346356,0.6216393520952319,1.1928456105547887,1.8924725807073035,0.5174110972384559,0.9990515493816652,0.21025392697296916,1.9148207452379151
1180,0.7959621207200728,0.2527243007952903,-0.18684939035672868,-0.03150220454660119,0.1744107996914155,0.28246396610525876,0.1951220321349041,-0.8624720095654844,-0.40181374268196624,0.25530059135553623,-0.3878410403069927,-0.16117582346985393
1181,-0.0350902205339224,-0.3190844569396045,0.33060561462943494,-0.7657157614516341,-0.3452002315245382,-0.37639739069586947,-0.8779816395519667,-0.2619430041971467,-0.8384878204990652,0.4713014262284216,-0.7998810659441655,-0.269507882736514
1182,-0.1536069395824584,-0.2414822986691162,-0.022749124054325325,-0.5888047056021574,0.5482573485116768,-0.8923190517171509,-0.5267230686516988,-1.6417293959621728,-0.41637948373436073,-1.0597531981335095,-0.6872179591903207,-1.1594671072213047
1183,0.5498502337578568,0.9891618260859322,0.8965257835288223,1.7117967679234574,0.25929694782871754,0.9546902762696083,1.825051745929896,1.9211289900269861,2.8030163527998697,1.0198910206082952,2.7177329383345885,0.8369964019004363
1184,1.508905194684207,0.7149847286742705,0.6772511176988366,1.9631625183778234,-0.32269608199538535,1.3084504839982123,1.9450177936499808,2.0188081695383593,2.1137311152760594,1.9111776625282382,1.5829040288338445,1.8692913942534413
1185,-0.8065479569430168,-0.8406468058485711,-0.03913344504264812,-1.1925268570793348,0.6359873281047466,-0.5246534243234817,-0.18314342921917556,-1.0445163827457622,-1.1095794433751454,-0.5246768934401334,-1.0631263496615837,-0.5580924916654669
1186,0.08488560391987636,0.07954884766859507,0.22266581566564322,-0.16091076778804522,0.03550131175992687,-0.4045566287622476,0.2511079287491107,-0.15692062144175167,0.2829802379750851,0.007858672046171123,0.340119856004896,-0.1241375660087344
1187,-0.4441002390689838,-0.10095893512599269,-0.058723306826099365,-0.6594394698235074,-0.5280733159482797,-0.5579312327473807,0.05764587213277089,0.08926119352824026,0.2541825813979156,-1.436076793239203,-0.10866809569801662,-0.34600849715679516
1188,0.5006475313543125,-0.18191615987252568,-2.0205656299905446,0.1926322428187044,-0.31149345613351276,0.35794659039183985,0.012013380137014317,-0.31185480938845356,-0.43061983560511513,0.5027562250920301,0.13803622812211236,0.4665872315024963
1189,0.19759754260282889,0.13872201153202257,0.1685341148199198,-0.27886959932004635,0.5182184867467645,0.0970303714008098,-0.7223924827808746,-0.42505213079499515,-0.05441261162412019,0.11213492805543383,0.5873943071079227,0.19377830594236875
1190,1.385532149928413,0.8685363305924659,0.774244289824671,-0.040903642926946635,0.6084284102331116,0.7122556917688154,0.5994738286605067,0.15444328212977906,-0.7079329918180725,-0.5663156642508546,-0.14230346531897162,-0.4997782174922886
1191,0.8654030780607624,0.43439711809468695,0.41020125554586023,0.49840127818378005,-0.4257963451895259,1.1582302447763761,0.6945759910744344,0.6196807837251231,1.1156632533919855,1.3459123946980667,-0.5109956968402461,0.653189909973516
1192,0.8149738631367337,0.013387730607287228,1.3488251149574955,0.2726925690967611,0.8292872384056263,-0.0077050548793374425,-0.8711848703217344,0.5195511006154699,0.29125134440307304,-0.37370492034265007,-0.6539454255387448,0.462705656817006
1193,-0.7558777327164388,-0.21991256933942563,-2.0825363323971366,-0.7923867311126576,0.13754912144576945,-0.45424892271248873,-1.2827735363845865,-0.41139040328105647,-1.2091398486188576,-2.4511791974960264,-0.4293982217667787,-0.7374717853262305
1194,2.611107935554336,1.627824336222167,3.113375080507434,1.4936429110666645,-0.0803353433326249,2.1939118372010444,1.7350282803954369,0.921345182427205,1.5016929932037575,0.43321640704904274,1.244022148141851,0.5073613829759377
1195,-0.5619331550195155,-1.2506275776356832,-3.4956813085929777,-0.5350925097525828,-0.45765762629631385,-0.8880179946299361,-0.6967524087010201,-1.0036654765970607,-0.8689406706325871,0.1578179634964662,0.4351554163081425,-0.4464230673922387
1196,-0.03510821550614548,-0.4347045132907751,0.1489144729385611,-0.1588587389459487,-0.342383781642592,-0.1202703435619006,-0.31229900024869245,0.3828519929890248,-1.0484500266956804,0.3798894279906064,-0.9442813915468425,0.32247743515465516
1197,0.30486659032827595,-0.17798454213616424,-0.8518769970826374,-1.4349454557523786,0.930330580376648,-1.0217751923914817,-0.052860890160903194,-1.4208980816083232,0.6787922939861346,0.146799336073936,0.7602969612687737,-0.651709554095429
1198,0.5036927620734157,0.09924496476834228,2.6991003285426074,1.8442959580025493,-0.8521744279580578,1.1704385597304752,2.2621326813787803,1.907175544852243,1.4659944224243073,0.5481631322730729,1.3859691745752258,0.9498478979565994
1199,-0.7573625134028921,-2.660972100444373,0.07963609661511342,-1.1730370036078512,0.4864468057720649,-1.8289456360714211,-1.1027667422539775,-2.091567596098935,-1.0967267429763798,-0.37557635241978443,-1.8955552169853105,-0.9606537722786835
1200,1.6958167255981562,1.2522926901074944,1.64401308131455,2.0170819476309756,-0.40683931224116493,1.0738863482915457,1.890023721665748,0.9570813947108867,2.0051360877966817,1.334396712339498,1.329558524095272,0.4943773069332171
1201,-0.27455629117802555,0.297999234721673,-0.5495945933346628,0.8317858555703466,0.2771582702460826,0.30449331705672955,-0.297654038276657,0.3542342417222138,0.06293783218119031,0.6226906427919138,0.5914121639236937,0.42192444770507687
1202,-1.4506297353622983,-0.5132375540806492,-0.7765899036770179,-1.0231078583149997,0.10308863074012538,-1.8106363205801856,-1.9709172894595905,-0.9086318894672573,-2.047955457275951,-2.4304428413378996,-1.917977327993242,-1.9720293745486144
1203,-5.716735929086444,0.4646960582465315,-1.1579919553820406,-0.7633282610267268,0.07012204622377806,-0.7594987563725432,-0.9112225475289546,-0.13090158150748846,-0.7086530702541122,0.8736661290460612,-0.9417182059287554,0.6159981784079601
1204,0.6725654237289687,0.24225447238345899,0.5479929350163414,-0.950002974714719,-1.0839492981918282,-0.1770947790394044,1.027575923528177,0.8875984474907543,1.0513630299007848,-0.26022432351938357,0.9643300317338661,0.17981801905168715
1205,0.9606908326447886,0.5852505590233381,1.0074293087445954,1.1334164933890232,-0.30564526252246726,2.136477667674861,0.8120374823345335,1.134023273453338,1.0557009854034616,0.8076890982109791,1.0372510927679712,1.807104614493725
1206,1.8884061386638118,1.2038508264783094,1.2156511427614538,7.221011178044639,-0.0842341726154182,7.380068428585896,6.77065682111794,2.7211804994689555,2.790779706456067,1.40999827256379,2.7233993099458695,2.6001040473937476
1207,0.6734205520115241,-0.3096121118172866,1.4951611665358082,-0.09391960864292584,-0.03809419487774322,0.9518626400639012,0.1202976322493661,-0.05738199791130866,0.35380221849240695,0.05029871032983357,0.584698982967754,-0.054161298549618896
1208,1.4069028497257032,0.33970775570845924,0.737633926343136,0.1101164925262923,-0.5180435248202813,0.8163291846974338,-0.21988460518239328,0.08757774892357166,0.27001787033916463,0.5249116540352465,0.818495082456174,0.5781824865436529
1209,-0.365023274009193,-1.1410353658145476,-0.7374833445466765,-0.9229473399655622,0.6787131594606113,-1.2577522148979077,-1.4404612938916155,-1.2520244611697822,-1.380842976152639,-1.0217291122547374,-1.2502231038824523,-1.261462051370164
1210,-0.2356144141253936,-0.5156360609219746,-1.6251947750244273,-2.7810706595705303,-0.057747259109455766,-1.501170513635212,-0.7665465096511972,-1.6092069091611232,-1.8179285185586005,-0.36381295448593964,-1.2774078478769855,-1.0469425672054111
1211,-1.899440257878105,-0.003409141975483195,-0.5251659664899379,1.201040581725728,0.07151934452505984,-0.8323419334338841,-0.6248607001341312,0.5554159583765882,0.1567253938898979,-0.4703320903999055,-0.5961123279078083,-0.507610799969776
1212,-0.7973791473232927,-0.9677330989826338,-0.7997294677920296,-1.6368057046693185,-0.009402118390307404,-1.467626589589538,-2.005365968625974,-1.077475613771311,-2.1932026009857024,-0.8212932767149449,-1.7474391824337345,-0.9605321973452898
1213,0.1489970059622506,-0.023624056556531006,-0.8199185128213239,-0.5410000084535883,0.27473715953119804,-1.4192090132478499,0.4323036927430474,0.3001241221611337,0.8932054996581973,-0.6314930749888317,0.01726726987374468,0.14750163961309176
1214,2.2106561269582126,2.3655459920970285,1.5363128738071188,2.204808573097589,0.6564044820395502,2.412320145077014,1.8566802150140083,2.0007601792601473,2.1120180533990323,1.3823479503772595,2.0486779160120583,1.8319631461409989
1215,0.7544793065580776,-0.40171081768705946,1.085420764275494,-2.0731180243008183,0.5369710263250462,-0.9691551478071775,-0.7319387857862724,-1.1653969098962738,-1.1157313010725531,-0.2526900167982942,0.20770887579850647,-1.04687936685248
1216,0.590281923794253,1.1081899590292825,-0.046684399695438646,0.9155274113383388,-0.47318688429378125,0.580536613839744,0.10276538519220971,1.6809642004647911,1.815332957277141,0.14454737908174334,1.820039109419123,0.2709515174979591
1217,-0.5563069517668972,0.662434531630959,0.07340584524503245,-0.6499651660360998,0.729394849470447,-0.24637890913108773,-0.2876174147444132,0.5660245485310534,-0.15542269647178575,1.0977213595377728,0.6322927619666672,0.5942409961552386
1218,-1.470168651894986,-0.5707805928937165,-1.366859987307468,-1.2781629218926827,-0.6386046431320517,-0.7344506321187131,-1.5617475875390798,-0.15851238332580633,-0.877351517976706,-0.30182247553939356,-1.671023654014764,-0.6672324062775332
1219,-1.403632089259013,-1.1989741768004667,-1.2539144836008282,-2.2691776042034077,-0.3642755957903952,-2.017156547302053,-1.5885851069948487,-2.49901123099627,-1.5807609612116302,-1.7413884908601447,-1.5439641478138175,-2.203362883232003
1220,-0.49824252925110474,-0.3811603717946597,0.5359867497250547,1.2140751288715879,-0.355273141237979,-2.149522148876966,-0.14748022579972356,0.06765082015523907,0.08272158643415185,0.06882716135743172,-0.5058520501558031,0.5420664663950344
1221,-1.4080274151644838,-0.7513039541175917,-0.5120509263077856,-1.753829243008443,-0.10323317430056683,-1.6828314604332049,-0.720253061653647,-1.294711875603728,-0.40906370693644495,0.11821987934121479,-1.2978080922791346,-0.623931384048188
1222,-0.37289975891324084,-0.2953758694138365,-0.18008790269460817,0.19017908286641413,0.10286234774638235,-0.5260093219065464,-0.5229045813680139,0.0905285142557812,0.15699438087738463,-0.6798801445007832,-0.15881380994832567,-0.626720276282689
1223,-0.39951763128136986,1.6731438303494928,-0.7887994069374927,0.04046669982507044,0.0033268608034314885,0.4601427277733645,-0.6274858644048839,0.13459204462557384,-0.18940831464210486,-0.21308199894146912,0.5765669955270746,0.13855314652316794
1224,-0.6005928797148682,0.10820338971556342,0.15694785645533696,-0.323022670953266,-0.26815619055111795,0.1929365193620854,-0.16841791535462755,0.08224152675278218,-0.7306092122060504,0.4819387017235488,-0.24106255038069982,-0.3372320555902249
1225,-0.3999831393278193,-0.6356331630116054,-0.48496130396625314,0.3226610320081366,-0.15248699376065086,-0.36195414267143733,-0.1491198915189149,-0.7205917586658982,-0.35167273178570013,-0.3472050885053907,-1.356620420711432,-0.31349209160658925
1226,0.1980654063483039,1.1365661278466903,0.7334882113207177,0.4698571428106803,-1.3203845917912036,1.1777657934706223,0.3540252982045435,0.33767848301207204,0.8818719475697806,1.263524383086763,0.8661367171824276,1.2673239018228772
1227,-0.1163527417463218,0.15921706909474223,-0.648858559865774,-0.2272566786578037,-0.08169917597505769,-0.3317900667606811,-0.5534255768282189,-0.18964015811944807,-0.1485586004197454,-0.42780530968456976,-0.4422915966479099,-0.289720729301923
1228,-0.05900093146723029,-0.0164791883029956,0.2877033068815548,0.961293791296636,0.24916618826730036,0.11675693174350195,0.19744259058861394,0.4011036824032562,0.5029336193308146,0.0680724300332634,0.005422382606181128,0.19081238735790731
1229,-0.82166732715129,-0.24242395166192557,-1.1061478940138836,-1.7001935905277326,-0.06067412652912569,-0.6044866022986024,-1.9005670938617318,-1.001064215308265,-1.260743260408259,-1.0477392176251779,-1.8307360512450892,-2.4279480414073955
1230,0.2793488976366542,-0.5212442091224905,-0.4589118146763779,0.41188065453082257,-0.032031165278039106,-0.13139084157873615,0.2706042480370441,-0.10826149686061483,-0.1963740485196799,-0.17087642869616076,0.11077940983477556,0.5751502852367217
1231,0.7407991339210119,0.7775987285962811,1.2797510383756896,-0.3955092141980456,-1.0015103241439074,0.9830092768746952,1.0915238459987955,0.5944442670707262,1.089217557386859,2.3581673055448005,0.3343156453299778,0.9265864074350965
1232,-0.09562954419166518,-0.3099403667378798,-0.3398748064650558,-0.09593353323483829,0.24666484637132394,-0.18080423434051746,-0.45101622110017436,-0.12983461856600867,-0.10567365189816469,-0.11941087043091447,-0.5341887537965966,-0.09420836584333683
1233,-1.5897674549472267,-0.4944864775797238,-0.7287759702100929,-0.17026952468181122,-0.43452140302512104,-0.03925021448035952,-1.441932744331567,-0.4583694868092773,-0.9176425715130468,0.16314965242650334,-1.518236756491942,-0.07625093468304353
1234,0.5226610413649991,0.48451893461425743,1.7327387571915145,1.3575530754936327,0.4372767477684469,1.2150559129189322,0.5287470431005545,0.15365722370391705,0.5065325846354545,0.4165005972676719,1.0887692323609464,1.3302180639813095
1235,0.9615442556988351,0.07431769192007608,0.3168745699699592,0.811402682100726,0.6902325275168287,0.6237628562331646,0.17213839810527587,0.2554539866425349,0.39004603462605253,0.5146481190607466,1.246606030289313,0.7695991692881486
1236,-0.6284317649652461,-0.3346830730337944,-0.6159104200345388,-0.4220069362748188,-0.1860408209645709,-0.2621135252201282,-0.21509843610728083,-0.2107157937434346,-0.298219655277064,-0.18370147646978974,-0.3723318188568261,-0.48941045244959946
1237,0.03409823034777517,-0.20716222860291664,-0.13781845393216977,-0.2934978113971314,0.19902391567037467,0.08681295822161007,-0.8900117514949785,0.2933283007580202,-0.46370789756789155,-0.07237936127821264,-0.6084131015612039,0.436332091318236
1238,-1.6547926600384817,-0.6218588709922779,-0.300858244347275,-0.9468659265963172,-0.3092637892559731,-0.627428200955191,-1.115484574449443,-0.6622648012044354,-1.1012705926593602,-1.0126252678865932,-1.2549400835550997,-1.4843485512444148
1239,1.2603763653417037,-0.22820464361973328,0.3307398237272564,0.4278923938979924,-0.1753910492321699,0.7004622263848268,0.6155110360996077,0.3929671875405361,0.21360779617236458,0.3042416359143663,0.22474527916455536,0.46577474558332094
1240,0.3384145562595599,0.3842840384627751,0.3778646214915507,-0.33865608488446475,0.9460541298134861,-0.5542488944048142,0.2527223259957079,0.4668815752953843,0.9870787812621592,-0.19637729579478613,1.148240150514757,0.6299636473027967
1241,0.22775121550044797,-0.2580249747322476,0.26914890013385995,0.0035659576126101443,0.6330500318515551,-0.15510999571750228,0.07031026561404562,-0.07157943805808274,-0.12117602262398691,-0.1611739996140562,-0.11049539612147467,0.2957183411201091
1242,-0.3022246306094031,-0.5896370911027964,-0.5769809342816725,-0.42970378374263596,0.8648866201273473,-0.8280567432332493,0.05685465390093193,-0.0298536605120985,-0.08580721177049797,-0.8652226173351846,-0.29383777770884845,-0.7787244900217128
1243,1.0472575808548616,0.6243421452574692,0.5153618551254054,1.8041882360247907,-1.0617290277544476,1.2513370692340886,2.407475057927132,1.183037932645018,0.5954219891489896,1.0276807804360082,1.1755634243792266,1.2152166995439742
1244,0.9393879438086002,-0.23777041929731832,1.2600349067025054,-0.14351964452874,-0.4514237529111734,0.1800247805505049,0.9389057979666292,0.3217244474158043,1.106157499562828,0.21451384858131217,1.0319513309050403,0.7398090120910863
1245,0.1720340961311612,0.0022206944469064594,0.132785120899669,0.0692611997692771,0.7322149026622798,-0.9987398488489233,0.205909508290647,-0.653936704776545,0.2150576310424408,-0.5803157788865969,0.32318943337763134,-0.40426939966840203
1246,-0.8119173373254607,-0.9459816410880547,-1.1993384241374165,-0.927189007234884,0.7916504091023173,-1.5163062012093502,0.043167685236878646,-0.895579897971224,-0.7298914392452552,-0.843147801307604,-0.26082827804366737,-1.2828073490840082
1247,1.1310390448298193,0.5144934953574732,0.17388511154520558,-0.45657757755523143,-0.36109710801264955,0.12962171160143418,0.8301268907015688,0.4240528539242853,0.05583538420464574,0.10850519813262155,0.8505103593925426,-0.37592516618123395
1248,-1.2094267181400549,-0.9219675167931543,-1.1375880207032867,-2.4307840680850954,-0.245744032188689,-1.0486972153036593,-1.1890657425767754,-1.291507814974269,-1.8035562604768824,-0.7386910350421526,-1.8673004949175025,-1.2423125376956505
1249,0.46682663770670374,0.6973498601263828,0.24794372825995642,0.4305736774941248,0.04336489016357981,0.69126108788077,0.28974256341570087,0.7640119665653018,-0.00549689292698966,1.227754788109469,-0.06397617505435665,1.3478770169118512
1250,0.3944016538574767,-0.748306291239841,-0.3045604616005463,-0.30675982637382176,-0.13288298311723448,0.21597043053899068,-0.08770256696451717,-0.08628742685191772,-0.14697471196563655,0.3898319731884841,-0.15590323898310923,0.7714399372932939
1251,-0.601615780672987,-0.27292706781462206,0.5698017180153634,-0.4584506421094392,0.055272099610607354,0.007021352690824789,0.20087118260366996,0.2570976232505856,-0.048041457650305826,0.03372080600978851,-0.7566107943657842,-0.5438386362441866
1252,0.9355685194724526,0.28870681164991085,0.70877323872517,0.9444591205042732,0.23371488324613893,0.5711527809535182,0.15609809867526817,0.9146246619145912,0.6120926866190473,0.5397472092363897,0.6286262516525943,0.24433902906017066
1253,0.4234509048485304,0.4227847886006168,0.6427964352987235,0.4319063627973465,-0.19147930365562232,0.8441185061123305,0.4819710890948982,0.45961663128028135,0.5208922577328964,0.4938588037150228,0.41449996237176007,0.4896268892534713
1254,0.20794486570553725,-0.22733953943507892,-0.5376683539721107,-0.057220243579914364,0.8052425172172254,-0.22392218612242684,0.14820177593842468,0.6860023341441767,0.15204655039833825,-0.8121974193482864,0.5257888938112087,0.3507265253366136
1255,0.22972355159488309,0.8441372409323833,-0.31295575389176805,-0.22876888561000158,-0.2620883878101598,-0.27260577648692397,-0.19892797227930425,-0.19632822471868835,0.2494856285041522,0.05080227626823619,-0.19855952936152182,-0.21908514584169717
1256,-0.15932627595885487,-0.26524692521101806,-0.4751244318106671,-0.6127863264685057,0.5475716205600923,-0.44537216503708865,-0.18007188522935688,-0.27372083045902207,-0.30723192542711397,-0.7939932816402219,-0.3226942633970397,-0.5801631715353929
1257,0.17053378962683374,0.7470025659581494,0.11484308812243647,1.0486044401513714,-0.34683983013029074,0.6987847678891834,0.2243416653384315,0.7274803821452407,0.4407488364510141,1.1029744689753789,0.17806549495417942,1.2101048377748875
1258,-1.1840836832264685,0.0896127984110657,-0.7650056895911133,-0.6104828643834839,0.3515936019657097,-0.5126484281655537,-0.6000312736848219,-1.0610614784642172,-0.6459660945219516,-0.9058495187758334,-0.7800110423386198,-1.1747137137973949
1259,-0.49521002380057066,-0.18177277792797664,0.2987260463986458,-0.6173722315533371,-0.2187874403510472,1.0856771783154129,-0.3541389384390669,-0.8209366465867928,-0.81137239299843,0.27188454430626174,-1.29012747737164,-0.429333611495594
1260,0.6210780989436347,-0.1308432284098675,0.7769663397409547,1.6042663970610909,-0.2467277312769081,0.30174995938372295,1.0946140119641254,0.7454734596269603,1.180084227356067,1.0931513378905306,0.7084405081757361,1.1033639192821387
1261,-0.44621625821758015,-0.4134348060436655,-0.2519439662866201,0.3581969693104245,-0.16607342796908892,-0.39051379669799263,0.2029963406209044,0.27375792737106125,0.6144741446317032,-0.40448699398181537,1.0528799457511768,0.5072767843002526
1262,0.38631509205955294,0.03181874295884697,-0.4021508840670926,-0.22895610496527274,0.45988809933915387,-0.1816407237400022,-0.42133933631638865,-0.2596168071167758,-0.3018223192370121,-0.07444819354621396,-0.03695741006768295,0.0865299741529265
1263,0.41981567249628693,0.24107101445240706,0.21222746195165149,0.048566463559637986,0.2382767337436217,0.5018632634404502,0.36986281466370935,-0.0017250451853319645,0.024990099302221146,0.4090705450101268,0.05076168237590656,0.6816988690365405
1264,-0.43108378109007245,0.2546225980147189,-0.10331316139287262,0.11302576136642375,-0.15308271963099906,-0.07975557064890182,0.06436772737115498,0.08866047435838847,0.03205265096213037,-0.3578784661577783,0.4199013555746175,-0.3652228563878427
1265,0.3406852028129011,-0.0995793490191802,0.14350524276680562,0.20945275412114653,0.414956862124361,-0.02557490023793496,-0.18621671928236191,-0.29331908910784976,0.5825285250225662,-0.4034133627552297,1.0066858967175498,-0.8464683745611475
1266,-0.32979966990704657,-0.3370907906335881,-0.33219002413340676,-0.3971507562024794,-0.44333500882487875,-0.7660092978756347,-0.7340595716727771,-1.1400200808459344,-1.187273282320686,-0.8470277130626669,-1.1286639798083884,-1.2390990583535082
1267,-0.44391581674183306,-1.1749261414289147,0.013796087199489616,-0.3104783426050626,0.3880672147743352,-0.9948884907760583,-0.5914674446478759,-0.2698277267080361,-1.0820892226415884,-0.3316855335338736,-0.7528364472122998,-0.6051298993984287
1268,-0.2820668974736173,0.7238054204453495,-0.020100026684995023,0.04456823060138508,0.07717886765315884,-0.7445193604668163,0.02100420713525111,-0.058412397464240325,0.08120883219739053,-0.7802793878665352,-0.26417066735569894,-0.8870996033563869
1269,0.21241838659545687,-0.15918994537593936,0.20076132906242655,0.8644840469477881,-0.3034951110834663,0.30299875104605417,0.24906442019875713,0.6576944412605904,-0.15596547025564259,0.5801425094714008,0.6798455565333907,1.153266520162985
1270,0.3942487586034573,0.5428392762113771,-0.044863873023536956,0.16286659378267374,-0.6025905624534003,0.3545484137300972,1.0474596282804909,1.0103844445982555,1.5842603377428948,0.5653833183405964,2.374746549637098,1.0000909282606618
1271,0.37973375038955937,0.04887325411258221,0.7573239180263774,-0.001760542036764004,-0.30200084808207545,0.11100139154790511,-0.0075740742070065014,-0.832040778031966,0.4209252535031886,-0.30837167481084354,-0.42243057732104017,-0.8138746221589694
1272,-1.246304650606214,0.5632439240538024,-1.213954319428044,-0.34380723245448686,0.3064104701316029,-0.4848232068901042,-1.2009445114304405,0.36678122460222595,-0.8882792603088215,0.008445133469069799,-0.3357891737203096,-0.4684957048688405
1273,-0.5978633155183273,0.054176390404913864,-0.333215853141816,-0.26677803177502174,0.2413858358255388,-0.5833442470762407,-1.11716176767597,-0.9771095575495456,-1.2223757434228335,0.15393716249700068,-1.5847556974656356,-0.44144563114318836
1274,0.6147914956119873,1.7988677355516158,0.09123408959837893,0.6606959529936243,0.013219370906417923,0.587717873734139,0.5460525913117872,0.7699955112883526,0.7512881460556909,-0.034083041944350405,1.6739752524120886,0.561086470208608
1275,0.028366478096662113,0.33441950100907797,-0.07364395163564795,0.4789984185316093,0.6645174643110581,0.22586236019797876,-0.06463785169803256,0.1924930341178826,0.008489678041289814,0.35477128638962047,0.19681170792412211,-0.00490468280948407
1276,0.4667820929364641,-0.2539279720120264,0.3889343137499751,0.12760669292053187,1.1543853829456547,0.13092240580279615,1.3741078646897242,-0.18303020119889724,-0.056117736515202216,0.46748301212859716,0.8409350118031708,0.5484161484813656
1277,-1.463060435777516,-1.4121345715045073,-1.5271771442336388,-1.0561823290698573,-0.31717272546768727,-1.560038106164147,-1.6451436137988544,-2.1780352639784732,-1.1917955693635993,-1.4777321375956078,-0.5515748207548977,-2.336034425733304
1278,0.1465824501801931,0.42272792066835957,0.37202256944240564,-0.48158361533185917,-0.3832389258675834,0.6522321690912627,-0.01553812048759343,-0.5378259828533846,0.11744764383041303,0.13383722021900626,-0.1761700502439726,0.7817482667707837
1279,-0.2027660102588586,0.957319658021043,0.40163610415049067,0.06657330504570062,-1.0285436053446577,0.1771497627845158,0.953679831065975,0.5311872934285584,0.17977183630600374,0.35977316113580743,0.4195958832235178,0.4916058785324674
1280,0.3452758275210684,0.4305966534056248,-0.12136102700934512,0.7453413122502842,-0.22229629220359806,0.2585966566219325,0.8333461326614406,0.6567816452765752,0.45734733395801047,-0.06338052013031968,-0.031203885082471787,1.167526094306664
1281,0.11734146069792158,0.7211361738744801,0.28405446619885516,-0.2245531629632212,-0.7383264519190671,0.1717789906294621,0.7583411463243356,0.027894244597947936,-0.005869738274345512,0.4360103239108836,-0.1605467029906512,0.4778220798676951
1282,-0.053653739183785666,-0.6813871870272366,0.6134060209414844,-0.0599223166237705,1.041364006050652,-0.4646713248064461,0.2455755363084762,0.3021421268620858,-0.8351949882730905,0.6095157534591742,-0.04154490245925976,0.30383084619322376
1283,0.28776321587621195,1.7533838296622835,0.5635322892128645,1.3718904122375295,0.39058797616616514,1.6738909393474382,1.7995320029753405,1.6657532372754573,1.0937756165528865,0.8267201086174512,0.986610599158101,1.2311745137095778
1284,2.158733965153817,-0.27504712696550787,1.3868698293799835,1.5554338684388789,-0.6270513580686281,0.7927556412939145,1.0827513577462577,1.62554010675304,1.2388656370448172,1.0925510290660136,1.3717289794516372,1.0264437380290035
1285,0.21892346865940068,0.07892112756148957,-0.3627271590804707,-0.12384875529226534,0.9235962643249858,0.3103809183244957,0.34470439987480467,-0.09790262775880659,-0.07508009592172085,0.3716709316622415,-0.7822362789345093,0.36785557908589367
1286,-0.17830375429739792,-0.14462618187653356,0.6224352134866016,0.5965932902095975,-0.06997519520462823,-0.17875903744203644,-0.2323242589669391,-0.19152001341978156,0.18020426431376244,-0.3110927302548802,-0.3420812749308249,0.10639808859082774
1287,0.1398375121002127,0.3271259827463452,0.06313096327427463,0.15631155536575672,0.615601883340322,-0.10232195926580069,-0.2055705076671696,0.1788254238979845,-0.4285324226036683,-1.1177934303963355,0.16008705276473406,-0.58646759385942
1288,-0.7104021467943199,-1.1539933842566805,-0.7593007261836308,-0.31645161344060296,-0.20388619781522646,-0.308172552198,-0.04094996677302243,-0.7310042093577414,-0.1647088475841919,-0.7042639141261299,0.328021456823462,-0.7007698195651572
1289,0.34082263919337225,-0.3795107814658794,0.18184520691988118,-0.29211516390530745,0.22363908587807851,0.4340592332695543,0.5900747690819498,-0.09756936918298352,0.010951596036954525,0.046641588925647744,0.30158093035387423,0.1787490249919496
1290,0.2280828451730132,0.2899500084112329,0.10493826990679882,-0.21032360084579352,-0.03452711188776817,-0.23100480321816272,-0.79278479774916,0.08368122257342371,-0.10411107481079944,0.10634925798695741,0.15296370379581764,-0.38907869421117725
1291,0.9376679079334183,-0.816236694856666,0.355519209795883,-0.5917640376968568,-0.7637245590539663,-0.14200871765191544,0.10580268417772831,0.009415806102281491,1.1981402894962911,-0.04166719855939438,0.43050471255439476,-0.5937097464472583
1292,-0.9781547005512048,-0.34455770504300925,-0.31804678551978777,-0.6210187506135095,0.48357272154899633,-1.0876767970129517,-0.6834949350812651,-0.2473312234958275,-0.5024475212460088,-0.6399910468866065,-0.8555310111124245,-0.12716175856829812
1293,-1.6971919595580733,-2.0248993078037945,-1.8150972840464754,-1.9929089079092324,-0.17650376888745134,-1.6281322727001564,-1.7948152042888719,-1.9002746555516161,-0.6497443386978089,-1.90486003834822,-1.6160264082593683,-1.94346746205531
1294,0.7209499383451389,0.03875430423524137,0.5291691182565285,0.4624232294151367,-0.668142281640975,0.837790138482294,0.2733606280926993,0.5799154818774158,1.437200892490633,0.47346780590253607,-0.1801178049430391,0.1127504921432494
1295,0.37577952324047814,-0.2843020436830783,0.5657966369901732,0.3593895649424122,-0.8248919609953612,0.5178160305809631,-1.11396345819732,0.1511967028271972,-0.5492256531998252,0.8536902496125918,-0.20523731615311308,0.2361282566864667
1296,0.029488934523940805,0.5013077021506904,-0.266154809491553,-0.27882518098979114,0.30600258335785613,0.008281061835539366,0.0399363741746123,-0.3277968662731263,-0.17650756797793313,0.06061505311315736,-0.5834419614820294,-0.11957826519709003
1297,0.3870280577795545,0.5724330066637873,0.006280699178983413,-0.34691221940875716,-0.020897272603967308,-0.026335191973414492,-0.08425092761566408,-0.26370035710158324,0.1959178935805074,0.3245921102503256,-0.5632530833912543,0.39466683034500194
1298,-0.1931178120917159,0.052963996213814105,0.49720058933338623,0.9530908436047,0.2978729658280018,0.3137588628293603,-0.42074624306788355,0.9169933898851519,0.9287457407561888,-0.0048568248614702485,0.5331109287469141,0.38587434822346217
1299,0.4387198402109654,-0.5456578464862609,-0.3492535700025342,0.43165651684389544,0.40076443056851563,0.35838890599851686,0.5470280829371862,0.3030896186589696,0.6947880633432183,-0.902908500517679,0.04404809237887128,-0.018219751518928597
1300,-0.10793155246819643,-0.14952018745844897,-0.6876152578608236,-1.0231809271574543,0.33532547239886484,-0.5841710351654172,-0.9794190089382986,-0.4031871037715894,-0.2793102858550957,-0.4283944995527013,-0.3241862477012431,-0.4856606206065599
1301,0.01443152617103026,1.0241599926760858,-0.05635950992684479,1.2477703549758818,0.2725856015762854,0.6511330804397276,0.4860026408685445,0.2104088245391066,0.9714502615468064,0.15889835047938572,0.5139818519809559,0.17489600150882123
1302,-0.9597172314959943,-0.249293424691844,-1.3313872718845876,-0.44869546945688454,-0.2582203737132155,0.43395310399796366,-0.3437710910794983,-0.5183241728215501,-0.674447769472904,-0.017956386242649842,-0.9210924890069383,-0.17147132305735455
1303,0.05248244353830009,-0.4972849115592518,0.5665558447073643,-1.2984288911369273,0.13609826945568787,-1.1919968460629458,-0.3683599554688059,-1.197104239023371,0.33745031838479544,-0.046459127852395,0.5010459827302047,-0.8428975424147322
1304,0.06705294623785782,0.8284222567514575,0.8300403506793228,0.4318797020616009,-0.6504164959280808,0.41326168962885607,1.1486707429830754,0.34678789240846936,0.6427003307681872,0.2732097967173607,0.46849582855360333,-0.112899879226349
1305,-0.47396975550858106,0.492825363518103,-0.3658914129977129,-0.46483710017038476,0.23461184156794088,-0.4439781458944686,-0.7549436076855784,-0.6432874574925694,-0.27310464720096195,-0.43267885476371404,-0.6512950426395385,-0.533942145690577
1306,-0.2022435729882542,-0.34068770053125846,-0.6446703237796013,-0.5205487633462956,-0.15804511268355192,-0.9133207615160583,-0.5043976056638391,-0.060552730013732584,-0.18442439331113566,-1.2829787936051091,-1.4980932788128083,-1.4739009101296625
1307,0.05980879723017214,0.8886896805056929,0.008404086941205894,1.3768700178361228,-0.5435710973658043,0.9787407089576492,1.0385555102526203,0.8529074580426614,0.8674831755411877,0.4991180148840968,0.8732580021504178,0.441511087683455
1308,-0.032112354232845176,-0.41016049537962085,0.31422660186567064,0.550882016602936,-0.9392814404025289,0.6768714308101069,1.2630663895092318,0.2696464857377314,0.0025485059301847373,0.11413512740692054,1.2225054880991733,0.5610585178459012
1309,-1.0474991675988663,0.236869591271321,-0.4461808087398089,-1.6487241225478462,0.9541633215753467,-1.019798322273278,-0.6437574277004036,-1.6102121965354466,-1.064606515513212,-1.2569728567039613,-0.9587879070883261,-0.9085579911427577
1310,1.1003629590603508,0.6124038384700409,0.6045805849550618,0.5983260239558839,0.6245173905382,0.22659514498258687,1.1344288132439333,0.6516325772613057,1.2350138960727028,-0.23843796979469498,0.6938510680388977,0.6232831531775862
1311,0.43494394203280357,-0.5895286316462884,0.46343577066127883,0.48219072005614805,-0.35628909117420055,0.7957731163010894,0.381238928799037,0.35480664914496196,-0.047655578727749094,1.447714924745,0.9450006940590032,0.4531157846501194
1312,-0.2040044133979898,-1.9303612831724533,0.27060490286225347,-0.21772027332737592,0.39724408581892595,-1.0862412061746423,-0.5617942821787393,-0.6498135285864618,-0.17304724217527992,-0.1714934581204546,0.13199918515553355,-0.6709275479593872
1313,0.20118903427048257,0.07689758518650715,0.02814335297026941,0.6191926831103274,-0.16711720532550467,0.1528543003135756,-0.3831481114913964,0.5895166918337245,1.184665732793646,0.42007957026540826,0.5072580907009441,0.6044006740454752
1314,0.04524221704165795,0.30106539100362933,0.7553999870618544,1.0079963235030076,-0.7018702029230232,0.5764038631278148,0.8399736043505733,0.9137242936467119,0.5322595613099801,0.5108425177887725,1.036634672813047,0.5127723913546969
1315,-1.415162318551042,-2.047797888713587,-0.8940406329374437,-1.7003719239074337,-0.06812969355622929,-1.6614317603540045,-2.3933829950287913,-1.1285696629913773,-6.529978317305875,-0.9412932565159978,-2.1744550820786714,-0.9935297923674123
1316,1.0110221696454829,0.6516266585387207,0.3222452943872851,0.43098888224712645,-0.3630636621602121,1.5362829883186606,0.4981866232369806,1.4728252182869044,0.7102950338064202,1.579422664217883,-0.11168727445031298,2.3123307656334147
1317,0.7939852898355345,0.5206273291314032,0.3744355155562052,-0.18259923185048157,0.2677156873440459,-0.19502500087760127,0.06088354979091554,-0.07979078106691385,1.0997638077625875,0.33580240165458486,0.3151024857271675,-0.13232378191351118
1318,-0.0013253851085194604,0.3792938452916159,-0.4582303479348246,-0.04305731689233439,-0.041507049968224935,0.3171340877109246,-0.361898879506934,-0.32630791567815964,-0.17699629583871285,0.6690386003641988,-0.16298784387307194,-0.03479612970882726
1319,0.07477085556562114,0.6416442303367428,-0.007743882663877227,-0.6088307288381759,0.3369810505046107,0.7567470280557439,0.09407165612923331,0.738301691005512,-0.5017201719106129,-0.014307718059625921,-0.35600324757943896,0.13265576588138922
1320,1.0131360207201647,0.750305519320844,0.03277994007854615,0.8411411653370862,0.723541090301963,0.33710010692034514,1.4454483339271524,0.5459084703249157,1.5020658479266453,0.09395603329911872,2.10002477869297,0.8551187245357935
1321,0.835565508638319,0.27867967074242234,-0.011831745414714287,0.3232691994845513,-0.672401593790118,1.0304898935622113,-0.15877801284597995,-0.13783798040988812,0.692991003124537,0.1037012119650009,-0.575694452776611,0.6372626735641439
1322,-0.0031596902464163497,-0.1616890627274338,-0.03896197095265735,-0.796994431529987,-0.4127775743922426,-0.9477660662825986,-0.1818183313322683,1.0189960313742843,-0.45986877798342657,0.40553406992543795,-0.052057044803234316,-0.4295429168190703
1323,-2.956505795905461,-1.8137105229421562,-1.3467306123414053,-6.882334958410675,0.7184515439392996,-1.9365159157561276,-1.3478824768198674,-1.4876628894309074,-1.8874399262745003,-1.4126356504839732,-3.1115024814326704,-1.5222104703546118
1324,0.95032394846156,-0.12293041936011156,0.262629094421355,1.4199337253566566,0.458978518516735,0.9287331307651538,0.20065961361484913,-0.1658672128338449,0.6180820044133429,0.6766564194815693,1.3281555294630547,1.0500662030190169
1325,0.012519689091453626,-0.38573222344298114,-0.35243394323149807,-0.8418673271500324,0.041627482118537174,-0.850527109501915,-0.5353985520904337,-0.7824994531203147,-0.5614206767296084,-0.14384457665144487,-0.24311843186991783,-0.5725263503994684
1326,-0.7013961530702575,0.3747065887407927,-1.2390497762621793,-0.5338909996131314,0.003962329994168431,-0.10136248287621766,-0.6264859534141923,-1.4838908140841665,-0.167773638530761,-0.3591792655581308,-0.8342309982069515,-1.3107143853784082
1327,0.2072224440129598,-0.5376889805804057,-0.2777528553326653,-0.489686057312069,0.35253308988445003,-1.1857961596491569,-0.3876101622755278,-0.8751163922007203,-0.3033268475831189,-0.23644035089102242,-0.12611597649638454,-0.7517264424890698
1328,0.17021994671924034,0.21022949207544897,0.04830977155489232,0.019573856739516293,-0.2793491640649506,0.45951104938681275,0.03176488470382287,-0.39735114602266564,-0.15413933422357073,-0.42230686607472145,0.1243622335802704,0.3815435190611705
1329,0.8937794881297573,0.09917926478585291,0.4788265088978631,0.9269950737089251,-0.6245891574375264,0.3712398738409361,1.7349478135743184,0.15146662004832243,1.2433025479366506,0.0011336807036370874,0.04698747138841588,0.8073781321515622
1330,-0.25450822079000307,0.4297494836997315,0.530929469944057,-0.25493305730941573,-0.15006237150778615,-0.14193969451111899,0.5567434289138423,0.7922262195762819,-0.21175678308977144,0.3057174913531887,-0.06750134737797314,0.15366688210790966
1331,-2.0790386598233814,-1.0818705632820023,-1.1985638312502838,-0.9927438868719529,0.7360706587756536,-0.8027686376464586,-1.7667374967259646,-1.1174450961124491,-2.6218329836830754,-1.1228238690353263,-2.4036644471406334,-1.3159306300444293
1332,-0.6040949697561955,-1.4127269473804354,-0.6765852861407526,-1.1095697313430946,-0.6313631247608434,-0.9056630592833234,-0.9086224604379979,-1.9231329918230728,-0.9448305094294566,-1.068301564530401,-1.5090956825806416,-1.7926696982123262
1333,-1.2733167855112562,0.5263953303693824,-0.4522077412178778,0.18431356305983032,0.2728619785441975,-0.3847994631835002,-0.5369276591629545,-0.6263520505877671,-0.001175176511918139,-0.7263088669388399,0.07524814109932366,-0.17561142344712757
1334,-0.16256462351081566,0.9628728805153282,1.4191657344295576,0.776865982562024,0.6431496012472738,0.8961224412327823,0.2794290668105107,1.3334809613012277,0.29895444447876285,0.937848209644964,0.24277328903038833,0.8045079650428393
1335,-0.4909249255478505,-0.3590387706823202,0.42021161991404604,-0.5281004627785212,0.08199993291017854,-0.7594138214358965,-0.55910401323007,-1.092891351187023,-0.6046145437993118,0.11245431398150545,-1.252064332908909,-0.25005310285375426
1336,3.177537171319025,0.9734382495810232,1.8724339556721987,2.3365257206759082,-0.4372746790495652,2.4640594288960678,2.3277788822391656,2.506185166683951,2.2096219491750873,2.2405742491613734,2.312488545994753,1.7062927345775893
1337,-0.03705471324043301,-0.631823058037709,0.4496079890547816,0.16482956477404306,-0.2106355347729578,-1.102601343654211,0.22255014308289536,0.4819492885159976,-0.14022066163039953,-0.2557860407763333,0.6751194436056451,0.6764647873713459
1338,-0.590539569432485,0.7112402876679862,-0.7487774208804638,-0.6101050634217601,-0.2706278576411835,-0.14906827400122444,-0.9392921250246669,-0.1684213873661463,0.306217337212408,-0.6968852592512506,-1.3655046750659654,-0.45201097173491217
1339,2.1661434665227626,1.3181948577024116,1.1687099894642576,6.507343611788533,-0.6153823246124016,2.028224126660971,1.4462169174224224,2.225867770866737,1.3712882576864087,0.5673089716393809,6.18487039408847,2.1554068060453235
1340,-0.7109796036392253,-0.6661179785895709,-0.21515773072532382,0.2446656327062156,-0.802798061524445,-0.25510724342758057,-0.14541934910526583,0.2351232962170066,-0.16776813289135262,-0.42899893370819087,-0.6101271567971394,-0.9442921724975476
1341,0.6301555255055893,0.105492544512006,0.4310012548860156,-0.12204481256782776,0.5657264723745031,0.21167048608551528,0.8687086960729812,1.5176845479120784,0.14951261332222376,0.3691122355534611,-0.3981264258923674,0.5778318552715296
1342,-0.2659652667278132,-0.588093871525052,-0.09057833220249965,0.06870187295982376,0.2128847559298787,-0.27770263305211135,-0.7523439784099346,-0.9624133766257545,0.5128484422534441,0.4047834680839181,-0.022235299278375493,-0.38611135757429094
1343,1.1956170005227802,1.1544638809879253,0.9022520470479642,0.2889839520261178,0.10494217756267656,1.5250042953445282,0.8942158892282627,1.1213846811503876,0.3111470646294053,1.2288195347812163,0.6898526435492467,1.6900121776030474
1344,-2.3623264207586336,-2.6064576299055,-2.498170219884666,-1.5582414578999357,0.38016706132194494,-2.9043765850054903,-2.9053052751880535,-2.6283020844394174,-2.477999864858288,-2.8500427891431017,-2.511396948447268,-2.9164421504327533
1345,0.026366643510085507,0.5747982119474321,-0.08127521730944794,-0.17546080198725375,0.5330656100023744,0.04034950409990149,0.9170309507764315,-0.5551352631030535,0.27661085685361064,-0.014306619519056917,0.3405337637051846,0.4513639753222353
1346,0.6908834267617722,0.6468459309960876,0.4158985300508162,0.19916332014219137,0.5185071230800357,-0.039788450617260614,0.17401544343756817,-0.15231830645374872,0.4056934640711112,-0.13011337343635204,0.39087858326817665,0.28943618709397967
1347,0.19209872340468886,0.728580336904143,0.5027133976961129,0.49051212373780306,-0.42624470928673247,0.12042076379024212,0.8113647606002107,1.0241592201998595,0.6660069304130353,-0.361115198116473,0.28382708371129944,0.5085612775514359
1348,0.2714662250497186,1.565601895810949,1.4199484362262365,1.8142339157312042,-0.6061481685943865,1.6453585972841411,1.2271217465550601,0.931856825524313,0.7919605025246366,1.959159811766846,0.8681291785473663,1.6057992212356127
1349,0.6419849315005628,0.9389839964226422,0.31523247971253654,-1.142649308343354,-0.48559811966378363,0.0017187405599836205,-0.44945445292587444,0.11372419521807724,0.12778741239743552,0.4048365981278595,-0.28159128058775407,0.4321149676587726
1350,-2.747481384547032,-0.6363161464738644,-1.8403120581489762,-1.1935808854421914,-0.16056791447393218,-1.3121673206065785,-3.166156381943875,-1.7855723980647362,-2.639211455775545,-1.317605481523188,-2.6354101547726083,-2.087336045116991
1351,1.0743478211517974,0.165050683344163,0.7756450078837144,1.5969127050947836,-0.045960866306916114,1.7781097065160483,1.8967757553547733,1.7432143607970294,1.0800435305382172,0.9273399441395465,1.018301928238378,1.270928970912232
1352,-1.0656309679046276,-1.141736799976051,-0.6836712958590433,-0.9036533214674218,0.40905471170629604,-1.5071365526830276,-0.9417493149336217,-1.5070065589823698,-1.0315245041184413,-0.9484150134445906,-0.9926528190125775,-1.6581619599926594
1353,0.29032680020331536,0.79384847866493,0.45547503957063806,0.9451331667620931,-0.35271888423848313,-0.02456281651582897,0.052904429587843166,0.6745016856430351,1.2603891896465198,-0.0015085848437824997,1.2363861159919345,0.3926149748622976
1354,0.5012475686854753,0.31997072442126073,-0.5847742968190162,-0.3015937401007917,-0.10085420951924003,-0.24179417851632523,0.38176224962237815,0.6593660909433581,-0.13993134095228768,1.0391245082786227,-0.6108609391499238,0.2934631585314729
1355,0.4919491854223628,-0.6563027355800496,-0.01081596541102397,-0.3467599204028709,0.691731963959432,0.3105104836808292,0.31648744526482164,-0.889985645811822,-0.3284444063672368,0.48970673596436115,-0.1682223078622142,0.15384013224105267
1356,0.059247253042784435,0.3135408062721761,0.7515110457397425,-1.1788759514855758,-0.10562290209196991,0.7511337559289083,0.2472209252922577,-1.06715117812349,-0.2979262517503138,0.31365610659537385,0.0377868369327777,-0.4190156832577029
1357,0.8716790844122676,-0.852906786321555,0.2999007175629473,0.46284635744794045,-0.3594839081764765,0.59745586786232,0.3912205780955975,-0.2917228174556636,-0.16845583582743187,0.21461548595143126,0.6102194528058824,0.2965035335685311
1358,1.2275980071160075,0.7460826225536734,1.0604927209474164,0.9485379712504186,-0.4679091488924506,1.3626587438844713,0.9324604807875383,0.643458117316385,0.581296038788723,1.0625856098440345,0.5760108772619377,1.4065573100572455
1359,0.6348629544648037,0.8844140135365356,0.16773376436898563,0.9705567724269211,-0.5031972552685947,0.9960639097343426,2.093563956625311,1.4803711264585604,1.3672047100072109,1.429582733719972,0.8979009749956647,1.5249833644498991
1360,-2.1164777302323285,-1.7799442818777658,-1.9032320305846955,-2.0272641271067395,0.5995974708966736,-3.0535463720663203,-3.6017326014634716,-2.255288960519433,-2.1770632570981014,-3.051815942520109,-2.1780520064120803,-3.1648829555928026
1361,-0.38262886689646797,-0.4537048520874568,0.5673762997839272,0.4961225365410205,0.5641259162076756,-0.6962898228846404,-1.4647981150559566,0.39351417212865236,0.22787810741165895,-0.5568622252008838,0.12245185258697312,-0.4261824479396679
1362,0.9627453605413726,-0.47773568351371654,-0.17468591109900014,-0.396319139903888,0.5753321950471901,-0.672525672872966,-0.18490014972758737,-0.5100509821895569,0.12872926803430834,-0.5897604131618289,0.13792052036189878,-1.1401455214253557
1363,0.6948131054995297,0.11691558249423205,1.3648432730834585,0.6337520747523513,0.3313981093087381,0.49046654784756577,1.3086601837836267,1.1836226245613508,1.192058602019394,0.9241194175161151,0.7873959747613731,0.5485719896557564
1364,0.04457961354424294,0.6101525122198167,0.23384271726254377,0.2526184112397627,-0.5333886087304913,1.0187878843276126,1.1316910422480444,0.323999310245922,0.3849770745446381,0.3392258830948757,0.7475053913758622,0.798809299380756
1365,0.07520763152241786,0.5875149270784193,-0.19172941806838042,0.3089992006110033,-0.4331290765797579,0.386260741957214,0.6747883184604426,0.6625736439641787,0.10062473395501154,0.18811983540171465,0.22081687436781408,0.7421926284738113
1366,-1.272476156861405,-1.541659749900255,-1.2641991673060136,-0.18397397506038343,-0.1270985544593864,-0.5721118299067446,-0.7371878524189758,0.6867881239741064,0.35814939888826525,-0.6993465672024579,0.4122683759085411,-0.5935864082397216
1367,-0.308009513916106,-0.08208155880199001,-0.8288917616702263,-0.43129856873256306,-0.6480600408648498,0.6280061309772258,-0.4867388270847834,0.2562704567984575,-0.45935916428392753,-0.4691467121364532,0.022163647500398585,0.43815588372015424
1368,-0.1423835775504798,1.1121879576174294,-0.27461625536788375,-0.16049134672556303,-0.005781770227995748,-0.8822632692803407,0.43429259964014855,-0.10002594748301444,-0.8309473394240726,-0.3559739304219737,-0.037340693394847406,-1.3203640825730047
1369,0.7713442730411505,0.3129176923279175,0.6049771202763576,0.17902711495113657,0.5763176097279684,0.24383284312652365,0.4684551429409019,-1.025682997669079,0.40047814095987705,-0.11185775963520816,-0.6716647763282829,0.8041297552372461
1370,1.6299262713744176,0.49076499099667575,0.8978284757362917,1.0043467896501834,0.14355602758140518,0.5734010886964507,0.4932853736799243,0.23227010305777576,1.1955374322544312,0.4159735395998657,1.6899486626273144,0.5644225612436802
1371,-2.4937040671374247,-1.5147097940927263,0.15605041865551475,-0.48468796814140674,0.3452474130350343,-0.9213890907075684,-0.6114032413362415,-0.813398656740476,-1.310403290337233,0.5615802459660312,-0.8223896646658436,-0.29496640935336754
1372,-0.2680588418437698,1.0472066708963366,-1.0673367135775351,0.873183577373748,0.05111824194498226,1.1368935397666837,-0.11273852112054666,1.0297539437236098,0.18172585870426164,0.8627095542064651,0.5934815202156346,1.0552688291721726
1373,-0.611134707307841,-0.6243041545546156,-0.744100064701194,-0.20451805872397524,-0.5413214315747686,-0.9925638566832924,-0.6227578392647561,0.37237519287189075,0.04804280116719557,-0.5912780411595786,-0.47988711512827426,-0.23628031532436897
1374,-1.3764705871579699,-1.2227702997972334,-1.2904983377712025,-0.7980609679938434,0.29930017588659075,-0.37383812485041096,-0.6291876658609586,-0.135312334604326,-0.45400612183982286,-0.3279202003451242,-0.8909968462397965,-0.7248157369117605
1375,-0.7855920081457922,0.8175956644059221,-0.5947409699462891,0.37066268589336765,-0.4407118932615286,0.9831828330486182,-0.05247857261218679,1.0097889942667475,0.5001509754699285,0.03231735844978584,-0.4593862059804049,1.1172898771498134
1376,-0.7029038335357431,0.18907656151081192,-0.8265352222486848,-0.21288707703129128,-0.6435180044174615,-0.10065556928283943,-0.9444563922544144,-0.4001165342238622,-1.0368959576295667,-0.16109592396497396,-0.5540295086302791,-0.630806927345219
1377,6.6958765926440105,1.8574085134673475,2.434377804865554,3.065928318676338,-0.23772308820831295,2.435442307075941,2.257020940659169,2.253965675009853,1.4176821991952806,2.307886272508861,2.497010240079644,2.2933501832480014
1378,-0.4293452441674952,0.597220312387134,-0.25047501223807284,-1.0373561506622277,-0.4828087677869684,-0.28857725172598053,-0.5479807674918414,-0.8260592681149671,0.01407110493533399,-0.7647942864514128,0.07546894675760185,-0.5782877519463866
1379,-0.4067129769842363,-0.35716641554632106,-0.6732044052783969,-0.8495331950044749,-0.6392653633838918,-0.9821838695601671,-0.2920292256749526,-1.1522143932100029,-1.4208704496903288,-0.9353383195464998,-2.204661270634993,-1.6950385197825948
1380,-0.9856295021503453,-0.9209836326511609,0.06771164896306368,-0.5085467613011551,-0.02946601207012729,-0.25212093637293836,-0.8844052055133499,-1.0005974446310255,-0.08724405131977357,-0.45766476850544713,-0.04837182127216039,-0.06517128979516444
1381,0.2492800395959503,-0.03807600771200063,0.6770326814270684,0.6203639339383745,0.8046621104426753,0.6895678893929408,0.9683342955313523,0.4132202789469043,0.5115131057138033,0.03191543295686896,0.3971767865973948,0.09615451899608697
1382,0.8620778609887111,0.33966706095731636,1.8175360517717836,0.1816597780535566,0.5288511648104192,0.3758937383071825,0.9688674464733789,0.34125081550647846,0.9385715337773801,0.5889595727051219,0.9410462457410067,0.5558095120240372
1383,-0.020238098933462945,-0.814260098739648,0.7827707812310318,0.0017081984350589754,0.8098198777570781,0.04782198930253859,-0.041175966305582644,-1.2256067563414348,0.2979915670384986,-0.22775211080931274,0.4195586012665471,-0.9179041150926134
1384,-0.9938280031081267,-1.7911330507178131,-1.747988017748522,-0.9886962275565934,0.9121138424203038,-1.666883333049441,-0.6620487065228121,-0.828022981000011,-0.7628928652659787,-0.597837119740044,-0.1541906600851112,-0.8273566577144519
1385,-0.4356733890101941,1.0349134557208168,0.3733410374010753,-0.17989269823572793,-0.15382053206626767,-0.41035746223357633,-0.3225602837800582,0.4759845844660931,0.47786304440199934,-0.5255219162491755,-0.5354699829519105,-0.4949826707998144
1386,-0.24882064512402885,-0.43347385503169267,0.48676073082253873,-0.44091143317403614,-0.648509556836204,-0.24320959335937503,0.6197054162672289,1.1221572683120347,0.37899147848077297,0.7248391125145425,0.22253389579642582,0.8613933549688416
1387,-0.5647709819654817,-0.6266389561323182,-0.03642568134581633,0.028070841688820618,-0.26933225891196905,-0.8890605647984979,-0.198900681238865,-0.1873887798545243,-0.5375262147167187,-0.3378600729395105,-0.3396150650286275,-1.3128958758567624
1388,-0.3544737528777992,-0.023396278109922355,-0.36841506012153585,0.23967600455535087,-0.08004696706142571,1.1073489739048068,-0.7175511832388435,-0.1410229908960117,-0.6831492497979315,1.1372602585019613,-0.6164780990001626,1.069599503265997
1389,-0.5348733577784258,5.935390314897667,-0.5994000668230629,0.7046187252287596,-0.33013296384884266,1.9688264008583858,-0.29526091468269217,2.466958081225403,-0.156064793928885,1.1503397727504363,0.22925785072313487,1.0532316484983308
1390,0.8661848532292334,0.3987874926840135,1.0738160762781066,1.5010661527027822,-0.18517644985161147,0.7426295234890875,0.7107027126089004,0.9627672946953812,0.7479413757833814,0.7761465732340546,0.8571404582756924,0.845835873070929
1391,-0.8885228048221593,-1.0532513987390697,-0.027772223953578357,-0.8756495225763705,0.27268229183993664,-0.376485342001551,-0.8765092425200415,-0.6437673394699504,-0.7714368455535766,-0.8100806342022343,-0.8598339007488175,-0.9902661651018515
1392,-0.22651563737651748,-0.0347015481590104,0.07108539952011582,0.2183202158269933,1.0075597519546688,0.2550856719303807,-0.018718915010228186,0.7832919834346685,0.6726204799340272,0.11859850414854574,-0.029304450353666495,0.04871520969662353
1393,-0.048413034817521364,0.5752310177826038,0.8471644232877488,1.5850699360674725,-0.3052449005654724,0.5248474880974181,0.3006344724332723,0.7942314415096026,0.8679496640982293,0.03594937225295242,0.8644949311132611,0.34295699342203084
1394,-1.9488022379069423,-1.4106636797460697,-1.5222368458184616,-0.9375018938569033,0.25567784498792445,-0.3657414781914515,-0.9424396124797498,-0.8019621122895199,-0.3453558127791889,-0.6113774784557866,-1.5005954187697943,-0.8647110040798863
1395,-2.642165682734576,-2.268136617390263,-2.358502420910388,-1.2699979469692115,-0.2887418771551824,-1.5304349483145308,-2.338131738847108,-6.724082016570985,-2.102384871168221,-1.421857885656546,-0.9061374932441121,-0.7601333689786758
1396,0.46192830563548176,1.1151639980047028,-0.09901682430541477,-0.14937103518408507,-0.2535258353801016,-0.2854909822446443,0.6487100614063046,0.058972331952236,0.5343363932933769,-0.14897895131937497,0.028077157267959917,0.38870994826316974
1397,0.6313413465179979,0.13108514114498487,0.8992479938120324,0.232747382161015,-0.879679584014997,0.8153170158215571,1.3586692957786166,0.8993402198424206,1.4426810186274241,0.026535584834385464,0.2790128554148752,-0.23740472814256136
1398,-0.2870171789221219,-0.3714827323301364,0.4223884387030427,0.3862610604435416,-0.14845980964783978,0.3695620296748829,0.751227125674717,1.2844370510615835,0.24971384570118857,0.7811745978670093,0.9374719616184948,0.16081899685501702
1399,-1.4312972568625197,-0.47921853099812417,-0.6381942762487496,-0.7368041160349574,0.016485896323532343,-0.8136153481100366,-0.6128845107501425,-0.9465464491820317,0.017729746806855313,-1.415345272342192,-0.5417353979172651,-0.32475571981221496
1400,0.2197502367054892,-1.11238907417305,-0.250088590964679,-0.9219545300946046,-0.1681874691308364,-0.8783171800063493,-0.7123884464717872,-0.2467356740998967,0.2260493191647691,-0.3662862424889127,-0.09661423446082835,-0.5814191762888481
1401,6.259557096136041,-0.12694553688412566,1.2487493419317537,0.44184117738059697,-0.13052677917384664,0.8655285134051894,2.1631448807343583,2.064972062005292,1.049819905927209,1.0932734365608585,1.1613885116016762,1.8701058898531984
1402,0.6432065585549708,-0.027331608565631695,1.2584471107555562,0.5476163643858638,0.7008188905482291,0.4159769052839128,1.1076691282228055,0.5414886784073949,0.7309186510495033,0.6995024377186491,0.44172894447427213,0.4352347626355753
1403,-0.5604955794215607,-1.300906922907287,-0.42202143428428607,-0.8481415327959692,0.26803050205089163,-1.3892718564555775,-0.455538397769457,-1.750190965054857,-0.4439537439970815,-0.8419737980165778,-0.8589332249735668,-0.824173819248329
1404,0.7494895215414201,0.5193084889251067,0.52703899164253,0.06495188843346028,0.7664212012669509,0.4025312330091748,0.44172223889628104,0.3812142518014782,0.567617088659196,0.5376794408181794,1.1204584291297133,0.5368836402534148
1405,0.3885370741045782,0.039783297276303954,0.7968433437295372,-0.4709524424465298,0.3806964530440084,-0.8570768697034332,0.4594487297900651,0.4874669819309794,-0.6985459921617342,-0.7732948163839996,-0.4896753963016209,-0.28795212052494246
1406,-0.7326475049638279,0.12031304378744366,-0.8227078381988288,0.2601331594488629,-0.6293179149807452,-0.08215930395983141,-0.7736049821665842,0.7165559660141275,-1.3689599525406755,0.3705951821857965,0.3198915922076183,-0.568380473196228
1407,0.1445766041021315,0.39141072931666304,0.9804314000345147,0.8254497792939487,-0.5567579003041838,0.5875954569920293,-0.09394209014067612,0.2718552160999437,0.34286998625564646,1.1604916038883772,0.31402001558983217,0.5555242157878512
1408,0.7457061789426551,0.39677509508357056,1.15425457408443,-0.014896855686776945,-0.0891571278655249,0.42801439171164835,0.43940999664792774,0.5390518085312352,0.7962711022391645,0.6232366646867487,0.06748851683508475,0.8989915681320729
1409,-0.5369575958262351,-0.4989598678808037,-0.7199939504955554,-0.4302135368722499,0.48221481038339165,0.14121277628054463,-0.2849237994675727,-0.49185458605007637,-2.0279244362911393,0.4197312824743626,-1.3599485222330254,0.058580486148029486
1410,1.5689387497695189,0.04740439100024408,2.038056448931581,0.6465687266958325,-0.2979432425262483,0.6729824845478132,1.4905563281925793,1.1362026071025662,0.6691482466291713,1.6663221409747109,1.5583453037337667,0.5094150694107856
1411,0.762212413727715,0.7756733275303358,-0.8473552329127891,0.2601503964299503,-0.4728465914362886,0.41743475605925295,0.006617735564170412,0.7033168635774558,0.24650727267799666,-0.7192366371679576,0.3484040110603454,0.3581681263529616
1412,1.9633979025416493,2.421144044013595,2.5661027346082146,1.241323467484818,-0.27933361349766817,2.4240132680503748,2.3241049342435396,1.613526049553474,1.7480763941455157,2.6331728401578984,1.602509047207571,1.8858700656930922
1413,0.3722552058191014,0.41389083245809194,0.22572453624614694,0.7264740895160305,-0.9323191715116037,0.16950448264196136,0.7293297433920075,0.5918573019458303,0.7755594713193862,0.17441635412115383,1.1797237351662464,0.5597104024204197
1414,1.3564930557802157,0.12694371145944064,0.5157080090116716,2.07955551815215,-0.25231967063556043,1.6875754241974885,0.9133586085630035,1.3032004013619873,1.8077900948567425,1.0053729030391598,1.8480697476115722,0.5858951523421911
1415,-0.26255850959709814,-0.32334141213679085,-0.17174369914961957,-0.44165781929816533,-0.0011170684543716247,-0.045523886178584855,0.35295898615977,0.10405376995970346,0.10085173142524467,-0.3926790920608226,0.4419964999953911,-0.5967975714878581
1416,0.7611882838207306,0.11232027283407485,0.11487876124451586,0.7515169558770279,-0.409262983783736,0.7633305820701265,0.47015668727779913,1.1942023019217436,0.4988619736385096,0.5193994875791884,0.8236707847789912,0.7786763453802062
1417,-0.3449310144453928,0.08593373933892541,-0.15650060948285904,-0.51005431738455,-0.331774227565522,-0.12976796107333186,-0.3304262478266214,-0.35271885009370796,0.09378614298687431,-0.09868879705010447,-0.2793350855323235,-0.016441534022163872
1418,-0.8161700019941881,-0.7319574970229452,-0.8451530363377365,-0.6886849186467748,-0.012271712289953126,-0.403604043856296,-0.8099573533922831,-0.32763469740477313,-1.3594486027909307,-0.2644473512318284,-0.8824261319380653,-0.7649228953057274
1419,-0.18845737300927673,-0.3846646370281952,0.17171631841679494,1.6302088591642383,-0.22141102155880793,0.12710995343020284,1.2812429852906064,0.2475524697642926,-0.32016184281985655,0.6955839616815619,-0.10759308650994297,0.27122931722801585
1420,-0.8114684182276826,-0.3414253302683908,-0.5484202458152556,0.6392584402149032,0.10643926403219271,0.2845799777884794,-0.7922508839443257,-0.09097569797420636,-0.07550067748257892,0.16011115152998207,-0.13100546476800962,-0.15849682958481562
1421,-0.8358327910178746,-0.5771941580500797,-0.5725119013826606,-0.5816850987353541,-0.34808373954998306,-0.736613442028094,-1.1245438673164105,-0.29333344455892185,-1.682394844634842,-0.3013909469191427,-1.126302587058427,-0.10677423971275818
1422,-0.6522975412791792,0.055773617269369156,-1.223240121527584,-0.6349637301847701,0.32108396919179355,-0.8782959266168449,-0.27479245152041804,-0.9005716613406712,-0.20436578601378186,-1.0124908447629462,-1.2671762047263302,-1.0396457541683293
1423,-1.2423283892776227,-0.24882422181327102,-1.347903463631672,-0.48355345232497915,-0.46016517762983344,-0.8532679597347567,-0.9274393845119443,-0.5758962544804792,-0.8701615402936987,-1.0971170102526797,-0.8905387159695878,-0.6163902526871301
1424,-0.24064942334431588,-0.6391085987270688,1.3362165245097177,0.39507045746330793,-0.05401770571320409,-0.37074564598590326,-0.20503549065410273,-0.04292930852344739,0.24012806493520739,-0.5498260647755259,0.6341903283865737,-0.8156150598673853
1425,-0.34292769808074464,0.3807748289432003,0.1129235364235555,0.1516962433832919,0.47476977581410496,-0.44452276149021797,-0.31337071104678926,-0.18171819153100885,-0.3708611360624506,0.028277620402138073,-0.0650031807325845,-0.14966719464925818
1426,0.93463461237741,-0.03975492170098468,0.5258191897731043,0.9259061374265956,0.750694686007533,0.06186909249474837,0.5078084543029204,0.4432493849155319,1.1137121109464312,0.8957050906227366,0.8660084526096493,1.5035535457371831
1427,-0.4009801767277868,0.6560710035815197,-0.3066825849776851,0.6218413489926583,0.03406493537928281,-0.08464037882568809,-0.1686263810090763,0.24196377511408856,-0.45346938168456735,-0.06250306633001275,0.127448128200063,0.27855895610308506
1428,0.22243225582452414,0.36079235782985647,-0.5096091008590327,0.7226422460183278,1.1506295534292057,0.42864069470077226,0.052424238815490784,0.4272058686310399,0.6785205100627348,0.8857283225532472,-0.06034265968400816,0.4813435378203431
1429,-0.45963359334051684,-0.6684232234605784,-0.5941354790271237,-0.018942749857344628,0.30875302994829956,-0.6917826244317519,-0.8025295080794819,-1.0342920008543837,-0.3209245644477723,-0.6542939893187588,-1.0774447147888824,-0.6289554944166619
1430,-0.7570941495507538,-0.06833347599997203,-0.9251779247358591,-6.303165531917186,-0.1474019188655239,-0.7967472062741499,-0.7627001978267391,-0.6593369157114851,0.1249017859305712,-0.8240695874905785,-0.8072855389299055,-0.2338282692800912
1431,-0.5471953543815453,-1.4057508316901974,-1.192379881277747,-0.8992881882013877,0.2860685108944224,-1.1445292904715625,-1.198718664880579,-1.070231607105568,-1.3811282227002641,-2.4184496258302692,-0.7697389271343675,-1.5808919417283964
1432,-0.11937652715606985,0.17615881077498674,0.26334420210337955,-0.09427578891970166,0.7327015062352173,-0.4303386214327899,-0.32114380099645395,-0.053309992682946804,-0.4762844089361368,-0.19249482063385154,-0.47326378551279075,-0.2979871088165804
1433,0.9453332783848567,0.022644398200435893,0.6414530643793723,0.23426852527998715,0.16692860942951337,-0.29477950705725264,0.44500307670385336,-0.1729619954029277,0.844363119648039,0.424461700975801,0.381816396214117,0.11957168762153664
1434,-1.2183098853812577,-0.4959730115484464,-0.6858220511953154,-0.7505493176784773,0.05183421700058987,-0.8887040261262791,-0.602570953766807,-2.5694726229385716,-0.5387225745141416,-2.704323297645078,-0.8962863681820616,-1.8386743396706262
1435,0.8727799278784937,1.0368246974116306,0.1756347482273498,0.5460052556898289,0.23579325834658,1.5585319548895922,1.585363664496605,1.1604534745069106,0.9933692493691467,1.0264935738501517,1.0367953026414338,1.4606291097867743
1436,-0.9086838515282943,1.1827194487697463,-0.5241371149272158,0.5559609948682678,-0.5427650257050944,0.670668325207639,-0.5526148536541245,0.5604021815249656,-0.9904485817676519,0.9571040265421806,-1.0621676914396392,0.6609982519730472
1437,0.42430869825808315,0.5072072359852395,0.5265391294111911,0.4515358834656818,0.7168450453236087,0.11035088224203833,-0.4128345468987144,-0.2814967717133187,0.16171395084514245,0.1536955376542402,0.2104758078008424,-0.44688197326966306
1438,0.8287225654191984,1.006558425636817,0.10217240410091702,1.1299432795355833,0.2571041948793936,1.1039935890268162,0.7937615718810507,0.8727524972640152,1.120637707138941,0.3228808837367678,1.2239493503672438,0.6764383237720694
1439,-1.3486590887798513,-0.8623412763784567,-0.6935466517027385,-1.5472944254601597,0.4616708037183085,-1.436994054135301,-1.5456669806710388,-1.5465484324391898,-0.8961384221079077,-1.4040168814509804,-0.8767125557868425,-1.8072125131624264
1440,-0.007981873740433435,-0.027752364785526958,-0.5209597615327118,-0.48394514876416495,-0.11755394554625773,-0.28451566978099485,-0.06279290031047391,-0.39185043394715086,-0.429097590148433,0.08197276252434078,-0.5971837462663171,0.11372225730104076
1441,-0.9671990192164929,0.4051288373727858,-1.0469000662771677,-0.025984883100230793,-0.6835506690377763,0.061919302359893374,-1.1341323236746395,-0.596690419525314,-0.4961234098444843,-0.349306379112843,-1.066219371317517,-0.06187489742621523
1442,0.9264815373352093,0.39367695809080927,0.5933037718906317,1.1433342247317155,-0.4085569143984052,0.9346855225571421,2.095073697631612,1.5292764290654033,1.8100210224310118,1.157860189621869,2.6830641263309074,0.7991522220892686
1443,1.216791774697083,0.21635699270079717,0.9887939798647096,0.5801949897299866,-0.9017132557481916,1.413169281959855,1.7787260914135636,1.1240271005128295,-0.02048179683012355,0.36596075353312146,0.05568334534713805,-0.4973050392769971
1444,0.18152221232699908,-0.028317076033876697,-0.26854432809529555,-0.6392994857378007,-0.08859573675106741,-0.14843573906073787,0.22514459992444633,-0.43228809093450943,0.1166293396982979,0.3318724839406816,-0.3823030570072405,-0.05459530396668589
1445,-0.7632198223400829,-0.05197902096034707,-0.9580134470432495,-0.7856649288800639,0.08206721416919258,-0.3368100442633649,-2.1817995969616244,-1.126131882398614,-0.9497110215973036,-1.0778047148719387,-0.2118776188439566,-1.6346005649326127
1446,1.3877102753282662,1.7011916528481354,0.6780331635317092,1.7186581139039414,-0.29722422738012694,1.5007646627218774,1.1970145694397334,2.7422367347797922,1.538055500341196,0.4029275540565474,1.0292339114140223,6.4998675054887105
1447,0.43751966567364764,-0.043151263294157784,1.0875344366880553,0.7508903763734011,0.6621907015426217,0.18894482008267488,0.6170887338327785,1.3670424178414524,1.203185886908694,0.13816170717034895,1.2060791757216003,0.6540302437709679
1448,0.542554769796185,-0.7409169092685522,0.33861520900321224,-0.5847531781439267,-0.37602092052581104,-0.6574572493604554,0.07503347144963989,-1.2700986077938679,0.4417179304061321,-0.0030839415678335547,0.54067714596192,-1.0532933825749045
1449,-1.0949166420275445,-1.134171488676744,-0.6675826679528908,-1.3942799900631206,0.29604454283940174,-2.0758522135507613,-0.3653705003137892,-2.2451653810056715,-0.5921610717946882,-2.0223128019185284,-0.6694162310135447,-2.394414483961261
1450,-0.7050974645623108,-1.4461734909717343,-0.23289193229388785,-0.8476277459501385,0.4162002937382863,-0.7913725061756757,-0.5264123287820422,-1.0142697238844531,-0.7582386017737737,0.2185173449211718,-1.2931589786154059,-0.6424931142189735
1451,0.11055957517954307,0.1565783140635364,1.1712368477696853,1.886834664378139,-0.0011814548605567812,0.6482657310835515,1.3552973196332327,1.4287305690021315,0.8161916559791793,1.0184968399911143,1.4122664805390008,1.0517976152528161
1452,-0.5562456710940775,-1.6442856606120058,-1.086300298879696,-0.4120621674608957,-0.5532728702786498,-0.988983288572115,-2.283739568377708,-1.1429966051860543,-2.142003154893326,-0.4032813417483174,-2.1219731525865733,-1.3510479248023188
1453,-0.7192025517141238,-0.4796639834617899,-0.6912775623187773,-0.9050992785435296,0.24463301008722374,-1.388332367083665,-0.8412583046827576,-1.653956817488419,-0.5835853000050093,-1.3141258936841533,-0.7242920814721457,-1.5947774946208924
1454,0.14225494229172958,-0.14749004169375737,1.028290135975429,-1.1373465277702692,0.5978859582816843,-0.08254096100642234,0.18411816269619075,0.9165717589694298,-0.34353332022487737,0.39798828816082316,-0.39292018598376927,-0.37813884362069017
1455,-1.2926295170967406,-0.5312567158879994,-1.2877713430682531,-0.43466674123844257,-0.20871862933843893,-0.9375829541846581,-0.7261490224346958,-0.9371106368671911,-0.7877311419460802,-0.7751948219663126,-0.27092537998091343,-1.356229208543369
1456,0.7661067009023433,0.022238185982267924,-0.2645811166684901,-0.0525887131812509,0.672566548482213,0.41544744025112357,0.20722289462471458,-0.02904645184329169,0.08990879577458735,-0.23469490483670838,0.5318975552719979,0.5413266969799316
1457,0.5999672309445023,1.1923085052950726,0.9549855426261121,0.01760896751134017,-0.01900234732269448,0.02432815126060001,0.5281203780821753,-0.09532271730395944,0.014722901229504756,0.687117752248765,-0.11381092131904387,0.12575812014374957
1458,0.242701959351229,0.17867630251950942,0.004302235814638098,0.5224559234606555,0.966412272516918,-0.3953428728250609,-0.26165167886635177,-0.5871776713608856,-0.5912437539837421,0.8495500961040922,0.7032965208689212,0.15286871139415237
1459,-0.8991989814783591,0.1094584184163384,-0.8752548293898637,-0.015358360428420391,-0.2947217020809171,-0.04189556515296141,0.14909902446571388,-0.05936246765210441,-0.013053832591707337,0.2854864805077063,-0.3962619645313219,-0.0023134619981967004
1460,-0.28810563004245154,-0.24981997704440992,-0.13191006512394743,0.1462357649599871,0.5930133169664823,0.11876754330544854,0.20756672133540852,-0.4954913844612503,-0.03182103847598855,0.712983238539715,-0.3584160970637676,0.430738889213732
1461,-0.5029438353060497,0.901634809889521,-0.8672061520351991,0.1300055988558258,-0.5574291861612343,-0.024694520376805078,-0.26018159036434946,0.785044432971807,-0.31665650656527294,0.05381726317921566,-0.07003388547058105,0.7926870370878225
1462,0.36352269378258806,-0.660099921739629,0.5787877969043271,0.256158974630902,-0.5685616360465489,0.41807887071292593,0.07168426160856886,-0.3506383972674974,0.15865279441555208,0.07095410715947906,0.2867816827903172,0.4059378304652721
1463,-0.4544141313565531,-0.69922169287677,-0.2810986702853039,-0.04304335743107058,0.18218038352303695,-0.4780331327715245,-0.38859654609845173,-0.26243316888200857,-0.3705699613227813,-0.45061524028747507,-1.7604190579572525,-0.7870850096628299
1464,0.5064610111021672,1.8293885966057668,0.5518930665156584,-0.18743560239437376,0.4485313743756248,0.9183341972777526,1.4056542170330755,0.7953400509393141,0.7516569896573689,0.8909153965951027,0.4324245886484745,0.8053967252139349
1465,1.072787921327532,0.8123225561509669,1.4102575114845857,0.7941120040628212,-0.507097180224328,1.4024631738024704,1.4915567769774276,0.8101973518201471,0.8184330309441206,1.629778849931219,0.7716256970245037,1.685044459832979
1466,-1.0360612277346546,-0.0011166186515412005,-0.1008868764815377,-0.3561505311515641,-0.5528437005236537,-0.5158164378275264,-0.06997502860221731,-0.14288211064717793,-0.16552197621932904,-0.6688636886459393,-0.9329940328715169,0.7312653287498919
1467,0.5070586660289901,0.4763925380806418,0.9548127634223808,0.45836116482307465,0.39867171405085067,1.0344618001510066,0.56942543881106,0.957865356538639,0.4402597600758713,-0.07564392028348606,0.41769773362556467,0.05559369290361861
1468,1.518253110203006,0.7094972639912992,-0.043396773410960564,0.841024280561444,0.9549258671083101,0.669334040973385,1.0961335334155287,0.28451022924212727,0.5746403410315627,-0.244369886491798,0.21442493049750427,0.5414183034979533
1469,1.8839434302384073,0.9148731432081789,0.30168187225254733,0.10393272289023694,-0.7525940913607247,0.7448067561163856,0.8469814996569094,0.8295228026379519,0.9091250887744672,0.6812111210508791,0.9416343816071957,0.45261611980014
1470,-0.036991027537349994,-0.6077349591957971,0.025946527313615755,0.05790438198835565,-0.8115285783611143,-0.601694150009619,0.5015557517086673,-0.38636256550386583,0.7070876493383921,0.23568302415971665,1.219609935602722,-0.16185246146760263
1471,-1.0360458026957284,-1.1718827787012207,-0.11175379863831486,-1.0544094144515308,0.3356241927122408,-1.6420600792442526,-1.8664789731262563,-0.754435794309271,-1.0769392673775502,-1.0815182691924645,-0.6261818341310168,-1.6392400401474045
1472,0.17713093529614704,0.026980383009231265,-0.31145825645440667,-0.6522927689060803,0.558986039023346,-0.565731749144505,-0.16774588414411756,-0.645276956936026,0.13670125415355308,-0.29838109011827524,0.15303713887763762,-1.1081864491424127
1473,0.264895755329666,-0.02542023416076539,0.4842007883697202,0.41933135848805764,0.010224263800854767,0.24959199269522353,0.26868935327674454,0.369786756770724,0.44843207339353597,-0.3034404362109562,0.4687557141001253,0.08366312758829231
1474,-1.121305635296414,-0.5057472606101275,-0.7398707969319842,-0.06605878866740451,0.20376177918870306,-1.4586607792687887,-2.7161321118896105,-0.46040069465531447,-0.8721585129297023,-0.7118063400498078,-0.5220813273279018,-0.8492003925645719
1475,0.7333280741310215,0.624387851457953,1.4999186312896073,1.590852713016898,-0.42342073984614664,2.504746783840288,2.5629455173402684,2.503635059869555,1.542533435654156,0.9434156366524623,0.8423886215755417,1.1808019446387863
1476,-1.7085335879932029,-1.1491790208285817,-0.674177111966996,-1.5961606037069263,-0.618425312836727,-1.7861131526305383,-2.9965562396678096,-1.0504008941960947,-0.6337105318462104,-0.6927589908331527,-0.6769415826867983,-1.0241284485923063
1477,0.4782515370558232,-0.631973142308235,-0.16878653741593788,0.10053619845435874,-0.0905349083100667,0.46306211078016535,0.5312607507629947,0.3854917064373143,0.009908687967966042,0.05143973926271012,0.13655325570917698,0.46276367093625115
1478,-1.2064359415759798,-1.4117114739502399,-1.700367811338814,-0.24407574557021533,0.4130783428816559,-1.0375627668921723,-0.9301705315647757,-1.5909193270796351,-1.631095716338028,-0.9464652759909693,-1.2142545556986608,-1.5297697600875302
1479,0.46825628481259995,-0.15299481982940694,0.7917333817558996,-0.7362794515404688,-0.333098074692369,0.5217652254753444,-0.05425849859498573,0.12586750469586025,-0.11156055641201083,-0.6085998367347573,-0.17780711234809798,0.010124578295723404
1480,-0.5980904572108265,-0.08383559949914857,-1.199731425584999,-1.846386880437923,0.21958328579332045,-0.5501763794823483,-0.4872107465081865,-0.43914172130279344,-0.7830392528861261,-1.1244558020364188,-1.069814945953259,-0.535285109080868
1481,2.351806567851949,0.37181336094542533,0.9959206743881771,1.2944234131355352,0.15002961918089108,0.7968293667589686,1.2009439388549554,1.0887766963270775,1.6087079262003618,0.5658536142861962,2.334079157848713,0.712578867712993
1482,-0.0924727901240289,0.3395177645085308,0.12042466400026716,-0.34048466903713226,-0.47056285195490416,0.8319708069020496,-0.5329953019479237,-0.6542611672987249,-0.12209765525826091,-0.026942985041274785,-0.38595088274417033,0.4592268561694751
1483,0.5402841342324288,0.40928275138190356,0.15844103344182262,0.9999773179868247,-0.5665370777553445,0.8398806302284539,1.1314895083764012,0.8289573996522044,0.3639634531217109,1.427229813979374,0.3695161717822475,1.140183560753834
1484,0.08326565791951895,0.13488723221276186,0.5909077298358832,0.13773175388611805,0.07018435212857708,0.5236864012502539,0.3785328448464241,-0.5835351087742596,-0.7114649483160544,1.3536525925272795,0.2200749667724795,0.10232958555728193
1485,-0.8324554935942478,-0.6189267879894111,-0.566287554890563,-0.31967672344825443,-0.17662557221583955,-1.5679487466786262,-0.28609360948559054,-0.8060743352458689,-0.5627148627515954,-1.1329091348035525,-0.13418142262866495,-0.659736140612576
1486,2.652650470460698,1.2773427814110894,2.547328066820768,6.712277827377604,-0.8747843799051226,1.7448544164439068,2.3558854670899994,6.643803163867713,6.96632840720329,2.9651767589405025,7.239580913378406,2.362588432775029
1487,0.047415455903447284,0.0852804633839416,-0.054735462432746004,0.21863031043430034,-0.682718788790512,0.8201326764558942,0.3431255659871757,0.19784955938909826,-0.3008246614056532,1.6120409799974784,0.16727762670997826,0.9596269952704212
1488,-0.3408095349955289,-0.2185750594017626,0.7899465747874479,0.34247808537436897,0.07749843650993905,-0.1164485604762292,0.10113996268978433,0.19705968584426162,-0.3180353193082795,0.13017120851178665,-0.19611290951571972,0.3891196650117536
1489,-0.4105355089520528,0.00811708497930706,-0.2917620497693893,0.09651523458371132,-0.18372850867348725,0.08991746621179694,-0.10662517350020084,-1.1203728932274,-0.18591487136941723,-0.5300022784685744,-0.6706277626877678,-0.5313184674520879
1490,-0.9827610313313317,0.11263780212999794,1.193026309176709,0.8402060631644249,-0.21248759670843337,1.2722103876945439,0.03145581825861481,-0.1887075671747639,-0.07923320812842631,2.194404037103356,-0.1047213036599019,0.3539812325683466
1491,1.0181201030462308,0.936060887459526,1.0146899320885117,0.3613459494599458,0.458310959074542,1.142370040687031,0.3529757365158872,0.5365521102582862,2.1960663321743676,1.163406606443273,1.339892186879247,0.8665581815982614
1492,-1.2130178656805521,-0.8934202508627865,-0.7241913017878857,-1.3256892472548165,-0.43896875227834,-0.8570049070232619,-1.067024564660755,-1.1742724483915636,-1.3920872693525501,0.08747854396138911,-1.4285932764339275,-0.011835682899440142
1493,-0.5433228179446385,-0.4807021402941217,-2.138371644969437,-0.9268169690903364,-0.10042310215319052,-1.1508682915145767,-0.11445654242731015,-0.685500458465227,-0.8401070457739362,-3.4043906479926496,-0.47692571325542316,-0.9249450257285116
1494,1.074954525470361,0.9190857023262353,1.5683318368367476,1.2981469914282342,-0.6786599120650546,2.155418413022186,1.6643471343824607,2.1929611451558046,0.7206912284782131,2.5123254215879753,0.8815741682465766,2.3442106471119764
1495,-0.7328564310014021,-0.5968719754939718,-0.9889336128130152,-1.7235782196933018,0.049154589994183144,-0.3165827501244104,-1.724402771899334,-1.8885755291658466,-1.8728260163558468,-0.31291785509237824,-2.836362879690175,-1.1617346920022347
1496,-1.6814741846477559,0.41150928302246953,-0.9263168426913817,-0.8326260507372204,-0.19138347587373983,-0.7707133936766963,-0.9286267819921756,-1.164520392449401,-1.7925454664109755,-0.2895564271730534,-1.1894871154787459,-1.077449280124662
1497,0.3838004072303981,-0.16822366640531958,0.666743332696741,-0.511290344126744,0.7964684989002224,-0.4772119278313089,-0.13976805133667067,-0.27168889029083093,0.11976346385210453,-0.5032529363101346,-0.19351085741429855,-0.428464824937541
1498,-0.6014961812492251,-0.4694476085174106,-1.3962643862945592,-1.6012489643604362,0.08170824124604657,-0.5878601133432668,-0.8954156175076727,-0.5587545125426089,-0.5482593353080142,-0.5206073724605857,-1.6867607829777163,-0.12042370542103341
1499,-0.5640275003323023,0.0821985235952853,-0.5469771466891514,-0.24627570153292608,0.4321047029025447,-0.2132197390121604,-0.10331853779075068,-0.30947657501976955,-0.8152413551853966,-0.5079563435983815,-1.2535513196467252,-0.5069519913181176
1500,-1.8116393724412039,-0.4637644559537113,-1.5813736660758237,-1.0665332311888849,0.6201749846526128,-1.4879438606145323,-1.9053111338266404,-1.1571819896541153,-1.170593868543066,-3.4952887230508893,-2.172822058511898,-1.5005459373449914
1501,1.3869621914086514,0.092715853883845,1.6288049521700916,0.6820660068423275,-0.02036663550699255,0.37210142211831343,1.299365748550098,0.6440379305625011,1.5496884518730638,0.40413917736992855,1.7710316751562243,0.34696194648983725
1502,0.32827190549589846,-0.21225513836709012,0.9653768681298708,-1.3718997428667754,1.2015818273547354,-1.7083749035812068,-0.08093684921775932,-0.13479970169151573,-0.8493305824751926,-0.7965870060599818,-0.2795521636335598,-0.7759606852239163
1503,0.537427686750664,-0.9744268576215875,-1.8249969945073548,-0.8712923075498847,0.4404471687529236,-0.7850185382888148,-0.48707604344176253,-1.1931343986659069,-1.1808935473050512,-1.7710112461535588,-0.24405147872130153,-1.8027144304053515
1504,0.4253780854341183,0.6815537033269783,0.024437481766454505,-0.8020955404285826,0.149167996210694,0.361263675202422,0.19380842137813373,-0.5206056500424452,0.11986813648756174,-0.5691675451992245,-0.33396175559376545,0.27361063542201663
1505,-0.07786988001777842,0.009812165807363864,-0.526199104206649,-0.9549037385286785,0.1825748726273657,-0.5431854605951687,-1.155029459506304,-0.7552611640210416,-0.371679892976019,-0.4256501805346773,-0.5197870115661357,-1.1595716696755398
1506,-0.7489499003487665,-0.9255853425431461,-0.36404516174969653,-0.8926177447264615,0.47085443026660834,-0.28431784383139524,-0.8041604455007165,-1.1863708838387037,-0.15917168082822522,-0.6890630810062923,-0.7571729159251233,-1.3069493642114263
1507,-0.05742476434942181,1.3402645649593719,0.2701822979184308,0.42706201758299134,-0.050243672327756686,1.0148462019286855,1.6588712330736786,0.3318221272797371,0.4598684946069704,1.4984832225685856,-0.2034712423810516,1.1805864532940704
1508,0.05991186246239203,0.005431060237463543,-0.2744129325650838,-0.047571101738103576,-0.5466240935525593,0.11334007431013897,-0.031053091435732903,0.0390626837624488,-0.5007054250414659,0.1447179735750893,0.025157915494608718,0.24339630154573172
1509,-0.06363630073421302,-0.6684627585051675,-0.10407641017344574,-0.5110094139707828,-0.24738183122094873,-0.45973765144408707,-0.10692787703776548,-0.9313401315503893,0.16924812040483755,-0.9772347677972858,-0.02598377656527029,-0.17820768578758678
1510,0.9654645761355514,0.3413573910052119,0.24600519646010127,-0.3882337764720519,-0.03811708345180027,0.6912144221883858,0.8964497466194746,1.0577572025410054,0.5443606347618457,0.27620631099850707,1.1388944742561733,0.08635093195481977
1511,0.4454980356174281,0.23621451326688545,0.951090479125052,1.1458301971627152,-0.6644879315452763,1.1311733939572524,1.136463455731209,1.156916641316922,0.8253668865504896,1.6913261090311158,1.2954513889856338,1.0636786416686228
1512,0.38121451103905607,0.7530178411135982,0.40862337896309037,-0.40802493641671916,0.23534237970972852,0.06497764589694159,0.4934314718272772,0.5025027324035091,-0.008227598138931012,0.14196591029112313,0.11389234727921664,0.3829803090793952
1513,-0.18709109803776483,0.4308869794416909,-0.25453615823209486,-0.2439880277744193,0.6439403013483416,-0.31984780413383324,-0.9298913682681476,0.4351637339408652,-0.11658188476992164,-0.28164566985194367,0.017172386377861875,-0.7866440319818434
1514,-0.4136152743061335,-0.47545218037274795,0.26332195623743393,0.7473848196426669,-0.7536286868009184,-0.040598947555706456,0.21759821102381832,0.6777701141297382,0.5696950763205579,0.005560544357737396,-0.0938400142481034,0.13930742316573286
1515,0.6239441665115875,0.41173979615369893,0.08176852241220099,-0.4678856518816746,0.1886138979515831,0.28581922065938087,0.621836286022921,0.3328182050379374,1.2071266255130852,0.5501386361444738,0.6699449309148366,0.6211381024687638
1516,-0.10880804672338226,0.8915129429082758,0.014009835052925298,1.0250342633034268,-0.34474850245665534,0.8568844595451116,0.3704869409375185,0.6017425237903634,0.6461534520457483,1.2528376066782723,0.5160665052198842,0.40443649462246084
1517,1.337098030855705,0.9077032173599243,1.044397046682579,6.728396274681783,-0.05520037832259315,1.6770797684146777,1.691632063442844,1.620167821344,1.2925328008198895,1.084992710666589,1.7414545706014606,1.5322938092171794
1518,-0.2783564897869953,-0.09128949970195742,-0.31404120079445197,-0.14455637440834612,0.2471668000563682,-0.254547762573561,-0.8992456783676106,0.21990063680583463,0.18325673168472664,-0.27283880053971327,0.21044309965546687,-0.016672393534965364
1519,0.839295297184724,1.091939794647308,1.2754123817714909,0.850269023132915,-0.061720219801984486,1.4872395299088574,0.48882518952802856,1.2579319092055627,1.6153666667180588,0.8963375451596626,0.7786952959192608,1.4391430744364542
1520,0.4596632962296644,0.10307192682839864,0.165493893768959,0.3900057590092878,0.4016331757763664,0.387250192406284,0.31370076659117907,0.33705183884633133,0.7375689913435406,0.3935632522862084,0.6715827023598103,0.38110392518781416
1521,-0.10423771092382296,-1.2703982112623975,-0.19409865557686878,-1.3597397618498626,-0.022699384969211155,-0.7577064984526285,-0.6276320110763564,-1.2246541685441468,-0.44273872231505923,-0.8163795188306798,-0.26474593885484077,-1.0936591961083788
1522,-2.3114822998565097,-1.9008928172864472,-1.2887494875615897,-2.5569850847820628,0.7630953352710718,-2.5043163428233477,-2.556492882354168,-1.5179991229238505,-6.559257509804265,-1.5810478580905643,-2.423391783433629,-2.2921828764373293
1523,-0.11955280652237708,-0.8301619514314815,-0.0834724743538917,-0.18728363953379157,0.2423356016397205,-1.025559384005301,0.1888319416732054,-0.41348022682909563,0.33752382275589393,-0.3871949084838513,-0.5520845161419983,0.02792179579494858
1524,0.23924131132525367,-0.2817995370586546,-0.2744558063244495,-0.9305127814806214,-0.039477434966520876,-0.700414618204161,0.34601956907095327,-0.6925521268189019,-0.019832224527518216,-0.5966521653486633,-0.8226944348857996,0.3185946933202609
1525,-0.6650010979254036,-0.09706346472841217,-0.38716403137810984,-1.2527760642030699,-0.3908680545344457,-0.8943441331973242,-1.4540279950077064,-0.9373431402364747,-0.29203051186650747,-0.5323713284910272,-1.327071937202685,-0.4838875475583485
1526,-0.6406835064976842,-0.6634001680078376,-0.679491084908344,-0.16579874953931642,-0.3095275101974848,-0.28651218671566664,-0.05349448989778675,-0.3910015576690811,-0.23771099229959078,-0.8068839998882712,0.14544970679998082,-0.7767678277574885
1527,-2.4263498045864673,-1.1977724464356374,-1.5405395966331685,-2.5488244404342377,-0.2101587574297093,-2.408631970173653,-2.5868631591135136,-2.569807837178801,-1.9284972845484756,-0.9659762174764979,-2.188143997557163,-1.7324985898151466
1528,-1.5180290663451426,0.002593470601664863,-1.5837623980376745,-0.41175356002647534,-0.17503267510646708,-0.2503823621415895,-1.6937751208260636,-1.3868331242421335,-0.5824997274683482,-1.016182713983966,-2.475841300385791,-0.51200814167889
1529,-0.7281168118925757,0.42162279928417173,-0.6261025022641434,-0.5334637136544381,0.23809840216958786,0.436816965398795,-0.5063167513210223,-0.5626867677554521,-0.9606963820453461,-0.05580464579798113,0.5032286077812277,-0.00513692301259822
1530,0.9345638321668027,1.0977790976069015,1.5761758443899532,2.1425412807461663,-0.5859597812902112,1.3674189990731,1.584186415480134,1.4307607257624109,1.6324839244666263,2.3140905747327594,1.397132942119189,1.1474021875990676
1531,-0.9551237134188344,-0.45829407832128877,-0.872351879041892,-0.21015096591195734,0.16802807034720393,0.2878231443375679,0.0673454236538944,0.23328422303315224,1.1299430962451242,-0.5658825280375396,-0.018989765123942303,-0.6705605980711207
1532,1.065415636560318,-0.5349215877686742,-0.1033264079504499,-0.15187457988599634,0.5527404432803307,-0.1602317358130749,0.2358880362921793,-0.46421464403695567,1.022300945825768,0.12803059103406417,0.20464320444304995,0.034684124339149976
1533,0.22336702992311108,0.672056072221623,-0.6335562036558836,0.8558953226421826,0.589321631246762,-0.19397008883777744,-0.2949311120255988,-0.2697070067011373,0.37542282468440047,0.69843695762925,-0.2262948192155632,0.4105780272453457
1534,0.3660188710066857,0.49728305441664106,0.8110800085164743,0.909862376410028,-0.6793776200910032,1.2673497655004915,-0.8111313769114114,0.47280877999545434,0.21885195395939433,1.2438295112296565,0.4291954545474289,0.7259629884052522
1535,-0.1911030511606002,0.3149432032812695,-0.3916531162894152,-0.5527642175848767,-0.7729286052406453,0.28439726044120855,-0.13185883574768292,0.36339063332439614,0.8138334556349833,0.8301040547512056,-0.19345414652875687,0.29030569103921533
1536,-1.0561334326377045,-2.2059874730216587,-0.7835996672403208,-1.7250881584836302,-0.08190560833874107,-1.1473194524768937,-1.7676616562489877,-1.6706925726917423,-0.07173599559657415,-2.4376465287521327,-1.1071399469927785,-2.5981648843145697
1537,1.0279660208164765,0.8427651715947163,1.2721337467354683,1.1953572145920768,0.16789052785832734,1.0422662415744308,1.2211806272619987,0.9610609837054623,1.6862482169859594,1.8510733236055075,1.1997699514301607,1.6798417203291445
1538,0.6064232397169909,0.2505959161190496,1.3063496585937227,0.47935469483510934,0.2598864408037371,0.155755781184717,0.5313389706543221,0.4704587048287073,1.029966639142343,-0.17336969436021246,1.152170127210984,0.6245593834918338
1539,1.0279086882131863,0.15458999207683483,0.8303819729580632,0.1961849168522616,0.22127678902572587,0.26329313091935463,1.1637077965557845,0.5466283032179133,1.215384497496482,0.7301566717416884,0.6270296788322888,0.10470417697660048
1540,0.699181111677288,0.6632843244560651,1.0563572021483005,1.188805319025835,0.02951391401958841,0.9786092760411189,0.4729237368795867,1.7536426330540846,0.7836656031157258,1.8797135849591782,0.6112840383381722,1.1578290271996394
1541,0.2219223368238,-0.8100353557938386,0.2728507912471749,-0.6980460159292837,0.4900606082944129,-1.1979432749719199,0.2712018876245437,-0.6443628583497759,0.7606817201420645,-1.043540874606989,0.029577701285394182,-1.1627089242902
1542,0.9223666987332203,1.1738555356629614,-0.0582327189861263,1.4161592011271364,0.24069672116776614,1.1911463434983143,1.2703950173696745,1.2445224139791962,1.7851734531451373,1.1949673866752746,0.7318822452712579,1.2870799243795963
1543,-0.8268018634259213,-0.5325003507749235,-0.7017829580187426,-1.2022996363229843,0.3869589461733969,-0.9049191188954441,-1.7751540344032453,-1.477583547328163,-9.406296587284947,-6.685520196956749,-1.2341005266217742,-2.369706443271905
1544,-0.7699142302043965,-2.1815966222806598,-1.395828044388659,-2.7866143095621285,-0.1873700095334169,-1.6914270665243902,-0.8284486023686476,-0.3573461230983261,-5.494115101722082,-1.5510817039208724,-1.8958539419096163,-1.3487168694738336
1545,0.33143740339853256,0.7290717095310053,-0.881336775604464,0.8336849762143648,-0.28938879650700594,0.6387303538634806,0.8702466874424576,0.21447312557090073,1.4000607707985355,0.4373763373033794,0.5493404575739718,1.0072060008498558
1546,-0.658057570218605,-0.865865806376109,0.25472893119319584,-0.9389383425201868,0.2573592363597651,-0.9530255924033663,0.6880227533354988,-0.2661101363080721,0.653138221360123,0.23722650899425102,0.15237003664245752,0.014165381211519171
1547,0.31630245970273785,0.04898213990774632,0.16489943584555233,0.3955084543223524,0.09519394736343188,-0.1569899795072032,-0.42324298110527947,-0.19321708550163116,0.1404775194546915,0.21783330561864425,0.07156452463802947,-0.04127438601167566
1548,0.3365681187749631,1.3518906297692341,0.7668947141996394,1.2721393082528674,-0.4904847083055246,0.9578767085349509,1.7075889505503736,1.7581003806607558,2.1051530777441556,2.13361703955066,0.5517150983059653,1.7223178298658857
1549,1.0501880807959414,0.5656606166276941,1.26021994600257,0.8743248260137129,-0.22441911170175052,0.19335663964387811,0.7353573431239999,0.4134308079874299,1.6910551869969659,0.5985492687270526,1.1289143917803173,0.23413931328900386
1550,0.06412906965384084,0.07708606191332432,0.46585895250995085,-0.19905068355765138,-0.24767122813614792,-0.03245417852390789,0.500365475701889,-0.20231649850309855,0.4256757833164004,0.18193242515381042,0.3868539442662185,0.4977125749882402
1551,-0.4836410509540504,-0.03625765086532777,-0.7066288953493993,-0.4859610446402657,0.6177065854128597,-0.03523463287968565,-0.4005822858834176,-0.6547413113840539,-0.4384905313016078,-0.40684219970946933,0.5955658669779308,0.050608662092900374
1552,-0.5605076489154193,0.3562852554226766,-1.396014557296374,-0.11659655240976528,-0.3410117910119157,0.8537052816986712,0.2072164341561531,-0.7865835609504771,-0.38690749897089644,-0.5789512890648472,0.08538464867225631,-0.12362148462256999
1553,-0.6725283561900162,0.08340512517777121,-0.9638070721129429,-0.9647682386400392,-0.5240105917407103,-0.2182590772109266,-0.36928291988113143,-0.7102648226396232,-1.7875338862615058,-0.31704870548260866,-0.4772810495903973,-0.30112171106682156
1554,0.25444236808893567,1.5199120056478548,-0.33357796627669634,1.304272067969608,-0.15911727427938285,2.0347424681122046,0.22288036542136128,1.0076033577843362,0.3099738438491927,0.6886644401456722,-0.22552152258555253,0.8517986816909365
1555,0.6149301313595048,0.6771741620238284,0.5662027956387999,1.07604329427328,-0.6455784976509663,-0.25616870924913476,-0.5618609561904013,0.02516123316274341,0.35944288999437735,-0.5388592157369092,-0.4982397992058616,-0.0018285151006443654
1556,-0.7288645277527688,0.501380312651572,-0.6039218843681373,-0.7220656106451462,-1.0665515081907793,-0.4826528214761334,-0.5558160504379602,-0.8925044098218469,-0.7601833380912973,-0.1646506725948959,-1.1078919752742205,-0.5626030884286545
1557,0.5105617088259917,0.9621388460322906,0.11818456716436503,-0.7199580842852736,0.6021879111567403,1.1392178824320767,0.9713898249207025,0.48642593797227907,-0.43802321581791404,0.9292203613184771,0.18252488453087917,0.8277962301845078
1558,0.5295823679235309,0.27910858815062844,1.2594234845154308,0.89594476217332,-0.08686069622296844,-0.2512113040323486,-0.2077735841390634,0.20920333076751657,0.17304630844405325,0.0649047623946567,-0.6799758554435629,-0.17540256140807448
1559,0.4137358109489148,0.10306842456501684,-0.014198033751896499,-0.0027581156573408304,-0.0054270540551325935,0.7307122728071213,0.10803641422349487,-0.5201802063151124,-0.7798012800693309,0.9806698704698856,0.20919257472693256,0.04066670318938469
1560,1.0201294170122719,-0.5687306453135139,1.869932255613216,-0.07462936275012476,0.7691050019416825,-0.4069694721953848,0.4495178522426476,0.23690723558473917,0.41916725578644304,0.2257019560879112,1.096744088222499,-0.057793500870237345
1561,-0.8206121230437446,-0.7044744020793644,-0.5769064206322165,0.7072764588972544,0.46665493603388636,-0.1671282493327982,0.08465258957961004,-0.1543827389227513,0.00929709021547228,-0.21354503155411456,-0.027114134551393464,0.5878642662443495
1562,-1.612847149864901,-0.5510897589926292,-1.833975060067791,-1.136258405193675,-0.6109760703303907,-1.056458265980531,-1.7599117904796087,-1.3890486936096917,-1.9375762534738568,-1.1345537256678024,-1.6590892587473804,-1.088916136281666
1563,0.898069446694162,-0.5607373270331613,1.0852541829484001,0.07694703392524635,0.19837858804106856,-0.7915481352986488,-0.9587915119209167,-0.46947132551538434,0.39827081112321533,-0.7769582828274318,0.5053679817917527,-0.283240706994711
1564,0.5939133315264885,-1.083177941500908,-0.7660043109910948,0.18363211375992744,-0.33482862520109863,0.08598787145919634,0.28591661073604735,0.4552952246926084,1.0143237273108767,0.4354521320779191,0.8650508769016901,0.4731192272381939
1565,-0.4512873941602874,-0.2567311419234607,-0.35434918799830395,0.4588374639239865,0.7915717850125977,-0.36864943200934075,0.383016211539764,-0.543948049579949,0.1600702709995061,0.08379993048618391,0.8296745914002015,-0.19933310097653759
1566,-1.624226488208312,-0.8893007142311504,-1.7406243942174384,-1.5056193711278354,0.6660257962960267,-1.4492264943074564,-1.4710096515933482,-1.7514524314697517,-1.6218377984163292,-1.6155847349824657,-1.6197084858787212,-1.5368982174060077
1567,0.2117066921977799,-1.8626493641466613,0.09136877233987724,-0.5909592949135233,-0.31571252193287,-0.28850057125473016,0.21735476499180417,-0.45473266019830616,0.5724759822472811,0.6313090708674647,-0.29508978833802324,0.6412480166193949
1568,0.32508446480856723,-0.8792601268254256,0.608109865958418,-0.37112758975266336,0.740163416788345,-0.8456210424371526,0.3811509990204506,-0.9569770325568119,0.2195611512733895,-0.6331073621368691,0.2768501426206748,-0.8284216253371282
1569,0.5046630922943846,0.8561004590354532,2.502833760633748,1.316418343154735,0.7838518540833104,0.8391582785978258,1.1147569249112197,5.983817062347917,2.120629904426832,-0.10487952228113855,1.3418973682208817,0.27872920232050835
1570,1.013566868775009,1.9767498767877314,0.7228390729487538,0.870380872127997,-1.2979000202738387,0.9665583926139721,1.3587742751160985,1.0821903370877939,1.9684187690477544,2.2633257850990374,0.21480489080751278,0.9096370758835352
1571,-0.036046282064189146,-0.4188442204410211,-0.5531585589610944,-0.6548788429279485,0.37956774753653355,-0.26896729647085593,-0.5884110267053128,-0.5941224659614828,-0.511256401244343,-0.1336524200000675,-0.6143665189209133,-0.09848347426028715
1572,-0.14785465435871936,0.7070335925216495,0.5902651181258919,0.07824683963520128,0.05859301399676409,0.5239202984274602,-0.4731516144616429,0.541717318709488,-0.31137254676334625,1.1547794801801192,-0.46412444262161134,0.605281916782179
1573,-0.289137258014296,0.3833542943647508,0.2453351876629002,0.5278581392446533,-0.4692480978968262,0.6399913649375459,-0.10418837513082779,1.1591913248841241,0.6086771559259971,1.2092209115659602,0.9631514841212848,1.1045734583546152
1574,0.6580689567559131,0.4477358810033167,0.9457871407375371,0.3216089817851244,0.6932053598256649,0.474132851538437,-0.08496509362711711,-0.15825362094958342,-0.2058609122052069,0.3453278906224133,-0.19332669280134307,0.371429618391965
1575,1.022003052032679,-0.10823825614018175,-0.5589174353987603,-0.49376679473178864,-0.22857270613011224,0.38568662870463766,-0.037556013108898965,-0.08641771522364917,-0.593404484613687,0.051757518708268516,-0.04334376750829313,0.067466869470221
1576,-1.7615047509255881,-1.2563256620421879,-3.043735483039012,-1.047209117288399,0.33831824236154334,-1.8922214895282121,-1.1190357586896922,-2.485128614922827,-1.0160608122035253,-1.6506631354532855,-0.8491540084090761,-1.8152284443087139
1577,0.10298493377060935,-0.4332714191735257,-0.68407376750393,-0.24016569113855715,0.35995231731107097,0.23588523645404896,0.9864161957264576,0.2566035816373708,-0.11040790148981043,-0.8710626724880755,-0.6553592343885452,-0.708535316108245
1578,-0.3554559361705592,-1.0872101053091323,0.10083240786210759,-0.42423399476757573,0.07952409648106801,-0.5891250916670467,0.4247096696698275,-0.4288763567585539,0.38742310298696475,-0.5836821669080956,-0.17679695586035962,-0.10998727078804969
1579,-1.226025061545715,0.15283732863090352,-0.39341375629811454,-0.4979736639550734,0.7290175291460946,0.04766962188593109,0.5352289188315452,0.1316998185433634,1.183115857970398,-0.007998157837803416,-0.0671694783222067,0.053767330078145895
1580,2.2631253464323557,1.8302052607728931,6.758049675171443,1.67423764753047,-0.41213018119328265,1.6828521434504946,0.9139675957488241,1.1411764119764505,2.636476222351024,1.714413047560501,1.652395006541188,1.6228656106635173
1581,1.2167878730228687,1.1325813354846552,1.4787098322835857,1.8437561770173427,-0.7471533027471665,1.304881216411818,1.4003480539260968,1.9123184437747638,1.3553899511872798,2.022647782334465,0.8077668905572115,1.319907633022041
1582,-0.41856360839221485,-0.5128936937758986,0.26454330865328896,-0.23074212834554336,-0.3998404648283098,-0.11249249197664765,-0.2519637501381061,0.02673930351998286,0.2888090837507671,0.5067158792379342,0.24409123391913884,0.636603394582246
1583,0.7901589685006253,-0.1609887960688976,-0.6728980280865919,-0.11605214715826374,-0.37886858486884867,-1.0180945462597653,0.11708983203910603,-0.1523600062410332,-0.718095993622519,-0.16797432813599147,-0.09697255607603368,-0.0384454802484079
1584,1.532363397003985,1.5102573960991537,1.2362970649002016,0.620739367300716,0.11337381261801038,1.1871573105695745,2.3562169376941626,1.6368219914270339,1.08863950856908,1.037930585156343,1.661962218420532,1.1148112436277522
1585,-0.25335343384566544,-1.031680104585037,0.034114167533773526,-1.0495772911158188,0.05702526737813417,-0.9428973681954136,-1.070551124391935,-1.6832635731526278,-1.2816760549689286,-0.696281026371659,-1.5742674271752093,-0.572798465293565
1586,-1.7856797663426618,-2.1517218331129704,-1.7998450308480667,-1.7376544657218933,-0.05021249203858619,-2.595429686483805,-0.9993849847937257,-0.7305077545683687,-0.4980354985934474,-1.645959979488773,-0.7929198926883686,-2.4970924629631615
1587,-0.025780997500444675,1.1143071163880978,0.9390803176830782,1.2459630538319553,-0.19994073338136673,0.9484158522942835,-0.2017942136294082,0.9175678914522738,1.2938027067791464,1.035678090777516,0.6895429050082205,0.8897845241045143
1588,0.7947754263367409,0.8524427542946826,0.8776142142771913,0.4610902217337961,-0.12095187004428894,0.33127927119535433,0.16690285706492486,-0.7085672878291872,-0.9110457942792834,-1.280311350877891,-0.3619885842571561,-0.11929607245166278
1589,-1.0917882070943041,1.7437150468698925,-5.210897687957481,1.0075916362294046,-0.46897836367674534,1.0162534498438034,-0.5773676872039933,0.9915148090087363,-0.6291057438363273,-0.4242471648342272,0.9748236168798293,-0.24056638145576328
1590,-2.5622943242933793,-2.6186124663341954,-3.0468776625681713,-1.8010678228672723,0.3045775407190377,-1.807873223091202,-1.5711848803510309,-1.990967093376749,-2.5809157018490887,-2.605903092296777,-1.8342601900576552,-2.5588639032719573
1591,1.5732164551346053,-0.09468339501024504,2.493189111143608,0.512230001210966,0.3627418438202032,0.4489760316548075,0.17867445601621507,0.30311359766159074,0.5249042517760568,0.9892643160450085,0.7303163871597484,0.9728056722685816
1592,-0.659575643490223,0.4620999084234368,-0.0797193440907792,0.13449866146342584,0.22922574267022489,0.19453632999217177,1.1866062124890873,-0.15454870287803346,0.2642240054429145,0.11657141905177076,-0.6854476658491825,0.3179811539409587
1593,-0.18581085738693154,-0.25458391313409456,-0.8427356630384079,-0.9890240958533641,0.0403417397832135,-0.704474977382161,-0.3865786297734754,-0.89540665076014,-0.7547173501233734,-0.17377508627111657,-0.80907975339017,-0.34104930483348417
1594,-0.34408848650303864,-0.961637975614055,0.146884815098313,-0.591180807492726,-0.19308747911980748,0.3415459108128036,1.7701981725126343,0.3560139882134711,-0.458729362743661,-0.3054600884632973,-0.132480351920523,0.2881846290190247
1595,0.7931837952233471,0.9972154863424589,0.1617606393287566,2.394508766432358,-0.7909637281461674,2.513534291501347,1.8826274334749724,2.7596308964570433,0.9546436411989476,2.613003346770071,0.9415443383896646,2.66432771304728
1596,0.17444363120446627,0.6474619652330522,1.2221426190625089,1.0101202296181941,-0.11814715133083911,1.4245181220971368,1.6439102933480418,1.0737497241015097,0.7971926374042397,1.0910071007261914,1.1762091842388263,0.5467232097042074
1597,1.0074226473304921,0.9557172374844434,0.2057740060181965,0.2371249171608691,0.40764733660302743,1.1187920577472097,1.1806731608713765,0.5011383086716868,-0.08431397426361804,0.7985906375191438,0.3270236522875141,1.233421413732895
1598,-0.15609386744032538,0.007533018467840074,-0.02823811242684923,-0.746658669838015,0.4446660156585958,-0.7380723500492401,-0.4276161421651009,-0.6952737749116827,-0.5686985550815523,-0.3414386097426971,-0.18114736455429295,-0.7754750684927805
1599,1.8236849535868034e-05,-0.5936405844169563,0.11600888824920039,-0.5152568410969208,-0.17857183305567698,-0.7157913857825262,-1.8214444885634167,-1.0384937120516877,-0.30732852783952813,-0.6300885210786066,-0.5408303403550526,-1.1690141722899483
1600,-1.4004394346171696,-1.2844750445386983,-2.152658192516673,-1.9036886026692557,0.37770792123882124,-1.7036535755191597,-2.3982688819292886,-2.70469710583344,-1.6028012150144912,-2.6711438549141064,-1.647433923474835,-2.6256501278046476
1601,0.6433058940149906,0.5614672304563831,0.1749389261812329,0.64235066648796,0.060446933740770904,0.5944235622595897,0.050340524607246646,0.22419129229154958,0.12909580811415164,1.2583341164140305,0.03225057121197884,0.20321994216694128
1602,-0.21565986547146182,0.3970956755923113,0.9291857299668986,0.7807342626831301,-1.3288439510717485,0.13823004273043205,0.7042039492969048,1.9738585586546111,1.0607709885464238,0.40859521690943956,0.5417175554764457,1.8143566841891217
1603,0.8018614248254543,-0.04796795942528117,0.89367548725276,-0.6583270512482153,0.6298875074088836,-0.9608933037538315,-0.0021683469620999555,-0.8950436602155557,-0.16198784640469618,-0.9328475739876837,0.291727552968238,-0.8929852968649679
1604,-1.2678779778705123,-0.18868935100574674,-1.8837009041486203,0.22433608421192225,0.1436053231136675,-1.2757702929468215,0.16525333532421338,-0.1675750513315386,-0.2791599696099207,-1.2475457282122229,-0.7342546681936948,-0.679368723495724
1605,0.19499689730403452,-0.14621035930781745,0.06462660602916115,0.8296085006976605,0.4468492904947402,0.33003813178288854,-0.6746630781758104,0.0110747823816845,-0.32222076082882356,0.47148696974061427,0.5962995638768894,0.041205298399639156
1606,-1.2581297758941328,-0.3473794801750481,-0.7231001083153951,-0.7539633928566273,-0.3032248420151207,-0.6577957570763536,-1.8291046584216737,-0.8542997267268867,-0.2009340399266059,-1.3730457840276227,-0.12306513383170273,-1.420416435781439
1607,-1.0873684177817406,-0.5932147575534129,-1.0318380511128156,-0.026258443369870262,-0.6015901397146142,-0.9633208896827509,-2.2128066955948444,-1.0879286043380507,-0.6240856183969263,-0.41627794593121115,-0.37727111127646407,-0.5736503207853957
1608,-0.542068058205506,-0.7754377717107477,-0.5381535142504441,-1.2666729023315833,0.3617315293030085,-0.6463019226124216,-0.6226628750895191,-1.4067780523901783,-0.2203562832135048,-1.9680802430259852,-0.5603439104489265,-1.3776930050032288
1609,0.7604795418835845,0.5670495314741679,0.8045349950127842,0.043836697844486405,0.4214227054910595,0.42137942727638106,-0.3293003351041107,1.1025096565797494,0.7976214978543035,1.1319312206168564,0.4228534878512592,0.503988498559855
1610,2.1040325516174048,1.0157682881080337,2.0122516137092386,1.802252685807232,-0.16308791080747684,1.945272677028851,2.175958100887067,1.661532876755125,1.7477725308033023,1.8126117687554624,2.007585526093481,1.8841944211937727
1611,0.6373676343215882,-0.41817115986586,0.5483594917406406,-0.6483407477024834,0.11398499396049884,-0.6561961832284329,-0.0551570442246316,0.23634497347032576,-0.1659875948707096,0.3575716523498979,-0.5458571975391459,0.3576995089419344
1612,-1.8368862465055145,-1.405693089727027,-1.9024456248191763,-0.5537932180661664,0.3358160354663475,-1.535912758867943,-1.3892031611203837,-1.3737174403279786,-2.070898188352607,-0.5320905755227475,-1.353452231375467,-1.3174329561169322
1613,0.9481781502221797,0.7349809962377615,1.114046205214482,1.1019314047972613,-0.23742516789851667,1.0266884436575294,0.6758554864051458,0.8773239337324489,1.058614277672076,1.9952778106772293,0.37462154100518874,1.4498391874524865
1614,1.5106095454367743,1.3295880517428496,2.0295673565099466,1.8605407219515055,-0.6296367799770927,1.925870429514117,1.5525648856120375,1.8451410579829155,1.6162466005543314,1.9127915854240354,1.369196903025973,1.7764274452671274
1615,-2.2766901940764654,-1.885200850940199,-6.577176254097172,-7.162930112774199,0.2124516374528423,-6.87075883189751,-6.723418059629965,-6.857178700099102,-6.705040130760221,-7.051647556670383,-2.066413853736752,-7.021710398645816
1616,-0.5180587512938157,0.4649658810106804,0.15557683946683967,0.7190656744178648,0.7015445138904433,1.4721279025697493,0.7868474529581383,0.9608587690064101,-0.11746796824903392,-0.19562705315306972,0.503978793613094,-0.06329628139299627
1617,-0.044645197834133066,0.6092885260791242,-0.6469052914887882,0.030056096066462614,0.5500962059799968,1.2331278890933965,0.6484018852145034,0.46691874260340616,0.7553438794109614,0.4577810314806296,0.41847019710718125,0.9823435847431101
1618,0.5334179910166761,0.273200384592279,0.27113514694858326,0.6205473627887769,-1.4652698399656974,0.5980085478658302,0.6702366437166657,0.7053347153427746,0.6804070534626435,0.7783414094888851,0.8373437078563544,1.1970134156511687
1619,0.47467624735666136,1.1176345066983346,1.1965436798320632,1.1492048522963954,-0.4901144167361674,1.0567563696451687,0.6293246551056465,1.1693960576007352,1.1347007652496237,1.8027010177656573,0.35446511780001994,1.1996027723032423
1620,0.27107392595287355,1.959579910116311,1.3216620605377376,1.975417708854792,0.1680512493611239,1.8303627104048878,1.2077798693878925,1.7501944035425745,1.3450240230174786,1.768081213310393,0.9020012679599193,1.8248285627679242
1621,0.2636210425890874,-0.5492405779174916,0.2289155369044739,-0.004251969420321776,-0.3395866574378827,0.4940643706388925,-0.18752277805321924,0.025003317153047225,-0.30110945117494736,0.02881474530250772,-0.5103090192111502,0.13036409889633221
1622,0.4829519022890954,-2.0819963415296465,0.5558069616569242,-2.368031983663324,1.1553731610558127,-2.567899776596281,0.7531564110639697,-2.2920902304887036,0.5908259535005401,-0.8320499442207044,0.34545054128994274,-1.3631848358165597
1623,0.14159811667088942,-0.028758293866873653,0.09883513960295744,1.1832823646099369,-0.8963488019274689,0.6223524241439405,0.5437041198359407,1.0190882776349017,0.09935441426460564,0.30916398926436034,0.5179380418659376,0.33408565134625484
1624,0.6438487836247905,1.0167275016740922,1.0155169631249077,1.778390963703267,-0.7868125507863513,1.0064523476078728,0.5668223689046298,1.0861349609099427,0.5286059279777349,1.1047899241072254,0.17944576400647433,1.1077295283810795
1625,-0.8759743502254252,-0.06121660991870179,-0.1084683481230073,0.6225516920429548,0.23535459751917884,1.2729589077570824,0.6455157661668773,0.1902882378688325,1.6125545765968643,-0.5148033109524246,0.7863408813271285,0.16680087916799502
1626,-0.4063886573860052,-0.6548211356244942,-0.58663092144202,-0.0011898694998574168,0.14126269575432526,-0.7980652322037299,-1.4183499231561898,-0.8216958504365417,-1.4113350398787985,-0.840919017316332,-1.4222125305001814,-0.9140960432129103
1627,-1.1194267490079668,-0.8820729603277165,-0.15163145847751008,-0.9420468933779416,0.1014665774191807,-0.07311364288076252,0.3494843736840368,-0.0702896913226565,-0.040451420769126493,0.5265601252875494,-0.22647359595386804,-0.14914369375032535
1628,0.38398148030229345,-0.2138422617733047,0.6828676778808288,-0.4014851155891058,1.357531652033326,-1.0648007599064473,-1.270075914395653,-0.4376722710300772,0.2650932331135678,-1.031077738216904,-0.24777393776226095,-1.1990759075995792
1629,0.440142624049968,-0.08492806871392747,0.5146527160533143,-0.39525755375429605,0.8979541685929162,-0.13187769212975553,0.6417027514124758,0.11239677085623499,0.29613247673833526,0.14192563688892443,-1.008068356237053,0.22708261893841306
1630,0.4005527828813717,1.1446795736796764,0.35134154362683084,1.024141158508204,-0.7185100996603833,0.470792629612235,-0.46102024019690974,0.8019707585647784,-0.5832592797832123,0.860141979622224,-0.6729641041772254,0.7287922682724671
1631,0.9592603933047141,0.8557343737141999,1.0638172040870801,1.7751825519522146,-0.6250644089656959,1.9938973046324282,1.7662223984104035,1.736982818799314,1.2188497551085227,1.0991801135416972,1.5791447376512433,1.7215448813006557
1632,-0.37584292664777835,-1.6586096312296943,-0.6270272724579936,-2.0113258213622847,0.33186625011899473,-1.961031668218722,0.01197096493009493,-0.8943886705327316,0.0278085006222749,-1.7873354121893126,-0.6607299056516159,-0.8185148115640564
1633,1.6837557199424669,0.3797983205332824,1.1579095089581601,1.165120430726148,0.04720602559849195,1.9705221482643012,2.195327321173111,1.5311214245960696,1.3208706260079957,0.6914434205753618,2.3328126630347703,1.5027583780756721
1634,-0.10804962161966981,0.13673851987465524,-0.4134299247519038,-0.48800281649721317,0.18591227937602367,0.7659093714050378,0.002582257286621517,-1.3780840565779655,-0.10997356977586617,0.6445996423668147,0.05399660635814855,0.45319783609780395
1635,5.024357084784094e-05,0.13324138538913163,0.12980521980698978,-1.3096018006003762,0.4896118115700446,-0.296449523723583,-0.7257324415609289,-0.8043230769483616,-1.8572997215063445,0.49329794461499576,-0.9227765147025774,0.5695758697804326
1636,0.21481878243958288,1.5880319035571642,0.20902967639022588,0.06655115217985991,0.317000348265881,1.7638804708816258,1.7253098740654997,2.2129272042092336,0.035719677933847824,0.9069759045092177,0.24889486571067118,1.9257332419929958
1637,1.1541098502007272,1.4809490761141073,1.3672488463884425,0.9655500156329131,-0.22683701220380076,0.9094129492012623,1.5655486285274542,1.5003904172782951,1.143507890933209,1.0223854106881913,1.4312067828292196,1.5463167296820917
1638,-1.3497090746616396,0.5106776541380074,-2.0894577858698042,0.2519408664330689,-0.5866523861417043,-0.1467388065433135,-1.3621827996907683,1.1514353409410016,-0.9592284744378884,-0.027988040693232796,-0.6988774498437019,0.17071655265345304
1639,0.5457725327790337,0.9923864867881539,1.0567202315260025,1.4735250011651084,-0.6906859683442564,1.80479089176611,2.9149943546516193,1.3110627848637297,0.9144038127274589,1.159275953267302,1.9168471188847758,2.1370495689300433
1640,-0.022145022902667757,-0.629824168308546,-0.1264081373808755,-1.6649942566876281,0.09368017661945253,-2.31447826909589,0.048393980945524585,-1.5331509957099096,-0.07766258831285901,-1.8004527790677292,0.1949833693499499,-1.697429785380012
1641,1.4997037014855545,0.11117608041420016,0.516822753551664,0.7809127770434138,0.5083484214428561,0.171947427212616,0.8964943662733215,1.096966532375159,1.396267403820492,0.7762948159849935,1.2621901017011041,0.5299154963046654
1642,1.4872453291503447,0.8036585538316664,1.456135636781698,2.1156809621083945,-0.9454347472138492,2.410096385155392,1.953267084093635,1.4780478607446592,1.0333852195872255,2.189496729186342,2.473388668195602,1.8247614654149205
1643,-2.024971924673833,-1.57596305183148,-0.739099064609135,-1.471136522839939,0.0848096897286542,-2.1474796989385676,-1.3915844501369383,-2.9009223485624376,-1.7948625632299222,-1.5315016929272178,-2.973560284506836,-0.10599000882662263
1644,-2.1756670182489075,-2.383342515965463,-1.6122223217076064,-1.517910347810083,0.24787224681482314,-2.1428155281064285,-1.6292771543032483,-2.9848821840524926,-2.079289838008741,-2.3588343018721702,-3.050532004471118,-6.7042512205092075
1645,-1.8379140017442732,-1.1336468514046465,-2.0161002995013284,-0.8343906201274905,0.09758583911788624,-2.4693774909696278,-6.417325723418088,-1.4245328903183714,-2.4254381247464103,-1.6545827710061567,-2.2364838811002903,-1.7443936568035388
1646,-0.5796237313108153,0.06200506669223201,0.21889998264151816,-0.14492861089043846,0.5379043963751043,-1.867914741353736,-0.47943462453899394,-0.440360247016389,-0.7546787784588194,-1.2312653677736503,0.13477283493774503,-1.3334496428938318
1647,-1.4398645274618531,-1.1414712201828414,-0.2946451875073617,-0.0630214143547169,-0.4749343501205195,-1.7388189514495922,-0.2886152443532992,-1.1269768247582526,-0.41649248662399996,-0.784698870715893,-0.28548161027032415,-1.1071494857206734
1648,6.320022401663279,2.347873388954946,1.8883471813337083,1.8789781824070086,-0.009259399870604316,6.7449779439729385,2.3383564787391258,2.523874937184582,6.366020792609701,2.0392729292152807,1.9681724518078607,2.4734452251789185
1649,-0.2764960047005213,-0.5225082245628234,0.1447438126770571,-0.24409102667507496,0.6874674816216024,-1.2412235869249564,-0.4265782916398993,0.24942178719074404,-0.680300006696579,0.009834394928069241,-0.5199923487880128,-0.3961034009011677
1650,0.12935667715289054,0.21898610047448613,0.15776216404337678,-0.3367518307580298,-0.7828640977206585,0.5450327324251597,-0.045737792528801884,0.5552436754875222,0.7324069312462786,0.2972425216023223,0.471883616843564,1.487027100205481
1651,-3.220394421128037,-1.3787665138305678,-1.0120624301506354,-0.6234302645409662,0.41926926907439094,-2.7212741225625043,-0.8738058213302065,-1.0172593481927632,-1.7873562191584536,-0.8407958492938858,-1.801445007829804,-1.531730245155791
1652,0.589023518677792,0.4767944427557622,1.0941149604887732,0.08232748428591888,-0.7185549381794032,0.4637990228015495,0.956670186412406,0.3685660648157834,0.6682896742836291,0.8119989248445301,0.3980996485167864,1.1625268054662317
1653,-0.572079128798141,0.30327101118531025,-0.36916120416221193,-0.8657114120685117,0.15928748145975868,-0.5173266586923778,0.3851085037865875,-0.5666446216351767,0.3475565477845987,-1.0419671875303578,0.3710700096493217,-0.6695094792503624
1654,0.23162711512748355,0.044887143948009696,0.5810048496180465,-0.34851656954836985,0.8276211892754656,0.23459441357266003,0.2541765575247246,-0.696749092338725,0.33481118586087427,0.12717339086441462,0.9859296203341266,-0.3373604445028032
1655,-0.8338535561015192,-1.1618285192135067,0.18309625922778625,-0.7804534202464758,0.7133303977128841,-1.3181075917250913,-0.555112344234172,-0.87135886847483,-0.47139387608339584,-0.5521677389640534,-0.14769086619260724,-0.7956518816854755
1656,-0.16096325595453878,0.7253006600554437,0.10814050881114738,0.563032171152683,-0.07232434094192339,0.5420526241255003,-0.6720468946699629,0.08974479275984149,-0.716310657828647,0.3308103546904758,-0.29634170866212617,0.28307855925846526
1657,0.8277602147152053,1.6479057205076841,0.96863776688995,1.5950413838917614,-0.5640433017078669,2.5196462511240822,2.483742956006999,2.3367406761932172,1.8239804269909612,0.7185172496339944,0.9152907879496808,1.1115834070080817
1658,0.8893949868518766,0.8566687964817449,0.8446604232923947,0.8169958724119257,-0.49452073931789525,0.712161249873074,0.7227407861156678,0.3489182994036496,0.8779581416244094,0.8879742662830974,0.6449808836549872,0.8105404735023326
1659,-1.8212977435671291,-0.7724746069987382,-1.3548672738876617,-0.8547004424143678,-0.3595273601013509,-0.8313983370246681,-1.3505895151599023,-1.3357740542085936,-1.9185672619339371,-1.2907141904127912,-1.2928026743191763,-1.3724001350642572
1660,0.12485821670391856,0.49924466876258916,0.4864045649816383,0.07643740709252148,0.11302005412948435,0.5297405040850759,0.41375193406501853,-0.197995464101196,-0.030851205695387893,0.10761390764648082,0.023255806174386575,0.12713629253469041
1661,-1.366705835617563,-0.57942878875107,-1.9168651503243719,-0.6333980005929278,-0.11938646920978452,-0.6582071741180662,-1.0047767914193337,-0.9889215829137556,-1.5055558650977667,-0.8326709695101588,-1.881450631336438,-1.0585097524732991
1662,0.9135258031683002,0.7184013443234846,1.2501124275728368,1.5344188558319491,-0.48776018561385753,1.194702104659472,1.2487569205915696,1.2101940657195218,1.9500930974111501,1.8565838099424816,1.37410725163217,1.2714029797492798
1663,-0.5099756234504838,0.06856490084665495,-0.6126203370454195,-0.3644963808295497,0.3156464793737826,0.0006339367401135007,-0.38090929611955154,-0.5119385348433293,-0.8207610852792236,-1.5610966876515082,-0.082874444381701,-0.8268074407667331
1664,1.5221305160515293,1.8915099692485595,0.5933075787427624,1.0300656816511227,-0.022346408761069865,1.5110143152890478,0.7625205098524144,1.4657864741573907,0.8135259043433604,1.2403576820067777,0.7199271156368132,1.4636991381025988
1665,0.1682732191754969,0.3353838794368281,-0.5192968741854997,0.42382527601376585,0.04115771462698111,0.1584438838548271,-0.18784100232488934,0.27977068844072167,-0.20437416535683958,-0.18177148264868384,0.08990320724162401,0.23745748346726858
1666,-0.006953200668086014,-0.1842016284312531,-0.31523728384611877,-0.7338113033221936,-0.3223835988115813,0.17067090392385995,0.3084801121022026,-0.38943227184426044,-0.2817228785885017,-0.09901756235594679,-0.6814662070737687,-0.07419163346883205
1667,1.2734093763254546,0.5203555809377282,0.7145484106602203,0.8832571187432929,-0.19303937134437746,1.142546489524201,0.7992585747437437,1.2159342395446013,0.8271978422242992,0.8228376521824152,0.8896086854886448,1.1843965661333482
1668,-0.682099341966913,-0.5209552447062754,-0.24441930779169807,-0.6437470613163497,0.3951963898536087,-1.0366357167546323,-0.9788417932818094,-0.6534682465819966,-1.0200042290064284,0.34805150509497595,-0.5032603826032639,0.0414258636882219
1669,1.131787829128161,0.07823578726959143,0.42163923556798316,0.70314873784352,-0.24547608401369367,0.860813293516522,0.5001849557862824,0.13311060959198343,1.2141407890320148,0.2788293296365137,0.9820561438837181,0.9146256783911423
1670,0.1413467038423921,-0.058756829450915385,0.2594345967432795,-0.25671803054147274,0.6339435549290722,-0.15603470798523225,-0.07058308283674436,-0.2299533179042665,-0.11480466415431458,0.005694042571535646,0.09095556446732514,-0.6514426081497626
1671,-0.04021507514530208,0.04253675388470201,-0.038885191866553356,0.5842933054303096,-0.7026376864055907,0.029862702828212073,-0.4148437333197824,0.9395051638878552,0.04136651431145742,0.2788755352540113,-0.028108338608678802,0.2099883007705182
1672,-0.9156388807411768,-1.2031448576187205,-0.37461602814311196,-0.6575889841893731,0.28388535509841734,-2.309040056356876,-1.1811014975840264,-0.33329708157960086,-1.2815311802975362,-0.9502081936127028,-1.2754482160419804,-0.5524677837071165
1673,-0.3860321904053668,-1.6111941851912999,-0.8454321188347866,-1.182777939167058,-0.05567971868797387,-1.0344109570842321,-1.1879097562835863,-0.4806609221776647,-0.8148738001246335,-0.7528610266905575,-0.8244569879782461,-0.82572423508333
1674,0.4592591236814503,0.07070649932281503,0.14151456864816425,0.1040553792090795,0.44432449375922684,-0.3313178048665453,0.2711747356864335,0.06975499079549456,0.2979258680871491,-0.2619784147509363,-0.05029164856488859,0.27737861022765237
1675,-1.3041126992164656,-0.2023223795165011,-1.2256955571145822,-0.6152864468985212,0.377188800890763,-0.580588382965844,-1.2992241977137602,-0.5895782385997732,-1.3406102182285646,-1.3312104973744516,-0.7720772229803998,-1.2301914559573583
1676,-0.8365309970239125,-1.6358209667281007,-1.7139680182092152,-1.2524960083711032,0.46245784201541956,-1.6606642143415267,-1.2712706869476706,-0.866368984825908,-0.8875489319355011,-0.5649651506938476,-1.2345654202273266,-0.496667057379346
1677,0.2845667685360397,0.24442372113905209,0.6119675194641168,-0.09742066448540496,-0.2707033656851303,0.26629136264393055,0.5679855090489321,0.8636052483464266,0.6035492442852388,1.0247513997950273,-0.04749076091544715,0.3349414528794936
1678,0.39765864871145656,0.31728689600279264,0.9013892904888051,0.004513033232783716,-0.24480642031888677,0.08590985061114513,0.31709041829494344,-0.07525926964622995,0.311461434898899,0.10270974399732688,0.7241906829626209,-0.30684575655850893
1679,0.4818353609386414,-0.9113498362502185,0.37109124464545223,0.8857108176303797,0.10613025354119851,0.010848572101059648,0.5634079187959159,-0.5342307743392444,1.2970533373353232,0.4778502960518543,0.9089500906168698,-0.23241196001936104
1680,-1.1576826048502142,-0.43482093025435703,-0.4568289435390331,-1.710653840374447,0.3233579651838296,-0.5414028969533599,-1.5142666434009278,-2.349179294711122,-4.844401977072278,-0.4917917349521157,-0.9892520314960143,-0.6669054998968655
1681,0.22535688295928102,0.659026999051585,1.4537524844600667,0.6102411431967378,-1.0130492851586221,-0.35643516965171235,1.9359798563423194,-0.016747536315167295,1.4420861439538148,0.24397889687096178,0.16068527080573125,-0.015730574000222642
1682,-0.3578468586606844,0.6032565080043331,-0.0054001012816088855,1.8142321026350174,0.7170598413966719,1.1931154219034938,-0.22381631081650644,0.22522102730374713,0.5284278392617584,0.748008503480281,0.4950415080784274,0.392567449859476
1683,3.0453055572825733,1.8551231791563256,1.7690799063894633,1.7618542269319046,0.13187533779245078,1.3856213762179295,0.9019620268520592,0.9872538358949374,2.754986709188871,1.2222799150841663,1.3587212136512916,0.9526183942131384
1684,-1.4836272260714258,-0.9884855888953462,-2.0857078850555673,-0.579765569368226,0.11323699230321903,-0.8386373345062937,-2.3328312693893842,-1.676251674648504,-1.5310315608607867,-1.2297952587220107,-1.4501782799767768,-1.527537008978734
1685,-0.59027601403209,0.21311566629149598,0.7074800915177923,-0.3796058242596716,0.2621596039144218,-1.5367828335897624,-0.21004194007333676,-0.8803301708727373,0.29808684628659493,-0.2907648463487439,-0.5627415894167067,-0.6301439251724802
1686,-0.24004000297970757,1.433707257594795,0.6457081440299717,1.6139727522195126,-0.7016453444089563,0.5297178759322897,0.1883582660463099,2.043149483635117,0.9667168633086839,0.7211662920867893,0.2180105518351898,0.4425195992123464
1687,-0.22654053506813251,-0.21057275320569746,0.3803569299777047,0.05359975591459368,-0.05973230275456448,-0.23855307115949675,-0.23429150095049922,-0.48331052310153505,0.5432978035345429,-0.23919941722233046,-0.18816720982004767,-0.46844457920435056
1688,0.9806435376549897,0.3769291119370484,-0.3786497703464553,0.40543667569343206,0.7410085609669625,0.8251460004545821,-0.7818204625789529,-0.7351972463735399,-0.2590234804186488,-0.30563503279709187,-0.2490567024540865,-0.5076962315433076
1689,0.4553304474370313,-0.3263860767014998,0.6413094227776835,0.4783568462453506,-0.7348036833888586,0.18012036546835222,-0.22618641804075526,-0.3937305843604593,0.6890843912420744,-0.28968942660986535,0.07446572704292165,-0.6024175136888701
1690,0.3248398063035042,0.8707043748885709,0.13607960602478836,1.0898244229886629,-0.529857920213141,0.6654618537425596,0.4831846871984732,1.298777786516718,1.6200370723022521,0.16395880770387297,0.7384592244931143,-0.1104020059047102
1691,-0.22638973533729095,0.0925577585918759,-0.32024597083296596,0.07547251163033644,-0.4804084547532563,0.5151736958091977,0.11964209996283179,0.08039788474007635,0.8769019558460304,0.5140582650411615,0.20635646297479762,0.16067246204875185
1692,0.49362293108180844,0.25692747704591945,-0.02976324827352381,1.0666200362081246,0.29061976088212216,0.2209726033493415,-0.814620666054059,-0.08011765166315733,1.0946319214204783,-0.035062527358833744,-0.05678412407297692,-0.32309437971339217
1693,-0.9455901284593528,-0.7590733734941945,-0.4452502508275229,-1.3805399700429213,0.40639821085743727,-0.7640698208978027,-0.10386373953812585,-1.409188459943268,0.9813017441048085,-0.5958617872517058,-0.6932622309226609,-0.800832890840708
1694,1.1428681912188905,0.7661195471257993,1.230878781730649,0.7324081829036406,-0.6579766038304622,-0.0616098048617779,0.6489206501911425,-0.008244265369139242,1.8064948827725167,0.33528649006102923,1.1989551125267257,0.323562700751325
1695,1.6877547453685624,-0.2747718479225838,0.5170267709457381,1.3315799661344176,0.25437977629982655,1.475198547572316,6.260477194124212,6.054082029200867,2.0550933004199976,0.6809372640368175,6.347245925409662,6.056246558546839
1696,-1.1431783237183024,-1.4130644591450496,-1.9296593655522558,-0.9768763536177715,0.07943247356275127,-0.9944012969898526,-2.3060093859016733,-1.5590185004620412,-8.738377480619498,-0.5337172824800148,-0.44119436947923363,-1.3020919999521074
1697,-0.6397906546790679,-0.999931622472484,-0.4143043803250206,-0.26867974558124447,0.07312433968468231,-0.3427212483232803,-0.4632990867762315,0.15514059569776126,0.2516143148971517,0.6811883023535802,-0.5424931764003932,0.07331977684454413
1698,-1.3447601835257128,-1.7203612280754619,-1.415862240253359,-5.737477695765918,0.7848207429176083,-1.3159144002610732,-1.3274774108878278,-1.2527068004673405,-0.5359273141848808,-1.2993454790013597,-5.624811294933947,-1.4462104064506318
1699,-0.09080484022704834,-2.465249039062758,-0.6809925993024005,-1.9761651677023275,1.0777644385636398,-1.2908048007763329,-1.2478466491042026,-6.2654923986655815,-0.975254385252477,-6.1846356548882095,-0.6219987978479561,-2.148854579627886
1700,-0.7629863788418856,-0.43334223144386014,-0.3709806583348341,-0.7735134222927236,-0.44441369403561914,0.061871896727866596,-1.1733666695752811,0.8590982983653885,-4.029009294588545,-0.17375684385181497,-0.07742987867770132,-0.05291652633018279
1701,-1.1673531511178772,-0.541678851680573,-0.4778723365314316,-0.24341524550396454,-0.5508078876390912,0.015485813771455595,-1.0985038115710841,-0.7980951649429601,0.9660779159424503,0.22516444405010502,-1.3200599628660157,-0.6655538666671345
1702,-0.4083600925606303,-0.023825304933265602,-0.31217112375463885,-0.06578249568635011,-1.3674242816643953,0.6208080403962111,-0.6492503215027686,-0.7181250686678259,0.9324484790468492,-0.216786948054492,0.655299941656582,-0.7837788980486633
1703,-0.5622135391336888,0.7468427444051389,0.09784060307756047,0.4399295277405486,0.4808967154270078,0.6412309694584646,-0.05378045793901427,-0.08255639002575474,1.5187991282653661,-0.2707023492299301,-1.0933151286996983,0.653995189298127
1704,1.4503461177670744,0.3788345026441722,0.5065325555677367,0.1572707036778817,0.019769201125391954,0.442679300051182,-0.19253247140361007,0.1601803883700375,2.0205370431646164,-0.45201488138139395,-0.12208344335201284,0.7246628601543736
1705,0.4377871343202022,-0.5188711243501407,0.3835940765981621,-0.5055191485698421,0.6030993765761826,0.3696962392933651,0.965914278980078,0.5912636355422484,1.7313998678293823,0.475411457840556,0.913893682010592,-0.6323910821540853
1706,1.132401018580985,1.3066342614734743,1.3247368947347797,1.0616027911509784,-0.268849802255552,1.196198242112054,0.5519747748968834,2.2650698513202734,1.7988270647016629,2.0157025146327645,0.4395406833008102,2.388055677675123
1707,-1.1010313515956818,0.08987665251937993,-0.7924411883366401,-1.1481262568018733,0.6415625186704806,-1.605059748129294,-1.9318966899871295,0.2261906666178146,-7.992132140964033,-0.7317143588566506,-0.21119719281013583,-1.250855381344955
1708,-0.1824821329419902,0.8155689509811382,-0.36291360316850957,-1.0637868360184592,0.18820953336578283,0.9301433950113227,0.555735297631108,1.2278582651132135,0.17095777168293702,0.10169138513074771,0.32717447910952535,-0.5487323532653217
1709,1.3558987734542942,-0.021201252742555275,1.6963478215193666,1.9732476647406416,0.4657432729792643,1.2925704807021012,6.30373070228851,1.768252499898768,3.2107512227419743,1.3720308700291022,1.3671597983951713,2.4113982806391303
1710,0.10378199017704984,-0.7816017507070087,2.070942168981184,0.4748490213229981,0.47221050065983805,-0.626855213620547,0.3845283731740575,0.3892368280580938,0.46133039728847747,0.5215859489761328,0.6206098722677379,-0.7897560803075737
1711,-1.1161858777918876,-0.4928630506045488,-2.1656951741015367,-0.9584449952245417,-0.4746214057131988,-5.834640509459144,-2.1364097021432356,-1.471324940630205,-8.099334800364304,-1.8819718454951542,-2.0335867247905983,-1.0489946637518228
1712,-0.075100877032277,-0.07681425303249491,0.5827604086970112,-0.15472458774080017,-0.4586007453466038,-0.10682087083182758,-1.1596482773893622,0.5775897884658285,2.024264974996203,-0.27777626992995885,-0.5506092853445476,0.4651336977336208
1713,-0.21482692367087297,0.5562104371944196,-1.5059524748934707,1.1459215974363817,-0.3741725368213313,1.4207606725587003,-0.9008428550112326,0.6483448685493256,0.09389628679277623,0.4324968324069411,-0.7132913040930495,0.8267819914140693
1714,0.2910885294441889,1.028723074847675,-0.0012368400420107177,0.38385045969225323,0.3905699304816569,0.526125080341669,0.47611310971779175,0.2912481560241812,1.9758319694975977,-0.46241560354193845,0.43063931067793787,-0.3680180109658165
1715,0.5806458119169822,0.5069336394576884,0.004505979130111174,1.7186384659734422,-0.3330177725315407,1.990978480089391,0.7025373246826545,0.7613931645594568,2.936744802336854,5.76167340141668,1.670005739645345,0.7098187277388772
1716,0.32939581638770465,-0.07417739776961521,0.0029955023554797153,-0.4658321095650398,-0.06791736401005882,-0.04436747737829952,0.6035440809258061,-0.4301324402488634,1.2538637633969563,-0.25398209593904414,0.319248241373265,0.11000503461967284
1717,0.4950509034759722,0.7361021424745948,0.6064092311918059,0.8095920373954566,-0.5008724772346884,1.8884017819227712,0.5089482439562092,1.4222170569098624,1.5608096617864777,1.3313503749517808,1.4600381781442784,1.108014981738193
1718,-0.18660594517079923,0.4614614006175994,-0.8489982155610523,0.3481396520158798,-0.07547702277006146,0.3084529380406078,-0.5829483195515949,0.5607673962746881,-0.6287608363110561,0.510681461823456,-0.10072008465139698,0.3239945939744442
1719,2.0713903360412855,1.256613056939912,0.09099417031993852,0.7602567149674367,-0.055364034354364745,2.4161716314268626,1.9938440667800095,1.3280059887495093,0.6436235976368744,1.2477907368309666,1.2249833974542157,2.255552991722937
1720,-0.12849504944320003,0.7398220489613503,-1.3821176700129028,0.06071630642861295,-0.5389582803319674,0.36672625596258196,0.2463746298895926,1.1067486972552179,-0.6621581165359338,1.3710935507436515,-0.5122359962443506,0.721958686073566
1721,0.5533137239171899,-0.025800024282991753,2.0743198606848416,0.09460486638424044,-0.48400428746901636,0.06007586646860165,0.4489870158538008,1.0067616097425514,0.14904318621777607,0.7448110418141128,0.2786638740263994,0.4535637961519823
1722,-0.38379355430088413,1.3125017624465336,-0.5603505710624753,0.6771789451669815,0.06992923977416457,1.3302687802419506,0.2241985563046407,0.7450971161002341,0.004041053412182919,0.03268120489041413,0.15076774520059183,1.3416213180929608
1723,0.18918276844904638,0.5061985034159066,0.08574068106896701,0.3023562100283766,-0.5428716039088517,0.8157552417925538,-0.06915095739018859,0.6853572632856922,0.7154735629594345,0.495288416665296,0.1289416734896921,0.1704096526701779
1724,-2.371412731904677,-1.1773648733802433,-1.9620551870824798,0.7158635500499919,0.22838703535893545,-1.7112387568870906,-0.5487718788702438,-2.814861205160175,-1.1301688660620264,-0.8857639124289132,-2.0725087586430897,-0.3413905058602374
1725,-0.24296700430239815,-1.4475916875305392,-0.22704187089332561,-0.5282092190895044,1.012060029772202,-1.1390328983468987,-0.031012351980298197,-1.9727810801416725,0.35772729970647926,-0.8741547547230571,-0.1828826433063604,-0.8784363784317684
1726,-0.8638139585913475,-0.8037101633285642,-1.1583347636780035,-0.36594386431753373,0.4887048756180073,-0.7930038174656476,-0.9364691828693886,-1.551095357042483,-1.6270491458042573,-1.2921181529642578,-1.5195299722371585,-1.2056923101063477
1727,-0.785815583748207,-0.9860581936860655,-1.2138862813023372,-2.0462125613204125,-0.4101138397724476,-2.1072875135930667,-1.9550634426190703,-1.1485925266126398,-1.2084847951443887,-2.222161530051923,-0.5411202690396267,-2.1840362186982345
1728,0.04067207653735147,0.39716858576457253,-0.2521618435449962,0.0500329457793166,0.0640675855821634,-1.1676203066144992,-0.0038043396734624294,0.8348189190408819,0.6842665049496183,0.6940040835890634,-0.45069412914407103,-0.31081751847360545
1729,-0.32140085514838757,-0.6027105222276792,-0.14158972944236897,-1.3393588794885167,0.6943453969126767,-1.8132592281434066,0.2963640099102594,-2.163572767745179,0.12390564495771604,-1.7672727533353867,0.17227005128921621,-1.6007895201874542
1730,1.7621921534648173,0.38296546676709203,0.8686697096608389,0.23914390733067045,0.45301611772425315,0.7730683080900747,0.9123022718913316,-0.21634871915707085,0.3969620606740085,0.27268840438508524,0.39758963761377863,0.4053979868621909
1731,2.2111713076724726,0.4759533390410909,2.506626962016176,0.6540491162503596,-0.05631587093144819,0.7715010720065374,1.1489361938888671,0.6861690449879577,0.7020992907872171,1.201933103410353,0.6525187934203571,0.6916403370036129
1732,-0.05022012201647806,0.10636795752468003,0.9611649247391834,0.1752902119748358,-0.7596067343409116,0.8540325982368121,-0.46063221683833394,1.5773382599312236,0.6796026226072441,0.39661384697183344,0.6145122273660217,0.21202810995603474
1733,-1.9884484422381667,-1.3319187925947806,0.5526106314379609,-0.6074998726959879,0.4130738641712244,-0.853011921589032,-1.1921022986827587,-0.08602969641851407,-0.760932725837079,-1.2574651225722222,0.29940627526160873,-1.1630200024884163
1734,0.15876336998478563,0.29014017689029536,0.20228604558854268,1.675964858781615,-0.2343573568796882,1.495269911894162,0.6021561943956393,0.48849399638163155,1.8092100691221524,1.5368394830349423,0.45181746554725144,0.5534870046017598
1735,-0.08079130841879809,-0.8687541378678582,-2.1514168359595236,-3.196778909720074,1.2076410639424842,-2.8726952851411736,-2.5410578422423757,-1.2278537548335289,-8.82981028957146,-6.38161445038644,-2.5995240078978274,-2.0039954905917585
1736,-0.2462720594724261,1.0792804335076118,-0.10717003129506893,1.0674537143396665,0.22626168500436328,0.8050569440896789,0.06821090529704531,1.3670358726052996,0.7173915298511528,0.7576118151796839,0.0396160964515506,0.41775213962190466
1737,-0.4560872174091918,0.37974136146361137,0.5098828898428962,0.9873347727805067,-0.04436445994186164,0.655132958422516,0.627075966496284,-0.4649581883382298,0.48557439783686235,0.9041737977553503,0.006549094607928945,0.4704075678585838
1738,2.2590272857855926,1.112929124557764,2.82023779960495,1.6264094864420051,0.28448267316602843,1.4244457816092477,1.6162448221300703,0.5614680942713788,1.9587017134283344,1.4665794327716841,2.67470998849529,1.1190057919981977
1739,-0.08022323190572767,0.5480643182539183,0.43661536891164066,2.5575669027114514,-0.9987188493815542,2.231464621339262,2.089375060029482,0.23717084789443546,1.5478763434304832,2.4232843564621183,1.965691449277078,1.900289477430124
1740,-0.47101785363799853,-0.6303292364846236,-1.3849418962883402,-2.0205285650117393,-0.231190797111193,-0.8519441253013684,-1.4886307746472778,-0.632465802051657,0.4655083714104552,-1.091792639292445,-1.5214619748775835,-1.2179851881880217
1741,0.9281825691902401,0.9116798115664568,2.459852028332312,1.1153431500803883,-0.7126836491805055,1.4346638270556322,2.2814757518263917,2.220956420209186,2.824026394467655,0.9237985171237463,2.6073654919193596,0.5482971295893787
1742,1.059212568756044,-0.6144642133770536,0.18802641320001143,1.135530898172797,-0.06687894732330689,-0.30796095853068584,1.123175183731588,-0.3845981634877438,0.09477556434253623,-0.3686122800894595,1.2012271075099372,-0.5106859082448808
1743,-0.2613653615503881,-0.380847425462998,-0.5126585531530634,-1.274738753421987,-0.19813229362612986,-0.4908192527636054,-0.48541734542823645,0.12580248645617575,0.27596423641797474,-0.19049380863388704,-0.5356034965523505,-0.3315070767919259
1744,-0.3985542396529646,-0.7753839679167911,-1.3418770509274665,-2.6411845895110906,0.5254217967297763,-2.1250541437866635,-1.3231313831633835,-0.8765458692177378,0.19172313777768774,-0.37210295955583517,-1.436226000976659,-0.4455140103531989
1745,0.5190142380524811,-0.045443434554047715,1.8791739873414612,1.1973008387115192,0.2823637623218551,1.0031338918280583,0.8525141106510047,-0.06004150598030963,1.1880585396335732,1.0482798751777727,0.8314899680300462,0.8258055513924302
1746,-0.17249024902869853,0.3112627358984842,0.1998146015653303,0.6361274514817716,-0.1574211853252382,0.5226095938466759,-0.2804968296474421,0.8599638925954082,0.8091963912906582,1.1940380469630867,-0.3534587429900251,0.30777306939904886
1747,0.3269498457935953,0.04715655466661601,0.14680872944009843,0.2573840683370218,-0.03417686899243321,0.2565055834099383,0.12556472777313799,-0.21460612412034671,0.786815737408855,0.27241734442256305,0.05942342540924703,0.10831690602106062
1748,-1.1888954553748905,-1.272570929888021,-1.3613980646742758,-3.541722514412432,0.44722496541447654,-2.9954406780584937,-2.8556940740702483,-1.1945430962923522,-4.784462097781337,-1.5741333158016977,-2.9221325316169375,-1.4594624077759946
1749,-1.895452928822236,-0.09246123336807197,-1.9832354179294491,0.4185371335852111,-0.29547153270259824,-0.18436867605699053,-0.41136446513051483,-0.8052790984714986,0.45944999920092544,-0.5482732102104382,-0.4694833178457907,-0.2819845455686277
1750,1.300279298340097,1.0876641503082056,1.7389103631114755,0.9012742025985316,-0.2842225394141303,0.9290848335198502,0.26094302726538354,-0.30348971659903384,0.8856641724881632,-0.16697088584218672,0.8183888353882233,-0.3382449280714956
1751,-0.9540141719821417,0.36062515423304314,-0.8207340031307531,-0.2560612052940185,-0.5393982421321161,0.6511829454441187,-0.2878424060302027,-0.3304608965617807,-0.9181145165350901,-0.5104274490450277,-0.884029111149582,0.40883666370098054
1752,-0.535031475449329,0.5740770283070878,0.8211285985172317,-1.1049852131433389,-0.5672429783574416,-0.8011299506265563,-0.6248136732448355,-0.2993678139530691,-0.7491290721102832,-1.4148949678436806,-0.21642377262982523,0.3270556550776376
1753,1.6690515710659881,0.7511268872557231,1.0284259831400768,6.14546288131807,-0.45564529327084025,1.7946295336334994,0.8376766044640757,0.4391081100542163,0.9743376936207012,6.421906550048178,0.2837172337613011,1.9045741404151593
1754,0.9907878331365116,-0.24170391689133966,-0.8867711374307865,-0.522703604991799,0.023510051519083475,0.1554372199216197,0.26976125123316663,0.17754997234798744,0.26530213819708415,-0.36343505581545676,-0.28533929939671854,-0.6013040640527343
1755,0.8800853369954907,1.6590951648574466,0.8414975959304127,0.08674622609884519,-0.2111448921970537,0.2901315807159755,0.7726432294711547,1.8299380212371787,1.8039637296490443,1.4406169107246893,1.7328396082599744,0.36614117162868975
1756,-0.889385328570007,-1.8526287024334067,-1.8048988392528484,-1.9019647994436537,-0.14377195895436282,-1.7645049372823318,-1.5497912743038698,-1.6024249484662212,-1.5381003974771918,-1.0412140178846103,-0.7340744229572281,-0.6502525409152397
1757,-0.22228245311955133,-0.28833967743009514,0.11464559148073632,0.7347065657188235,0.2776194900879027,0.006967278859205532,0.5129230923151181,0.5187101948652831,0.39806901477736806,-0.5637176497512485,-0.13715217511565217,0.19504273756386373
1758,-1.3908153151758682,0.08308413111551426,-0.9641419114069903,-0.6466354261065878,0.4231027444684611,-0.3560412154956788,-0.814759876521358,-0.4183537612670196,-0.9418703913197106,-1.0697066543149785,-0.99537862609233,-0.6401678485608083
1759,1.052411693653636,-0.34905694239146473,0.9678431864318453,-0.8280080851111937,0.29951002374732955,-0.510839044410162,1.6072222562105192,0.15023086335728117,0.9015417501348171,-0.0665374386086034,0.9198170682682494,0.12668491555192413
1760,0.2988112283849025,0.7595747667478787,0.09739777956703481,0.6289547505963853,0.20286532357928075,0.8049667815256708,0.08689278293784175,1.23500066792981,0.8305977314294363,1.6995121295476943,0.6297876200107463,0.6180906332298557
1761,-0.7360723780749401,-0.11553680858784618,0.11567418558260388,0.005056115366904539,0.525436108699125,0.19115317165645224,-0.5911205787376086,-0.23650106151588088,-0.5736463475504996,-0.6653335894981628,-0.4695309612223512,0.39792736978490845
1762,-1.172173897943843,-0.21130469452366352,-1.432845907479983,-0.5438896624422785,0.22851782454481584,-0.2999574316754595,-0.4236000647079672,-0.38215863041809206,-0.38692220330761196,-1.3713704697520825,-0.4582730102695349,-0.484027525707986
1763,0.02092919766616929,-0.7197928708461452,-0.17501717757848756,-0.703708214538958,0.3710883625765358,-0.29979436467433984,0.16107658938130434,-0.019747651927802437,0.04733505029298151,-0.08593380174837989,0.23853352203039505,0.06864651966990724
1764,-0.31258122604883515,-1.4968836628641644,0.35888567187932857,-1.9942445048212478,-0.15022402366146811,-0.791286360846828,-0.21721095580519595,-0.7580333439749396,-0.9990283517717498,-2.24249360241435,-0.44288250557160297,-1.6990028930348342
1765,-6.082336935202405,-1.5389939416125038,-6.095001392743112,-1.2794958909252878,-0.4392354470571094,-1.7935750698041235,-5.951277320534803,-2.0966322263795703,-0.44848526123367755,-6.289031985062396,-0.8239823421344568,-7.277964251858015
1766,0.9435329424821558,-1.3139504431643219,1.0135473066738983,-0.19396358595624746,0.49815059544947543,-1.503652438593525,-0.2854922576030155,-0.1566081311484416,0.23759317145770445,-0.05226533652322649,0.3710930684625492,-1.4306936772709187
1767,-5.170475973666315,0.12817897850004292,-1.4796685530107774,1.161791990066104,-0.992474979387947,-0.13521604521630315,-1.3754851666544419,1.124320680593525,-5.970565584827912,-0.23952241223313425,0.19219466219143208,-0.6870743756551172
1768,0.45478893580091356,-0.628360263606421,-0.6760758816887126,-0.3550794857688385,0.6416661487561645,-1.8550965219131568,-0.6213981724463316,-0.7523300372084663,-0.9200103637052237,-0.7006684516460241,-0.5301492988430196,-1.7539202733705073
1769,-0.027337945947791164,-1.270221039024447,0.3564284185670843,-1.7747064130552235,0.33560194914715996,-1.4147232331951303,0.1469980814048762,-1.0194569546913466,-0.8196506304702461,-0.02273671292826285,-0.5419007946397397,-0.43344496112333397
1770,-0.8492114398950051,-2.316839923228389,1.8358126594740645,-1.9614986624403032,0.11617718915738877,-3.0096248298726125,-0.6729087220540574,-0.9327811031924335,-1.322387115921016,0.2740470431148195,-1.646096101458345,-2.220818806360183
1771,1.0313135926468702,-0.018978418147375675,1.8462619903061654,0.27826694192144497,-0.25543855165087076,0.2265750811721526,1.2874415406782285,0.5751092110467184,1.12436420102864,1.0096743207597463,0.6059209830469496,0.9099230519170185
1772,1.9102367449397948,0.770191100635635,1.8385630136208873,1.803871487009329,-0.07131451249642021,0.8642850140653986,2.604937367673154,1.0568968696075416,1.6889642606288056,0.9064546394657913,0.8965494610179036,1.7076375774593981
1773,2.928687530137207,6.617010234565287,0.16378562417753786,0.8733279847153099,0.27610722571266233,8.783257699601025,0.6651714016451516,2.2360576457791055,1.6732528157550015,2.21030228865754,0.37082105041930025,8.848989702834333
1774,0.8537060111436143,-1.0785293693604885,-0.7638843046634214,-0.29793932222478386,-0.22958798199975072,-1.818693769888869,0.03265567728511374,-1.2492262295296155,0.11292983520264108,-1.269371435787843,-0.006535245241922993,-2.0567721945556854
1775,1.0912888155643772,-0.5873896973832589,2.392615219079477,-0.49490406007898624,0.06074714314879667,0.23140493798777437,1.0452387669454712,0.5005783225048238,1.0179411264788496,1.9743391953442053,0.4615457821281963,0.8080626167760652
1776,2.655978820612084,1.7710220529173537,0.42969839620180855,1.8614589666600698,-0.47425818908654965,4.823854025470544,0.7456046779185773,1.2594462385827565,2.1519711338946355,1.4099594293065179,0.7915155244272349,5.043090505772067
1777,-1.0309269186232848,-0.4905550676915347,-0.8797972525494185,-0.6711373178849932,0.9279561610823545,-3.00112040993166,0.23095100299791657,-0.6459363371919721,-0.5652492585569451,-0.09437427408359661,-0.8191300234720623,-2.5960917619688533
1778,1.2907557933938312,-0.0425841056220849,0.01771471618367341,1.0500073987322138,-0.3940967601957301,-0.3976743849880917,2.147563122743944,0.10056205122664084,2.0393316702684987,0.8831936916148445,0.678153274095721,1.1390768474028365
1779,6.064352450930159,1.0580633479302206,1.2479013362800737,1.0540525154720226,0.7741461402678012,1.1143741004733245,6.138387286250966,0.5818675353809479,0.714583895365629,1.2520687473616257,1.2921259815225414,2.001678720608271
1780,0.03136132314260027,0.03857348384510949,0.14588864801591,-0.07435370591112417,0.5897867389541266,0.33097840211695884,-0.41454698389053235,0.05350146301290268,-0.523371477066461,-0.2027467989635676,0.013746576006394274,-0.24788224004916798
1781,-0.7801137181211009,-0.6978508847349807,0.12427665020367291,-1.2130945405027393,0.20920841894029235,-0.5771471693347713,-0.46716283341308834,-0.17475776872475554,0.21803158620490648,-1.129843906800117,-0.40305310190244237,-0.04381503808004388
1782,-0.8221906801933683,-0.5020665138039083,0.2930538271703115,0.43171273481293876,0.6169904802797077,-0.047403233461616866,-0.37127030272540446,-0.06659779392918963,-0.09688877978458985,-0.6430103246397872,0.38525055692978605,-0.4828646504138786
1783,-1.2566697439026613,-0.45056073129436647,-0.569865526070705,-0.029670230116078868,-2.576638644478626,-0.13425065921871918,-1.0197988258216737,-0.14685156381296868,-0.8044763611790063,0.5204488659673455,-1.0114379374762223,0.003968228935629584
1784,-1.1343532267489829,0.3873573096948701,-1.3065975867603223,0.09858057049532643,-0.23251567137864407,-0.0580460910327249,-1.414269868209284,-0.5558305540572495,-0.6727936893775708,0.20059480591470571,-1.4673725208431625,0.22344493705071117
1785,-0.9599005723815908,0.4211377489670288,-1.217152291990642,-0.5959749900268325,0.28644857905706533,-0.4698211787254086,-1.60258544753493,-0.6123420611081934,-1.304785980338344,-0.12227155293071798,-0.6447809380026481,-0.6727366494864557
1786,-0.35817366730955813,-0.6087597257604552,-0.786067201974318,0.4266583552581254,-0.8297810398002538,-0.5116902750690249,0.36333473479293377,-0.11826279025922104,0.364479576478356,0.0344604169087039,-0.7891716804117763,0.16806857867256628
1787,-0.11327456062005442,-0.058506859328783474,0.019468098288408685,-0.03656626711945173,0.7796139501282033,0.03187968371384295,-0.31678865313101673,0.10522394662050641,0.14339624173663446,-0.0766083117834434,0.2768920314947741,-0.15462744247544008
1788,0.0671313515515492,1.0241844089509502,-0.2861675882212439,-0.13781112822140967,0.4930082782863695,-0.09093303721029689,-0.020597526248257142,-0.06871672149700622,0.3221300946258313,-0.015073772622683314,-0.12654099754938558,0.16759833636942162
1789,0.4576138931402306,0.38367214502570546,0.06378527520077296,-0.8867144536165347,0.4723878784916413,0.18094221106564332,-0.007210829700728727,0.010326325770202413,0.14780155065455527,-0.9072254053427051,0.7441846567928749,-0.8318739068078203
1790,-0.4583050438539449,-0.05305427743059499,0.9898866476229871,0.01973648174871501,0.24502140721466562,-0.056254681612327884,-0.39067785346574,-0.1318958009287696,-0.8217271886582433,-0.016346020665302875,-0.35211598502980995,-0.4889384611419021
1791,-0.025921753475924555,0.5368745211125141,0.6820056686234386,-0.05464628111208083,-0.6385441393303163,0.5533399235484691,-0.09119637011914158,0.07321775512310671,0.6746654354997212,-0.06074810878790893,0.9664909900353368,0.41272513726344995
1792,-0.18717385523655566,-0.5135170607909878,-0.06534078336059844,-0.6548434022477404,-0.8422518762403686,-0.0035880215351487966,0.1549404610087935,-0.3735850362330861,-0.060260310557529395,0.41086454343010415,-0.18855473662448902,0.08227018626594482
1793,0.14641641200757305,0.23414509219700488,0.05137758961753271,1.26508703274053,1.1388152640051354,0.3613937176463418,0.20391106548321516,0.43821339480968563,0.40160241844278344,1.054008392207403,-0.09866725125080654,0.9597641494573296
1794,0.03667080106175336,0.3544248458379723,0.06306447991459052,-0.8022148591845737,-0.5108049880885787,-0.004502591363318606,-0.6638540080323019,-0.06109670352813208,0.10885314554641967,-0.31821910549213706,0.12619158025165056,0.3903782102669252
1795,-0.7074693464416876,-1.554116861145941,0.5504827783871136,1.1900621966478413,0.025109214841763903,-0.6192710846032116,-0.08061403318884225,1.0475863825609177,1.1887598534997428,0.019647544215439995,1.2768127858446863,-1.4871580884761675
1796,-1.3888106816649313,-0.5754434327277498,-0.5396603286867171,-1.5113940540789144,0.7292079354538071,-0.8641170708404051,-2.128545677250404,-2.8984023791759035,-1.3198292523191644,-2.051457916121015,-0.9779551326478253,-2.1505050733534423
1797,-1.4583697736885728,-0.708376224092069,-0.8852855333198607,-1.4061476881464305,1.0618007362223878,-2.547916502352332,-3.3311985930847454,-3.0331063130926887,-2.374386470444207,-0.9423423016216542,-1.3630658872565462,-1.710079312119225
1798,-1.7822637106637955,-1.023652715263333,-1.0051688764189342,-8.354351773504767,-0.3868820749526312,-1.5884498394745388,-2.194582926859464,-1.6942139213189629,-2.8258451027143665,-1.8988546197830103,-2.174543793294908,-1.224923925460613
1799,-0.9064591469823261,0.5700668631550551,-0.3075015149120484,1.7339806778706173,-2.0583249020437804,1.4193392775176548,-0.6252758504012264,0.6789679069353586,-0.9636530513148432,0.9606501886349682,-0.451143592372189,1.183949664092472
1800,-1.1509597471603856,-0.04231603412862707,-1.7146974673264883,0.6676523170036885,-0.7745208848779458,-0.45898911256792985,-1.1713308586756683,-0.9840863977792249,-0.4981987208218106,-1.6588145747964362,-0.65976067364634,-0.8657128830477077
1801,-0.9029254510907475,0.061754683398210754,-0.4090470309481207,1.1191132977687228,-0.693547224666512,0.3536323353019911,-1.2393555465256794,0.6905323631962008,-1.0176464005579964,0.22549881939003869,-0.5251566804031751,0.2665975641176418
1802,-0.4768120138101391,-0.47600976589023025,0.08963210210306322,-0.002925730130143726,0.2661922753607315,1.8442480010569167,-0.38362736129092945,1.90800138994011,-0.6297509181952274,0.06425483422305982,-0.14890807777017334,0.7474886213532129
1803,-1.1572490401085054,-0.6130014068539562,-0.06044775070685722,-4.417467279557518,0.21165855428569058,-0.48658815918975107,-0.9239544873985165,-1.878459412006404,-0.6884378908503581,0.2714250718827392,-0.5634318321395685,-1.0309977777932033
1804,0.6924262758160377,0.3971004946645607,0.46232979261383056,1.50355610254539,-0.4036946458017273,0.28492402314040505,-0.9868769491433218,0.549113529610501,-0.33895914498441304,0.4976910636298764,-0.04577523851457143,-0.28350351660492784
1805,1.5569206498458539,0.40250195510944325,2.5859647299312707,2.8784542286668837,-0.11900475790157082,0.009993812093073859,0.44181600799843296,1.1044846826246044,0.9101537501242792,1.1230744545860747,2.2612605916376234,0.357822274308459
1806,1.427316025046446,1.25698504519616,0.8269990226305206,2.21879231425608,0.6546023638043263,2.1787025757059486,5.228368095379599,2.5508007402396107,2.090098291898463,0.5099399176995868,0.5010041064558248,1.3379360953035002
1807,1.1319409715599271,-0.44260051282836516,1.072300505647009,1.9636480987388756,0.3724675108364675,-0.6909469455124578,0.8730805484491422,-1.0072971617741178,2.333171823801335,-0.2783437214774579,2.278039524180322,0.5142871344798945
1808,-1.1521773156984991,-0.3558418236620561,0.565063606760335,0.1374620181608484,-0.1757487892368353,-1.0134408514020368,-1.4588555816667157,0.8210685718667837,-0.6750867421727497,0.0317723363421398,0.3286039112989764,0.03750819448918605
1809,1.6815534918160935,0.5335366626588974,1.4181102119854534,0.461199445329248,0.5857302637748196,-0.2527184708298935,0.05465449616605355,1.2464212646994945,-0.978341000964645,0.9976606429029674,-0.9091057362400413,1.4832493313039012
1810,1.4478967568586316,0.2681215167987928,2.070877293187234,1.9113062175742892,0.04775649149376027,0.5655605564375118,0.246279013565998,0.9960923836794672,1.3759712552585546,0.8973740903617651,1.287812608061394,0.17304146398054493
1811,-0.22266293232274664,-0.24019207559685737,-5.972627212937375,-6.513649137634175,0.6388381834415374,-1.3669622822381144,-1.786600686526792,-1.8594343137515845,-2.3007328050527693,-1.1360517515087334,-6.312427607685601,-1.410024037511945
1812,2.660635819696006,0.9873668857930186,1.8031585270333637,7.610771138677438,0.04346894926477857,2.613728802118802,9.386006526691567,2.8095171304315714,7.901472472706805,2.3865235230178325,7.474553607833525,2.5738662480736973
1813,0.2596435053233167,0.14854830782461165,-0.3980601804961394,-0.7006998328827845,0.34035976372009674,-0.5506297513085865,-0.9739974422567793,0.6684831135550787,-0.10126088923864439,-0.7404803796473165,-0.23092077066434633,-0.3112036510078925
1814,1.3776947003533961,1.55062341008117,1.3013030173307452,-0.17048025605957615,0.29715391113970474,0.6374212733329264,0.32609629559519504,1.5382732031507396,0.645163893487165,-0.16567430228073435,0.4913345503820327,1.1157824001431835
1815,-0.024965724143100075,1.017361047684297,0.18789056919008296,-0.2587212309987021,-0.6201439117116185,-0.1728140889371578,0.17714119439048245,-0.13727693980188913,0.4929842069215471,-0.6029484124077373,0.388589288391727,-0.3579401588864808
1816,1.072284672644796,0.8349422591145773,1.0392567344579176,0.6274072498792604,-0.9397959619421117,1.2655692344944645,-0.3047716778806282,1.1963640758943304,0.10770386833877534,-0.7291201393350993,0.24795245606106683,0.20271377632764387
1817,1.5189368916501016,0.5437979254642791,0.25469788842745766,0.9348175597638171,0.5174606908415124,0.9868591070303111,0.9453090981047924,0.769295998515883,0.40317338157631893,1.2513874519787647,0.8839879154698819,1.4738117811207498
1818,-1.1633234040319644,0.3361470587653734,0.14488566954871637,-1.1368000998180714,0.07421516553163983,-0.8364144763630678,-2.0994106727902193,-1.085966003083573,-2.1753187605579223,-0.34688371440040117,-1.0500433638406914,-2.692256561913614
1819,-0.11871003302929051,-0.4350789476158558,1.3943488455520339,0.5339461418265238,-0.7624985733024648,0.6610118484435007,0.3801411404344753,0.0073336591377473415,0.4459252245412829,0.8678719189600085,0.04377357312030175,1.1386578454088514
1820,1.0234588197606687,-0.4774759710781424,0.540071927045493,-0.6047706022434186,0.17942334340216476,0.2160394401577783,-0.2336866656562623,0.900296570697054,0.031025820743624335,-0.1897256537784878,0.6312003989280475,0.04499354433228707
1821,-0.3605000331693468,-0.302790788145925,-0.6729462967705244,0.3880286932263235,-0.6228698294831716,-1.1364694159591484,-0.08739604609363887,-0.09350217595617222,0.08050984291311691,-0.22811560663966385,-0.35180002781012343,-0.5413955747292919
1822,0.41807107970247803,0.18473074871992518,0.41904037440782965,0.11871901659544569,0.3145380523830229,-1.0262018885542272,0.6875171913172013,-0.3029060613759867,-1.4165756400955052,-0.499635107625348,-0.6874284551769988,-1.4943406177319671
1823,-1.439101901801464,-0.4001134279822972,-0.49487277526364226,-2.196135302745252,1.0827525120118988,-0.9538998020333862,-1.2412053248980515,-1.6757498835995897,-1.2418371428109662,-1.5364162952349685,-2.065609647103956,-1.7053056964075004
1824,0.6698444214694019,1.5954455593021801,-0.069474090031184,1.4676531665578847,-0.08390068069637681,1.371837471951363,0.47012371291802707,0.6964621162282144,2.120199754065977,2.5897578751547425,-0.2774391020271223,1.3395265751491812
1825,1.5301464531215982,0.5617976428515223,0.9423509104071034,1.3340698148702645,-0.07088379460349274,1.4145077392421601,2.173397093485437,2.47014637382994,0.46840079398134893,0.06111704596828227,1.9237194921543173,2.3282435475150396
1826,-6.930900823764041,-5.877194385142614,-6.362658194376806,-0.8180737246834184,-0.03807161834772595,-2.024014081783224,-1.2771890858543422,-6.555365007498358,-0.41125481465283725,-2.088818742549169,-0.6525348506644658,-2.5907337924148512
1827,0.45626189921663984,-0.8027414417364912,0.41935470334682773,-0.17870854565070113,0.32700873588478124,-0.2578744008738441,-0.6062684504488605,-0.5333337471901788,-0.1386833059724028,-0.8131090048908465,-0.13300394923924166,-0.8676464859336359
1828,1.035426729082737,0.7646198480170789,1.04356181901941,1.5263474063407498,0.17063136053491157,0.9310465592606565,0.912543356614446,1.747867183240471,-0.07132627662067398,0.8873293108474947,0.5548631492907041,1.1664050764339653
1829,0.675732710095847,0.7573811522118287,0.3112490594488192,-0.8665993773203542,-0.16537917137586142,-0.5259747128138949,0.7516563072880431,0.38957753928631417,0.7611700660221293,2.2834637457610354,0.28335935925023353,1.7506880089429862
1830,-1.149403336952103,-0.9257113822981987,-0.43290074989152255,-0.7332577606078438,0.6978123092435271,-1.3485854240380346,-0.33813295554103956,-0.7968530376349575,0.19043846293434916,-0.9938525682546808,-0.5214909923077703,-1.2704972837815764
1831,-1.5243319336873504,-0.11699708793349636,-1.1399533974180796,-0.6728913934630479,-0.09726632103667496,0.4719970819587122,-0.7817104216067784,0.09469746931413714,-1.609040276139767,-0.33612900761725084,-0.6512192460925835,-0.8128147782380916
1832,0.8925065805258212,2.201478876715395,-0.3257861740640083,0.40232015301139934,0.4010775997469211,0.9527719181846741,0.2442101765675503,0.6504561662725015,0.5792233570660932,1.634332843487297,0.24112120260967213,1.3947905876273017
1833,0.43254387806397016,1.9749862660717385,0.06852881215442946,0.9569805307812629,-0.45367641410564846,0.9429219026662917,0.39709502507553773,1.3129894480468904,0.8310279262652192,-0.5971957360013314,1.0646287713843978,0.9095728480067671
1834,2.157754204286455,-0.33047612617325445,2.7211088229388696,0.14879638501634215,-0.20774695024103987,0.8396152168719696,2.3277631289844165,1.0522918722991337,2.724261115095136,6.276328768507746,2.0523133468575567,2.137892729759144
1835,0.07600894146785696,0.9106572556361833,-0.7129425506272256,-0.009210888878483363,-0.21365353089556643,-0.1219719681901252,-0.19530928655629895,0.30166406453882366,0.06867861833081057,-0.6225962442924272,-0.16971157885997765,0.2660068786999231
1836,-1.3497750255969971,0.21412399635700674,-1.063260496772522,-1.5162013526536586,0.6117400816692535,-0.6680778426192976,-0.7596711001818944,-1.1863720620412486,-1.4534155696847935,-1.7855676404483616,-0.8227977890080475,0.04426739492759895
1837,-1.2583074680880115,-0.23401627672839956,-1.1181103493710185,-0.5936574064550969,0.28665037045878383,-0.9013667688286525,-0.8700177072449145,-1.1096403830011399,-1.2883330860308346,-1.007643682048742,-1.6076867379915485,-0.6820777146732265
1838,0.3675443489277048,0.9845810522602484,0.6288957736427354,0.9933671273813429,-0.9616473149879781,0.2492705732685609,0.8722842918516855,1.7896264668832267,2.3132189767271853,-0.7460668695244215,0.8734985720092384,1.1651056776471544
1839,-1.7283770722816147,-0.6042528442125529,-1.158394060780018,-0.6460793890115076,-0.5927850551377642,-2.329428374601843,-2.339893866181376,-0.22425067328198564,-1.396824512804428,-0.9772569632546201,-1.3473299194350252,-2.0790595800989102
1840,2.662217671236115,1.353188413549758,1.6371836450480766,2.5923869948434586,-1.3413749115095595,1.9945884594997383,3.0149610248561274,2.048155980011494,3.690475951340816,1.8947102879480555,1.9575645781369753,2.2234032533938803
1841,-1.9344006261767064,-0.8548647940533223,-1.6794220716306953,-1.551221770984359,0.17600224811264553,-1.7077484729417625,-1.6462162186620968,-1.332291822320312,-1.7257679728275055,-2.635089663551664,-1.6239061374318353,-1.5779449077870862
1842,1.960625100919581,-0.23077519133332994,1.9300000981242087,1.3410349932965688,-0.1267721116164712,1.8026029846801015,0.21486166501829995,1.053235650812756,0.5158436927079362,1.4714789962536339,0.34095586237825487,1.2684880969014307
1843,2.700587396379401,1.1046237345835517,1.8830438109997434,1.5182374313188425,0.12282815089648681,2.356085841590885,2.473981123079649,1.6247033296890048,3.2781515914998707,1.0171249444249657,2.223186854594836,2.5656122119809988
1844,-1.0335446334878822,0.6991439456388895,-0.254262126309789,-0.12288637737524863,0.33116756621894805,-0.8307987044794812,-0.5954640109897384,0.7566280452625201,0.28958420909089144,-0.2796473013785627,0.44895826011113177,0.6628460296917613
1845,-0.3166220635241628,-5.601483230894776,0.007754193042504057,-1.284372027377277,0.9794428193457942,-1.1331076188672828,-1.3540173426287163,-5.466830179975062,-6.257768788745787,-1.379922071835994,-1.0426793279859647,-5.792188952253038
1846,-0.9550261673630709,-0.5442067426068604,-0.9914832421490604,-0.8233452697101707,0.38820145712886206,-0.5687688892774464,-0.6647234947266787,-0.5682102995829549,-0.7497536083877014,-0.9330080770567402,-1.4154056984210253,-0.42340247020411526
1847,-2.3603959356954642,1.2837776764689213,-0.6361466324631664,-0.5148228093065585,0.15275899448770888,0.3050446759974787,0.2115882117859504,-5.9297541813558565,-2.5443433971232,0.6607910708135913,-0.6651955414099352,-0.6478233346898131
1848,-0.9425133953353423,0.7682726959421117,-0.4234618477049172,0.9649476003812206,-0.28293853533896157,-0.12561965413666026,0.06454730891926576,0.15808567716158045,-0.49659240259206655,0.5556754310125703,-2.305565044525582,0.14886642932460678
1849,2.7161479135591056,1.6919946891319744,2.3373566718210532,1.397602483951947,-0.562181224291146,1.8679649377748346,3.032514614035012,1.9481395690896068,2.237727146244166,1.404452706069182,2.365994147082021,1.477271705976438
1850,-0.2817088104265745,-0.055863123151691424,-2.141727888569521,1.1429446080221461,-0.7362328298102331,0.7987239461933031,-0.14345767499238793,-1.606479403415031,-1.587137148438881,0.6179741848687741,-1.4961537313446813,0.05310581717111124
1851,1.5331264387224357,1.5257988965239948,0.35419693268616453,1.0424092491709849,-1.0673156068914702,0.7655904366560997,1.8325193485812696,1.503249826443768,2.6316342109006188,0.8897333496791557,1.343194555099446,0.37386310159740316
1852,-0.3299440587780434,1.6128349831522062,-0.20196751536355045,0.8873877228186831,0.438861944088768,0.9581420316039562,0.7463164499264128,1.1908869938787698,-0.08591462026986126,1.5394520435563046,0.5709265251187292,0.7576802644799302
1853,0.42574303852749,0.7496111485153149,0.06728195662745264,-0.42295764305128863,-0.07353233801668696,0.5821965853099921,-0.43347419677831694,-0.1385312556724402,3.465720304104157,-0.5951203642187948,1.8153375523408675,-0.41702304250611505
1854,-0.07445501279438814,0.6873877543363269,0.12355149192928873,-0.30742511716825643,-0.10002340501608711,-0.032352682544735785,1.3443745845539796,-0.5009462292046847,-0.9158908292749254,0.3584722912572818,0.17181844433816737,-0.23654824363036386
1855,-0.9746641987455167,-2.119664594380732,-0.25713878414973285,-1.8009160645619127,0.034557788582730856,-0.463748819455049,-1.1778291018249216,0.10626328466949715,0.22170711505783214,-1.0005521537425026,-0.37531546337961724,-0.8359301739661325
1856,-1.4061952828036592,-0.439754964106536,-0.36363476453833304,0.08103851229680642,0.1712895553224978,-1.3706762529432854,0.17150978179818452,0.11219905477537463,-1.5973791451874133,-0.4064946263089365,-1.3493683206153586,-0.9516119549522419
1857,-0.253478266046787,0.6655628096118266,-0.9680014503016935,1.1821043405499783,0.9673004763199283,0.3270293627439997,-1.0164342191791025,0.17383335733264432,0.20902839518827712,1.050467828641085,-0.6132132680226143,0.8781202321920718
1858,-7.799627510858391,-6.928704913887784,-7.184409228294473,-7.421717899914387,0.8634974936092504,-7.5261803378758705,-7.860316535098053,-10.199054579196153,-8.072708289337529,-7.286059700326894,-7.461445708674122,-7.766520262394747
1859,-0.9115969576589185,-0.24647052645656156,-0.13375430319077383,-0.7310599389827975,-0.5691636532558154,0.25511823319905685,-1.0986797713326117,0.714419526708781,-0.5387139923879515,-0.6979574986210354,-0.040597022361412646,0.4087628934633179
1860,-1.2424381022490794,-2.9138450888349383,-0.2812990077904045,-1.0614233420279504,0.560731569462198,-0.5813576633231274,-1.1551927895741645,-1.0372478088520314,-0.9305710157470088,-1.7466512363047593,-0.042355940594165004,-1.72745271257152
1861,1.8717326704100208,0.9405838649426999,0.25478009403610863,0.9464910271567778,0.03534385073197171,0.520682902527508,1.4738612846543557,-0.25697473588812575,1.2518789148188154,0.10260642225961386,1.7915175299582395,-0.05094771426684178
1862,7.162301949160833,0.010717798167507791,6.975672129409592,1.1251638000702266,0.36281250094948153,1.6627942975454866,0.42950254429339035,6.535116493348255,1.4068721168461513,1.2613172540484923,1.9258284798087681,6.252230693550158
1863,0.23710135245865355,0.6285282189075742,0.20694556666653394,2.502406220412937,-0.3531089244488337,0.3378664478325886,1.9123690270943823,0.22227766874471153,3.5856158049117837,1.6158380690795011,2.7890653281645728,-0.12052590978591618
1864,2.6308655636161484,2.1392324773962734,2.2717578408137102,0.987826963465485,0.15734250196147312,1.7187812271145984,1.6662809589411787,7.004516692483372,1.7590667073744342,1.6760547933128866,1.5755273117330617,2.404481999249572
1865,-0.4479169127810769,0.18322773955002888,-0.6583070428326543,1.610272957317633,-0.026461093388514646,0.49149376654350724,-0.009700212060814057,0.19708323136411632,0.37486287662693585,-0.17868838591208533,0.8123761471685312,1.3618963253803156
1866,0.7368090082703705,0.9235935298290326,0.47904795742220446,0.7932213050717785,-0.8352367756664584,0.3453214937299603,1.0186139997500432,0.9024229160691957,1.1632439637599241,1.0416174530403866,0.25592618322233857,0.7428287112086259
1867,1.3552228545508027,1.205032435216718,1.4445977733627395,0.6975200985230512,0.4225753840641021,1.8723337000811013,2.2475371520980643,1.952675746142801,0.9711345049682191,1.3383628292412642,1.6087001707230242,2.0019345139609475
1868,-0.023172676270578008,0.4506581165946082,0.098385785468182,0.8053226586853123,-0.8971980024571038,0.8872330693895103,1.4628637432637033,0.6957745503573316,0.09019837256338033,1.2941150685068792,0.10735056244933062,1.5510181024252514
1869,-0.016693256759831403,-0.02122181186158993,0.4592697726209536,-2.5264926829868224,0.8554648221919933,-0.40742632854690825,-0.24986002781540265,-0.4202651620624499,-1.2929926947844055,-0.4513650211991577,-0.40461846207934304,-1.432321246487386
1870,-0.8424663241325857,-0.31688220387514476,-0.396800730599378,-1.087531724785981,0.4456285128161941,0.21726235889309226,-1.5172629438006855,-0.9842946309660147,-1.6592175660410473,-1.1313245998146755,-1.3445814798238889,-1.2057120872576084
1871,-0.34073776298586667,0.35316638556158225,0.08337170381046057,1.7813885867387023,-0.6278566563669775,0.40246033256302044,0.5038202025867548,-0.29212393569295636,1.5896456648164792,-0.23690949889535998,0.7776392582240683,0.4814712897010668
1872,0.3764327041691432,-0.8021277226332316,0.5915524854585259,-1.0513855415981812,0.022496519734261554,0.08297516980816898,1.072956613848492,0.3204493858313079,0.41878209673801625,0.46985079075207914,0.2474329006952306,0.2830416942028477
1873,-1.1457917421981176,-0.6079593699606576,-0.7342093758744076,-1.015859012728689,0.5782315195431239,-0.8801712719096975,-1.2539661301130067,-1.0436319466109076,-1.4077742790975156,-1.0714278376073036,-1.2289278361407876,-1.2834371655860068
1874,-0.8777813844378773,-1.9106070453964359,-1.2064681954047496,-1.1881948694928797,0.05167513929719741,-0.03744963771412859,-1.3628149496542121,-0.08242811426162751,-0.8371651416456783,0.06418361014674169,-0.7623387276269311,-0.7953836668155647
1875,-0.20939575324009324,-1.5328985126193382,-0.914952556804535,-2.5228610218710674,0.28693289765556945,-2.4774460088182995,-1.7111498289365177,-1.4929737273021528,-1.5677588225766672,-1.5672461191816387,-0.9557388927515248,-2.8766229730929402
1876,0.034751123104298016,-0.922099030701483,-0.06937602754198474,0.30202427637547724,-0.9042887558923143,-0.17609557499209483,-0.6456949662777233,-0.5976817332572265,0.5526014612622555,0.5799002753261167,-1.1974572100362637,-0.11606631066974583
1877,0.34569661076277053,0.13863943739649584,-0.8040300377066596,-0.19357820971171777,-0.10302645415701593,-0.2902232560337279,-0.46681466675960337,-0.29211644589704644,-0.3194914059629496,-0.4406161787586677,-0.08753363147539343,-0.47684965793024325
1878,1.862313352982262,2.181490879574287,1.8748054836475294,2.743320477215438,0.5606626175253199,1.77575866547936,1.8878381893240186,1.8457229131722508,2.3025164086917638,1.8377623116328001,1.9960931940984503,2.296401075506886
1879,-0.20483351715471224,0.9882652896184904,-0.047421056511175,2.6210725460851885,0.8105494226694899,0.6152656720517827,-0.21503905430407694,0.774683337329286,0.9540180702676594,0.6162964939774214,0.915654040850703,2.3200589381053667
1880,0.370221129955631,0.4834652036774543,0.5704780982529403,0.08301932407412899,-0.6830814674817085,-0.03792477017517127,0.10503427548016263,-0.14258115813532288,0.19403004088243309,0.10426627055764784,-0.0810649290889736,0.03258629104929861
1881,-0.9726574387224093,-0.7937433621435079,-0.7699439905240602,-1.8512587515044623,0.04293233300971703,-2.383367277106838,-0.8663613623837262,-1.340715173908341,-1.5266334761445415,-2.268777406635341,-0.6589112493677182,-2.884843796054481
1882,-0.8697517503465522,-0.4873846663059709,-0.7161461653685154,-0.6644573418592559,0.8231276808502009,-1.0079041992269546,-1.039422506026438,-1.512288214705707,-0.8235670678450392,-0.4415844775830686,-0.4228962886834144,-0.6672477037280614
1883,-0.41661826995826196,0.4385579354369363,-0.9502655997109714,-0.3080997727166569,0.8359957035069231,0.05030443955094837,-0.5116915273441505,-0.7197869372457674,-1.166816918281691,-0.0012901205335389152,-0.5867437071471915,0.028125668500218626
1884,-0.8399774083472001,-1.8123055479790722,-1.1972608157032871,-0.463945587620105,0.05164576153570074,-1.444929536566905,-2.4768745091651216,-3.1854231969999818,-1.1317994905181157,-0.7367881129533879,-0.6313865584141781,-0.6761033418702036
1885,0.3189342368397102,-0.7240823701783219,0.19783508590612156,0.882049041133474,-0.32954431285940056,0.12941302346620792,0.14712491923361337,-1.0284303117607818,0.004678079039511389,-0.40127815825448576,0.11357142017488063,0.05747600167485857
1886,-1.3309505217314368,-0.8117621487183542,-0.5500452988360064,-0.6877195552022317,1.1098631161614056,-2.3255347297682363,-2.0112893169021797,-3.270699468620816,-1.5436935538836247,-1.3611506382300085,-2.325500608507084,-1.3476323559050702
1887,0.4776448963724957,-0.17736498590378735,0.2845314516365063,0.19996201335134162,-0.10216514977111596,0.4828845463225214,0.7959803138513254,-0.04211696566062293,0.3546062483892174,0.5116653322502933,0.29561443725920383,0.4743491203486785
1888,-0.86588668045944,-2.79549255563943,0.3469276159951183,0.290086644562524,-0.6912235049983928,-0.5673066228330459,-0.8481007246914691,-1.3394394510124694,-1.1766861540337805,-0.14890834362452074,-1.1765506392065759,-0.7250569927337187
1889,0.3681273881782905,0.849998657610131,1.033535968512425,0.12094550949881087,0.17093258618000554,0.3950306302032194,0.24304785867942433,0.22114101610461187,0.024172828474196304,0.7491961988791832,-0.12966467638429302,0.35249324416244554
1890,-0.8079688662199043,0.7700359585270113,-0.9400733761394585,-1.7555702752625053,1.3566255485672862,-0.4148538128089696,-1.4272900801264723,-1.3498807440592184,-0.42805226731004736,-1.1956578368981472,0.00961174580618813,-1.0881546725500912
1891,1.6515886959460433,2.1631078142032907,1.8303088295252503,1.7334134727330563,-0.2390498182863079,2.1748879514554544,1.3540285634392035,4.794816414376375,2.399530576031887,1.2281827970748282,2.5963574502666895,0.6477024165209732
1892,0.1846178530405578,0.10502089314413127,-0.028964937200631674,-1.1145571367251104,0.36010504671028937,0.4586743676887209,-0.09339645436849568,-0.3250789308594141,-0.10850532428165709,0.09922471142816554,-0.1365970082255175,0.016681608819028325
1893,0.40198909411445366,-0.907598119529365,-0.9788065428363564,-0.3652703108644315,-0.21185985938312618,-0.18887581949731325,0.6458961196215609,-0.10998005142997647,0.029114576089057344,0.3329239343501849,-0.4020387274248299,-0.0803599146086281
1894,-0.0047029907388334785,0.20651430956458866,-0.40296149971970663,0.07309103576620543,-0.5010122858401401,0.28144061782230057,0.5910839593928241,0.7469588486304956,0.862915910848724,-0.31638713163397014,0.15238224993965963,0.6249227544850489
1895,-0.1000853937946624,0.33946436485409975,-0.12925483834106302,0.48331121660279797,-0.37961175532643976,-0.11795550460538158,-0.3160082872308084,0.5492295147894697,0.9744748256862287,-1.1185944297731656,-0.5912516812177535,0.005125533040705769
1896,0.7057361474665298,-0.5554301489294587,1.558294913475726,0.17604539627411186,-1.538749830869092,0.7633429456380344,-0.7492643014819158,-1.2150965094041866,0.6027776510390283,0.1176203497969065,1.3938914612712219,-0.00020241915489604864
1897,0.2683000214050268,0.2937074805971634,0.19596066411340143,0.29523358038172126,-0.9289149484379047,0.6194261370850398,0.6614569334025268,0.15231870845872478,0.4412260969027037,0.7857069700760605,0.47984168074051425,0.6997061901534468
1898,-0.31610927155372154,-0.025888026207417536,-0.515023475839755,0.4547479313486123,0.04619021720726831,-0.30754222442727336,-1.6407906283302287,-0.8382728692489649,-1.5968011099662969,-0.4117404411319267,-1.0584762588286198,-0.33348595432382677
1899,1.5180383006494274,1.5315792481138553,1.3528506169048957,1.1337474239473766,-0.07200581532513715,1.2837654520979798,6.530302769911598,8.722343772828856,2.16920146457997,2.124145661738863,2.348519566128401,1.855712891770087
1900,-0.3429254322829808,1.5993219752155374,-0.39144256306998537,-0.48301331143647575,0.23965163335408357,-0.2642676724212196,0.14520689696697764,-0.25031466017095894,0.11322364153545197,0.18471373533074958,0.07131615242905029,0.15594792352742606
1901,1.370515395850092,0.8047004031657271,1.208028678721875,1.279305457933784,0.3030251371982923,1.4261838477568536,1.3946660639868436,1.292719168521335,0.1786172733422745,1.3501541464092213,1.3332409030131132,1.2975322878989242
1902,-0.046334743401484385,0.40451396867973316,-0.12491189034215526,0.4542693958865058,-0.4991888192846787,2.1971998010306804,-0.22087286649395024,0.36314879815010265,0.22478342968086937,2.684942606834626,-0.5408043768202473,1.6898527420795488
1903,-0.2762903602877917,0.5387720034042639,0.32301463117521145,0.6999355358502746,-0.3497669045846787,1.6245251716302496,0.8604477763360692,0.9012779900369342,0.9226004372949721,1.2298933242144632,0.7670760494912952,1.4044242756628529
1904,-1.8369070734004345,-0.8306363781386835,-1.5295774521277554,-0.9956990455232851,0.03687064386232633,-1.17194550437694,-1.8854686931792604,-2.4555240260790474,-1.2440898774099411,-3.0359310316908266,-1.0953132308292257,-2.6620943710499496
1905,-1.1190445889183396,-0.9964721868114649,-0.3507190902713579,-0.9801041528280019,-0.27878271695552637,-1.3003450488758441,-1.1446573934875062,-1.3600556843914726,-2.588718146289339,-0.7584247996842091,-1.3152686498306232,-2.6174354515771268
1906,0.46676875577968024,0.4280604398837734,0.0221475627437414,0.010235544666149616,0.6791928773986151,0.9960576310119659,0.28644768160356354,0.6694658035970678,-0.46438605131365196,0.7454721086181816,-0.44193087457974445,0.7578490694359755
1907,0.09660170370542129,0.3131919299866909,0.11045008957638339,-0.6153575114253445,0.6139518109524851,-1.0698850777671773,-2.5643675059287947,-0.258240232104843,-1.476340526290332,-3.1982801807519188,-0.6980247582890698,-1.4060910633528503
1908,0.6567557775845075,-0.5592615351157985,0.05381320086236667,-0.537677247741801,0.350358789783314,-0.6553154009703218,0.48501446463916764,-0.0444578005709424,-0.9976852068036809,-0.1006573585475463,0.0130246394341961,0.027053314936257143
1909,-1.1034987340371993,0.3051936588742684,-1.2183830327123755,-0.3073822008553583,0.5525422510602295,-0.3264444516831573,0.05666890511030562,-0.30533184098593413,-1.1082784175537979,-1.299539070421771,-0.7918525067264717,0.3549639794871204
1910,0.6313771942768627,1.4300315408299287,0.43304187792884413,2.3899643333364304,-1.3379820204095179,3.138260365077221,1.188396897833023,1.7803010487436328,1.2267926130673126,2.0183782914786135,2.2528657596562547,1.4167770425273931
1911,0.4780002480192855,0.4409294298909469,0.44185798249015307,1.2353091716738576,-0.9842443635421927,2.427198399980235,1.7642100513622387,2.0761645795348564,0.7980186164011358,1.7346674043389938,0.8673040640227727,2.267816395105301
1912,1.7425876534614493,0.5754556014162645,1.3133985129531522,-0.2979273309937306,-0.5412972247223038,-0.5396004491896357,0.5304484240813152,0.77035501218967,6.4355751898748474,0.9850269621712129,1.3300962600558517,1.7275729751718374
1913,-0.5609912126148184,-0.8280012669984618,-0.4712200459966697,-0.4850854611646545,0.42882435865848734,-2.0634515454464175,0.2927767800985876,-1.606573377313141,0.1367998850576032,-1.7746459469295723,-0.2533734713270533,-1.8237344140535183
1914,0.6864806859409408,0.10904995707613027,-0.025723794249918448,-0.06117195448136835,0.13447946900162253,-0.14266462236736807,0.6146093997502743,-0.13657553225774835,-0.5915386875041494,0.6618574594201293,-0.39317568409012876,0.8178322353127743
1915,-0.8860355070351369,-0.3483093591168732,-0.5941650399012027,-0.6012982895639296,0.22379666540531135,-2.9075332238254643,-0.6110252848556467,-0.1656276811170321,0.3011856419309924,-0.3433918173385974,0.37011497247725655,-0.07426027959431541
1916,-1.2708567388157275,-1.644698637909249,-0.44775775044037625,-0.8517158735288893,0.35903178626719534,-1.0512362425762778,-0.5739125469275289,-1.5906570464286596,-0.9076136065223307,-1.4425940981505392,-0.7073387339782771,-1.543608073378861
1917,0.30577107140337184,-0.3138200992277183,-0.37779335634715033,-0.33715994423691464,0.030950447033151435,0.34429927994753257,0.20436653426245183,0.2902036300518045,-0.7415563272155595,-0.19555973686572609,-1.9860489228957434,0.1869837175526611
1918,0.2342541140507527,-0.8010373115358764,0.0024477521964868733,-1.1857541275537258,0.45359276685085387,-1.3853236913019782,-1.6557370714995638,-2.1563487526253535,-1.3609697116743102,-0.7701954725945064,-0.7336608647500218,-2.443109590915875
1919,0.4853274795064171,-0.04498579076239541,0.8097102184743521,0.36437969594170727,0.1654032231441374,0.4655209448609056,0.40073518345539044,0.8640750156500436,1.1029434453315288,0.5106197878287612,1.2951987978899289,0.1673278639201989
1920,-0.05448107466760737,1.0173236508699195,0.4223409935199756,0.8229340632491364,-0.3407581794022368,-0.005500109272784818,0.5772532177377006,1.0716809446427873,0.15386004564979652,0.9982074359747608,0.7278706313428518,0.45434733680230155
1921,2.371669530584097,0.7836448007127734,0.3444527844241842,-0.17184341294153327,0.02551654972405029,1.0660168598276107,0.8139755957833121,0.5444296423646173,-0.08812500302671095,1.1313359513545385,-0.2841411135696219,1.5471820430301535
1922,-6.753700523710474,-0.9823086375838738,-1.304866403501087,-2.4276638086113964,0.4269152863133444,-1.7472370822922083,-6.912127355810832,-1.8434605892761375,-7.195646184753312,-0.9022662697631297,-2.3742520644004355,-5.586845776619708
1923,0.44186389638279605,-0.7185445317499216,-0.7978677837550621,-0.40659570313869114,-0.10610263973270011,0.19426985391429574,-0.00047526863226657833,-0.6712082442923337,-1.227245681075196,-0.7084968102716195,-0.21310839632581458,-0.17400155421593716
1924,0.5640796565036851,1.6123157302868938,0.1026132633145172,2.74069190706071,-0.6980804474125282,1.8089803048842898,0.41330797616383913,0.3244065002383163,0.9902674339711055,0.1401916134048236,0.6463180028623903,1.3499519096233366
1925,0.2798050853339924,-0.2840602220872323,0.44931382337496767,0.6863668226375329,-0.8405324861209794,0.41676391106245575,0.5804690377340775,0.8010565225679692,1.13439195551686,0.25381340884274245,0.7696318017020854,0.8038410830461378
1926,-0.5796614852416897,0.4285766309680345,-0.3345839876113968,0.40104267785014214,1.147156996734679,0.23896206262742978,-0.17380027900452436,-0.06266776509954049,-0.3213728374278404,0.06679182063213268,-0.36839614712122554,1.0728696757782719
1927,-1.1791671191140445,-0.6773251806081294,-0.3091164191991285,-1.6746680508625598,0.24633417891209483,-1.3581804765247527,-1.0500246006457445,-1.3770304504430553,-2.123000803527932,-0.1801836799531971,-1.2508260471946622,-1.0925497335459275
1928,0.5216172484246038,-0.953426311688394,0.5081257592278083,-1.0784650312309476,1.6528913218232288,-2.0498864792823053,-0.352154811969291,-2.8774604529444128,-0.33625089213131704,-1.9176270731837215,-0.6799553509041864,-9.311058739599947
1929,0.4526690532569555,1.163652799483012,-0.10710053105652002,1.6968491450567613,-1.5680277794069073,1.6514021351459078,0.39639360329597667,1.7480553029549497,0.511286301230222,1.4282272344500346,-0.14370485692743165,2.9515058616228993
1930,0.44712204175355524,0.8881492061409471,0.35969557916916367,0.959558475571671,-0.14371809525073137,0.31868833455327045,1.2985642146486667,0.24485123404164985,0.7432143757750215,0.7483186909134268,0.5675818706272103,0.7456410252198858
1931,-0.41798259749592415,-2.134233572561898,-0.09988944010200594,-0.8732147705675652,1.447653285890153,-1.739767045802576,-0.17583628039754834,-1.729891796936516,-0.13940998080281186,-0.9749645921730851,-0.9912514060623533,-1.3894734289911106
1932,0.8564846311961177,0.057317759231781736,0.08962523288904659,0.26683025229377144,-1.0752165711120236,1.120158708249863,0.49367770162754054,1.2212427949818534,0.6896794098375582,0.4147541118552931,0.1471190153850605,0.9885091006796236
1933,0.5408908431394283,-0.3325639323204977,-0.6078706994555494,-1.6494406057984579,0.6308774860493795,-1.0926983453605619,1.1086356426672999,-0.8174349934542795,1.570856887066904,-1.0590118449819104,0.2837290652362393,0.7553744447841552
1934,0.6139098392889825,-0.1495002857330057,0.42063446017572864,-0.1000294527546004,-1.5857875810405262,0.377708966234971,1.0884063608252619,0.6866068413106861,1.301802322948177,0.9050653533525734,0.521827173995382,2.2303563718437465
1935,1.7882561209236014,0.12381755398274749,0.6994248389719384,1.1593214360493336,-0.6698511815855337,0.4118408247065334,1.7913847513421823,1.9314204577514122,1.9228906143105462,0.6154506123231016,1.4924882662459769,2.6157803126096075
1936,-2.0023632546468155,-0.8622515903489808,-1.0143181013545985,-0.6910244210042693,0.31957739515727474,-1.8950274185646334,-1.3161477443092326,-1.4024600764247253,-0.8084092839254827,-2.6436662371314696,-0.7877148033660494,-1.4465420616296136
1937,0.4686428709995477,0.7164881941755135,0.48597480102956925,0.5413644355527438,-0.5156317179863307,1.1872385718114906,1.564500779164995,0.9568880308163993,1.0132586828072487,1.6688996431762932,1.4206767348396527,1.006962725496592
1938,0.48358000103028864,0.8050868169754882,-0.14380465726471323,0.015225694947197568,0.8812291132576092,-0.04089470508267934,0.35618101125722595,0.12008409104030555,0.2718143755176026,-0.3584492597831498,-0.02453985223580743,0.6717933175073055
1939,0.6221662087210248,1.0273165626522425,1.0271910227558436,-0.043585772849528005,0.10560823577584874,-0.04325750825782799,-0.4548669605179343,1.1640250110971757,1.087236594940633,-0.018435199805652613,0.266361868036967,0.6490282483498222
1940,0.48011804495956856,-0.5121516524510394,0.23236652312991107,0.6492802909630216,0.3191886344133447,1.1749185498858545,0.5299366992458444,1.038548026142694,1.0027618022707947,1.3902526113442604,1.002156309608913,1.611675286394316
1941,1.1746129080083898,-0.542311120262816,0.9031738869877278,0.7851122193824914,-1.5787371808881772,0.7644440654131479,1.5491911640024407,1.062444076852921,0.6313166583401041,1.0553367804569993,1.286728292306377,0.7924756364413458
1942,-0.11622216375138333,1.0452685330653377,1.3205957984697305,2.6806754612765444,-0.17026998954782088,2.0037772735954587,1.2199416689049958,0.976302650654215,0.5137318755125304,2.0535475455378194,1.0879433357789077,1.2796994956891463
1943,-0.6127557214148533,-0.7064305221857793,-0.7434608837835421,-0.1416824952554261,-0.2404438182675352,0.0043542799404914165,-1.9251839965728816,-1.0857306339317547,-1.0481350056801002,0.46937046695534923,-0.928891221728111,-0.27550099511112724
1944,1.0430452710481166,-0.21525653679262,-0.08133206947109715,-0.45350642069067704,-0.04693605152213657,0.2817797459588638,1.211776816923603,-0.10898950367607316,0.30223890769274564,0.14034082705375317,0.7241824632477655,0.04342030146584874
1945,1.8032217304230254,6.458815804667012,1.3453760708309785,7.347387646541697,-0.6600687438961342,6.694515565635436,1.8293096727555214,1.6898697620538026,6.575053679258539,1.878349584855918,6.261846978458095,2.1197203911240172
1946,-0.854010127004051,1.7121392096830503,0.8711525927307509,2.5864652354121884,-0.35180007899982646,1.0415107790410314,-0.4963601993374364,0.8575739032825102,0.8003210129397501,0.4118701587924187,-0.6613761788623116,1.6486628523024631
1947,-0.02798763207554921,-0.8793866330652568,0.8702928593354744,-0.3476276647512532,0.07948056605140563,-0.9631170962416932,0.28661347990080827,-0.36227280411009005,0.1305112438655523,0.21615410055610612,-0.217945570755803,-0.2834097058584618
1948,1.067346824454727,0.7257187397078247,0.628926622997907,0.7701554767024419,-0.12757512679427163,0.20682577854841105,0.36358911516512116,0.9282271718789527,0.38623197783890517,1.0256419629512092,0.07757474145194224,0.5175136537530297
1949,-1.4545445025851604,-0.7897592507557775,0.09076387660209606,0.22160820564315023,-0.3242150880797123,-0.2198400367880191,-1.0715555403569739,-0.38763384139759816,-0.032103387537574475,0.05057275818830413,-1.0332951683963072,0.004006786305072763
1950,-0.26638438749603904,-2.276443655041316,-0.17219810931756413,-0.9787199465158755,1.2067618171859686,-1.5802885909616178,-0.4515771161690611,-1.1688895156286874,-0.32883174527863024,-0.6489699397286729,0.4588847778974618,-0.7451812133379591
1951,-0.5346475582910756,-0.0212998507153638,0.5377859769279351,0.622319518943818,-0.6769819512638428,-1.5565399942343219,-0.5294186056089648,-0.8214477789477064,-0.16685341803244985,-0.5377211806609599,-0.5327609102996911,-0.47591536392349976
1952,0.046813234476166934,-1.2583650319040462,-0.7908493944353225,-8.412302063722723,-0.028327105354040084,-2.0844744689227017,-2.113282590253468,-0.6826966016025771,-0.9732711330887671,-0.21197107467477827,-1.3518447021370712,-0.08242385425981553
1953,-0.5087260190216925,-0.4018499062862402,0.09359093650884331,-0.6525137526659806,-0.6534971817727142,-0.9480806456131002,-0.07287086414268663,-0.35957736513829863,-0.9695440005792716,-0.3172997176574127,-0.8450766421933469,-0.1739027471705942
1954,-0.053500666587007625,-0.6245962924142778,-0.24958900047868265,0.15340418109535942,-0.14468457888321498,-0.48169396915926826,0.18593375344758634,0.3779902690201957,-0.6820383657294851,-0.37533130638555506,-0.012308722689789081,0.1754078984827461
1955,0.42662354817166787,-0.11672962466481371,0.03312193305319263,-0.5158572463154226,0.6715311657329035,-2.1332830509001606,0.145348880960674,-0.19240760472574253,-0.22463516098639855,-0.6828866678164148,0.8282432218649348,-0.09037827673504722
1956,-0.06259665068621333,-0.861569957567782,0.28230356196897777,-0.22635406225678148,-0.08049806804849093,0.9427386419804586,1.0529679213231082,0.3555355591569376,0.4537348328656098,1.242484361889018,1.2333888261918584,0.7050102252397487
1957,-2.2322268471774627,-2.189728145451423,-5.873245725748703,-4.460431016877555,2.225905601116791,-2.3518410627973885,-1.9123488231376213,-1.1592325060348905,-6.455102838632527,-6.017991654087902,-6.429928313736846,-5.883968879337722
1958,1.1619388105974233,0.9417845826530705,0.9335907268597515,1.0218668344657418,0.9003557340885643,0.37921279366799765,0.7279254153422051,0.08093494482380496,1.0873751021190818,0.24850321691677318,0.05463500995608689,0.7247640371079836
1959,0.002276318719519798,0.186754927044558,-0.4017619283782731,0.6304775662485993,-0.8437371443918037,0.6225590787449229,-0.9663498643812208,-0.03143457641475677,-0.8938952100139052,0.10032914289805574,-0.5910474192930445,0.1084456419452658
1960,0.5618987245046346,0.07212719862787902,-0.18490021377750834,-0.13724396034361983,0.08162525739013027,0.2796120228736362,1.5760577788281396,-0.05477108429180824,0.413350659186431,-0.5912512682656128,4.9240150915691325,-1.0247850649745203
1961,-1.3797786270481542,0.23422460205890816,-0.20881208870085183,0.024014673998504443,0.18117764809992473,-0.9538019703333754,-1.2343433045957788,-0.979627670390291,-1.1768438762651339,-1.0166738361970369,-0.3139393515653757,-1.0194686964935213
1962,0.6469840940897396,0.15822513793157353,0.3952216874219338,0.6390448534625245,0.17594590580018118,1.064661000417375,0.28597829344049724,0.3872353219111071,1.1814043351292045,0.550130544675479,0.9051273868577066,0.6600063779181847
1963,-0.09991621489635213,-1.102347370565015,-0.6980695760558224,-0.3026017095637848,1.274013413281863,-0.7188409808777471,-0.8137564394176541,-0.23291269498283557,-0.9937086580592969,-0.05499073305009942,-1.3261651769976481,-0.0635421291454541
1964,-0.3202532168766152,0.9852687921656846,-0.8114308002440939,-0.5881718626176569,-0.7711557624175405,-0.057281170067351034,-0.3838460998383391,-0.040110303404906,-0.1819863844387618,-0.12584086062953392,-0.46659181296360486,-0.22670172353180507
1965,0.27090952713225724,0.7028344075868814,0.39099276747935163,-0.8364001756763363,0.3004042680786264,0.7641557522832904,-1.1051554060156152,0.030729457182053527,-0.30890183772650065,0.22100976264607985,-1.3380881356587333,0.23842369849123984
1966,0.060500999090051556,0.27591389720718684,-0.04021127560464399,0.7087189736508451,-0.27328971029340976,0.23882661344980846,1.6801568307746755,0.7999504647370792,1.4265951865817486,0.9026949182266372,0.7823736283086422,0.7181677673043915
1967,2.8689010974432474,1.9831487153389702,6.299592820645491,6.654476331199334,-0.7302034230067362,6.739273141164799,7.5193578137781865,7.052434184209672,7.459808396828994,6.839429900240074,9.255831108298624,7.162682236134365
1968,-0.45232641420565706,0.8230853135445839,-0.26008517066592035,-1.6527576151220031,0.08152455437156537,-1.0419898634933202,-1.317332901837596,-1.2464581087265674,-0.40671248664925436,-0.49512899822286377,-1.5442258916030374,-1.4083718111435448
1969,-1.0569981760960114,-0.9946765397610962,-0.28107708613368687,-0.32181947218972784,-0.7577807983503675,-1.578167459358243,-0.4375575625827853,-0.8702353744901294,-0.2928484899958357,-2.5901528206430324,0.10358961981612011,-1.6115100175865493
1970,-0.7931563392182596,0.21489725973870863,-0.10304522912788365,-0.6019935890714131,-0.34275491216209564,-0.6778074786885131,-1.288957212623143,-0.7170387269841154,-1.03997258190116,-0.6651643323674231,-1.4234426951038894,-1.689748701214101
1971,0.06540488120579165,-0.5032965606000198,-0.41798157038143374,-0.4165398899025651,0.37786624966405447,-0.7869947318380782,-1.0721939216209695,-0.8993499590813928,-1.1333617583446838,-0.2336629756015247,-2.2239176683473363,-0.05940197904562686
1972,-0.5680430859290524,-0.9544980637220872,-1.0102788821182533,-0.9341162279145465,-0.21803765711201348,-1.1084682010971791,-0.9173860641999382,-1.0425185493938407,-1.1754593009391257,-1.2093068809207559,-1.4731929383148676,-1.0187550777774572
1973,-0.10136397811650233,-0.006717727746921817,-0.8505786772136795,-0.5737713779624315,0.2765834680375246,-0.39659306923203946,-0.2635831475216806,0.25244502837147464,-1.5996908718729625,0.8811756353091786,-1.7575779840932564,0.8169611452021598
1974,0.7502016546062337,0.14401675383241655,-0.862489315771767,-0.592456524470897,0.10686731268054281,-0.061647361400061454,0.06849090983281578,-0.8445298460284004,0.4490078572582015,0.039842182190512894,-1.5994336479184332,0.5827850139529285
1975,-0.25792303610537204,-1.8148598666574862,-0.5456092024616183,-1.8576888383641634,0.40727756703707024,-1.3297186988484595,-0.3939364643211426,-1.1885675689042123,-1.220193613933385,-1.4766594301046265,-1.3285109956966608,-0.35108268551382166
1976,-0.1973181956444144,-0.4041008628858215,-0.409476305007524,0.15882877978960114,0.673673781676216,-0.9977767243732752,-0.9356431999014567,-0.375239951167444,-0.506591329550251,-1.0757799119610496,-0.5848031259943455,-1.8141039458364678
1977,-2.218384609736486,-0.4374495591828126,-2.3390477166260406,-0.5665622589748098,-0.6567691167163467,-1.0728955457930838,-1.2707000266888093,-2.1777207879090703,-0.27984478019904996,-2.959723512581711,0.07646249663506084,-2.91237909534463
1978,-0.14522552044920367,0.7560315698510944,-0.3896617166595373,0.34101608545537054,0.02546574023690029,0.44931273488132184,-0.3962660157534374,0.48353273123006124,-0.1731365743036552,-0.1872183690608828,1.3258875239858168,-0.6356299878159022
1979,-0.137630076817833,-1.7188734304426112,-0.18823423819193008,-0.8502337345288407,0.145766722158178,-0.1117904500055937,-2.203581989849368,-1.961131589657394,-1.999779452005197,-2.3640070911360334,-1.3080633851848606,-0.845118475216669
1980,1.8574723078854942,1.8396785738250412,3.4228747831095925,6.978316106413648,-0.7228618861923995,7.376698501086125,2.1969603160113698,2.168589911517712,2.3352901580255185,3.069681793743737,3.7809116512828287,1.241649770497978
1981,-1.1507497277230003,0.1101024925682392,-1.10008431774108,-1.993991807637956,0.24674971991512593,-0.8689710295609719,-1.388591128195278,-0.6962263787082049,-1.0387657727436292,0.44162387990802526,-1.511619510379567,-0.8332680569896475
1982,0.47382331231279773,1.8639779822170484,0.16324329419444794,0.7292442217461966,0.10531543506558701,1.0033660892712217,2.734232410504125,1.377764132244579,1.987804818881445,2.686141272305984,2.0984964290553165,2.800780159954836
1983,0.6645580551558675,0.29465729432218846,-0.18084597641038455,-0.3259714138124123,0.6009473596205974,-1.175645347010563,0.9905048888547524,1.662503173212598,-0.25664334252410836,0.19743495086152782,0.9912577393341256,2.671397619805606
1984,0.6123182203720181,0.3013392073096906,0.49192386591955445,0.1414502339948141,-1.1094805402826906,-0.21863616456297622,-0.9982183616720365,-0.0585041019359172,-0.10979365696102349,0.3049643076786525,-1.4324746995215152,1.5698605683645617
1985,-1.9532764034859325,0.008321938421597971,-1.5715300154880751,-1.2071595643412738,0.1203659043266567,-2.8820130965354718,-2.8772374952088375,0.185442588848774,-2.193509300343224,-0.5003124735199057,-0.8431193786586991,-2.1592705133606507
1986,0.1399127909699867,-0.3945105562244242,0.16057901714381267,-0.1790601536957206,0.6960524593093779,-0.27679233756081817,0.11018551832672806,-0.25382009759728746,-0.1832411134141021,-0.04620516004514439,0.29220263442739247,0.11420945966822674
1987,0.8021120925734424,0.5261081194073547,1.6704761019600418,1.5119101491976095,-0.25750232943011325,2.0928141175110992,3.122543105210457,0.6332362427035333,0.6265109448884558,2.031280439615168,2.739191872313086,1.1766017953181889
1988,-0.6371911609431573,-0.9590341965242372,-0.7743417872681952,-1.1792013257506138,0.509792373261697,-1.589957697218586,-0.3733477986209848,-0.9466655157027403,-0.05779616953958167,-1.2993490663666047,1.4044592657844128,-1.6528351234220948
1989,1.6596672405932373,-0.29994136053001985,0.39785845822169386,-0.3810216666448797,0.7761563244831085,-1.220781249019198,0.907313438800864,-0.889347885613965,0.9191359399427276,-0.22486762540634375,0.5153646139854069,-1.906233622053748
1990,0.5017063312157444,-2.060884416599412,0.396690319416094,-2.059091405339901,0.11758365414235046,-1.8752322403401969,-2.238953092606919,-0.6871555397111807,-1.0258019214881398,-3.0247289935366175,-6.792390985683624,0.23529258851164428
1991,-0.7357234754670635,-0.34827732924708577,-1.7994634568955283,-2.0615371644974645,0.37248060722338305,-1.809807876946894,-1.7503764149499181,-0.5932736551860375,-0.538901820450387,-1.528398094896111,-5.857404582352918,-0.971482287071838
1992,0.24628061976732812,0.10990774399271826,1.8876939334144518,1.1295523910021652,-1.2849703567131645,2.3356619832669034,3.5022748390144303,1.6982702008541302,1.635875965405666,3.492460905588722,3.840944944188434,1.980426023624902
1993,0.020329863902115337,0.408845801950561,-0.24813081320870928,-0.027658879212077308,0.3149079706541664,-0.15533076921178124,-0.06674226141077055,0.05450652948168093,0.35259603526156175,-0.0887772185341551,0.6798933690677442,0.12599912972772367
1994,-1.7052460612821123,-1.0321206147279287,-2.081226214019379,-0.07622947592315248,0.04030728505733113,-0.43656490380159363,0.3348024047396376,-0.7764997845849018,0.004432319752818123,-0.49341999923535,-0.10849377701563095,-0.7208603136688505
1995,-0.8048243930519252,-0.9428196615656835,0.6487625451484739,0.6782795376733051,-0.5020185314957036,0.19697847365863988,-1.021484903921912,-0.25804465163917395,-0.42550236554733983,-0.11826041652352662,-0.4333118066038865,-0.13248048258764972
1996,-2.25152029604473,-0.16771547047543497,-1.5093285559851513,-0.23703859610964179,-0.11945922456707134,-0.8796961781788072,-2.008589186298941,-2.1450761527654483,-6.422796934845125,-0.8397908191419494,-6.580300668768366,-1.050198188327
1997,1.1824862627451767,0.3564588206594676,0.926430719310483,0.30268779519994987,0.6014699503615981,1.1074856818897645,-0.39399073945589375,0.9052373303675989,0.00016543945784528702,-0.2125686463808199,0.9171986754488706,0.7206279989142215
1998,0.14393398150428433,0.5433307679859077,1.0125572858271783,-0.9784805779460548,0.6713064237767438,0.062399402641374675,-0.6831306167018766,-0.19393920456845157,0.22513670176184383,0.38063751579360183,-0.9759337587280603,-0.26511550137378076
1999,3.1365896229549044,0.6330682747378978,2.3327651325202017,0.9350400661649266,0.22681641933090363,1.7292630092040477,1.3927726126152447,1.497906655172963,1.9555581852121222,1.264510345908195,1.6322781884971445,1.4142527317930402
2000,-0.32605858147695593,-0.45122514735532276,-1.6452810012145347,0.08829526337985953,1.3803103615876013,0.1423713450062749,-0.5151488160548133,-0.6598463250027801,-0.6835194154381292,-0.015712775069053362,0.07075202910234431,-0.6401872767019038
2001,-0.9405841061561363,-0.5920354531759973,-0.11362754173757102,0.23790381073021025,-0.645138517619306,0.2415632470664011,-0.16903786386262212,-0.6374365364595056,-0.6123369563621169,0.19778086049295784,-0.6894703272968286,-0.12621854445148653
2002,-0.3235744837474548,-0.0487499494103832,-0.0740534149739403,0.3952141646764614,-0.745448936930572,-0.8000843358933822,-1.0227870376640251,-1.3728968992937536,-0.2555987194256209,-0.0901263247893561,-0.5507865219278759,-0.6230545377936582
2003,-0.5545370854394384,-0.49136385077280703,0.42263911540442106,0.6101266888744336,-0.5218721907411651,0.39781166498042797,0.11346737108617598,0.6159894077388287,-0.18110503719100865,-0.20061077302912203,0.13538516042945314,0.12620005211290478
2004,-0.8524325505039572,-0.47962484907764963,-0.7931899833546516,-0.23355464323845446,0.3541026733204495,-0.8268528622008914,-1.5610728479043083,-0.04246012241138627,0.2282031436356379,-0.15012645266376823,0.09912886335682175,-1.2362645751652546
2005,2.6070872415283723,1.4390950287288862,1.701947769986335,2.0458997350827453,-0.38520261220106916,2.206859498113942,1.6130069029508258,1.9803703201915663,2.0204235301234967,1.9651171537953742,2.27990489557423,1.9334208852739392
2006,-0.001992760439350511,1.105214989937269,0.48553150234435954,0.014609225729676698,0.43642826477751906,1.239804705929788,-1.1651598904371796,0.4370531444200116,0.11963770150795075,-0.33040170059774676,0.7557205346892313,-0.16130746716288086
2007,-0.12967765036286585,-0.49622725341224533,-0.09328234880848356,1.5807932544624963,-1.4000307151464033,1.4871101568412626,6.165080536181731,0.4371337570338024,1.0464221298213883,1.0915455610101428,1.826804641682477,1.3343852415465864
2008,2.600988013426427,0.5410854847166994,1.2472401946970104,1.358988495511987,0.18771071525480884,1.5988728599146966,1.7882526432194488,1.369860411713476,2.648474724002377,0.43181280762549096,1.757848693931603,0.667928471478057
2009,0.801942033515926,0.5245204351243601,-0.18471120522175277,-0.2526806832036007,0.41736397099993755,0.09370878060558037,-0.06368916926034472,0.3612857381686579,1.1873652516869826,0.1992670256962746,-0.20822863803317204,0.18855486284312356
2010,-0.7273184721568727,-0.5694795880603344,-1.7567422137829338,-0.28513908921603603,-0.3612180681923078,-1.2223194592369373,-1.5120451441949294,-0.8031956927487526,0.4573305602709013,-1.2473115289309595,-0.46782623953832814,-0.4780257519844033
2011,-1.855260696771266,0.12858806981111914,-0.526431689096514,-6.184715050326543,0.3645727375429088,-6.338711270279583,-1.2912462979887123,-0.7154413758467315,-1.3122902328015358,-1.8323418231115496,0.5393300745928544,-0.9516575912094859
